name,regime,sublabel,n,code_bytes,base_rate,ece_always_benign,ece_oracle,ece_mmae,ece_clf,ece_rule,ece_guard,region_ent,mmae_pick,mmae_nis_pick,clf_pick,rule_pick,guard_pick,s_glob_benign_eng,s_spat_benign_eng,s_glob_packed_eng,s_glob_obf_eng,nis_benign_eng,nis_packed_eng,nis_obf_eng
icc_coreutils_64_O0_mknod,benign,clean,21704,23920,0.299438,0.002566,0.002566,0.002566,0.002566,0.002566,0.002566,5.628898,benign,benign,benign,benign,benign,0.813947,0.059456,0.813947,1.072887,452.020975,452.020975,782.808901
icc_coreutils_64_O0_logname,benign,clean,17869,19804,0.297387,0.003196,0.003196,0.003196,0.003196,0.003196,0.003196,5.610452,benign,benign,benign,benign,benign,0.877168,0.064681,0.877168,1.134499,445.153786,445.153786,769.333612
icc_coreutils_64_O2_getlimits,benign,clean,29374,32316,0.263703,0.001679,0.001679,0.001679,0.001679,0.001679,0.001679,6.155853,benign,benign,benign,benign,benign,0.668835,0.085178,0.668835,0.951631,475.407646,475.407646,813.439324
icc_coreutils_64_O0_pwd,benign,clean,21195,23592,0.298278,0.003798,0.003798,0.003798,0.003798,0.003798,0.003798,5.581237,benign,benign,benign,benign,benign,0.933439,0.061015,0.933439,1.193010,479.095859,479.095859,803.391358
gcc_coreutils_64_O2_mktemp,benign,clean,20162,22156,0.281867,0.003296,0.003296,0.281867,0.003296,0.003296,0.003296,6.162636,packed,packed,benign,benign,benign,0.679832,0.078947,0.678744,0.962008,500.159837,499.310337,824.470424
gcc_coreutils_64_O2_dirname,benign,clean,14582,15980,0.278905,0.004828,0.004828,0.004828,0.004828,0.004828,0.004828,6.223370,benign,benign,benign,benign,benign,0.671965,0.088253,0.671965,0.954628,472.382139,472.382139,793.792245
gcc_coreutils_64_O2_vdir,benign,clean,61575,67900,0.274803,0.003970,0.003970,0.274803,0.003970,0.003970,0.003970,6.290703,packed,packed,benign,benign,benign,0.592722,0.098739,0.592721,0.856527,404.260487,404.258402,724.417779
icc_coreutils_64_O3_unexpand,benign,clean,24698,26828,0.263584,0.002352,0.002352,0.002352,0.002352,0.002352,0.002352,6.289310,benign,benign,benign,benign,benign,0.600878,0.066117,0.600878,0.886531,405.433442,405.433442,750.157451
icc_coreutils_64_O0_pr,benign,clean,41888,46656,0.290656,0.001662,0.001662,0.001662,0.001662,0.001662,0.001662,5.779194,benign,benign,benign,benign,benign,1.112455,0.060266,1.112455,1.366686,440.096954,440.096954,759.279526
icc_coreutils_64_O3_numfmt,benign,clean,48776,53932,0.266217,0.003044,0.003044,0.266217,0.003044,0.003044,0.003044,6.205231,packed,packed,benign,benign,benign,0.579920,0.064592,0.579880,0.833771,354.945017,354.905064,679.353296
icc_coreutils_64_O0_sha224sum,benign,clean,37285,41084,0.321953,0.001748,0.001748,0.001748,0.001748,0.001748,0.001748,5.637531,benign,benign,benign,benign,benign,1.051014,0.040832,1.051014,1.283485,395.846467,395.846467,708.328362
gcc_coreutils_64_O1_tee,benign,clean,14873,16140,0.277886,0.002025,0.002025,0.277886,0.002025,0.002025,0.002025,6.199731,packed,packed,benign,benign,benign,0.595258,0.064298,0.595258,0.889495,428.071320,428.071305,780.029945
gcc_coreutils_64_O2_sort,benign,clean,61001,66684,0.275700,0.001429,0.001429,0.275700,0.001429,0.001429,0.001429,6.471766,packed,packed,benign,benign,benign,0.658022,0.065909,0.657654,0.946991,453.689048,453.397712,799.724147
icc_coreutils_64_O0_stat,benign,clean,61134,69752,0.285962,0.002506,0.002506,0.002506,0.002506,0.002506,0.002506,5.705256,benign,benign,benign,benign,benign,0.810299,0.085764,0.810299,1.043274,396.741628,396.741628,700.661040
icc_coreutils_64_O2_unlink,benign,clean,14590,15964,0.276971,0.003576,0.003576,0.003576,0.003576,0.003576,0.003576,6.181740,benign,benign,benign,benign,benign,0.689159,0.094479,0.689159,0.974260,469.580066,469.580066,790.200882
gcc_coreutils_64_O2_runcon,benign,clean,15837,17468,0.279409,0.003529,0.003529,0.003529,0.003529,0.003529,0.003529,6.204043,benign,benign,benign,benign,benign,0.666872,0.078084,0.666872,0.945128,496.933391,496.933391,814.766259
icc_coreutils_64_O2_chroot,benign,clean,17356,19116,0.280767,0.002187,0.002187,0.002187,0.002187,0.002187,0.002187,6.215405,benign,benign,benign,benign,benign,0.688354,0.077683,0.688354,0.967842,487.467825,487.467825,808.206695
icc_coreutils_64_O1_sha384sum,benign,clean,33619,36204,0.281954,0.001401,0.001401,0.281954,0.001401,0.001401,0.001401,6.166215,packed,packed,benign,benign,benign,0.575200,0.040413,0.575181,0.864509,425.368039,425.352217,801.890178
icc_coreutils_64_O1_shred,benign,clean,26752,28860,0.273512,0.001874,0.001874,0.273512,0.001874,0.001874,0.001874,6.182940,packed,packed,benign,benign,benign,0.608171,0.034506,0.607550,0.903403,438.982354,438.458649,805.627574
icc_coreutils_64_O3_touch,benign,clean,42929,47004,0.261408,0.002872,0.002872,0.002872,0.002872,0.002872,0.002872,6.291241,benign,benign,benign,benign,benign,0.664198,0.103811,0.664198,0.952962,450.177867,450.177867,789.015243
gcc_coreutils_64_O2_rm,benign,clean,33482,36860,0.279643,0.002236,0.002236,0.279643,0.002236,0.002236,0.002236,6.154760,packed,packed,benign,benign,benign,0.688903,0.093544,0.688901,0.967592,492.718418,492.717217,816.327878
gcc_coreutils_64_O3_factor,benign,clean,65718,72220,0.266578,0.001757,0.001757,0.266578,0.001757,0.001757,0.001757,6.199201,packed,packed,benign,benign,benign,0.733732,0.079461,0.733705,1.013942,450.506817,450.480908,793.448837
icc_coreutils_64_O2_pinky,benign,clean,18056,19852,0.280295,0.004964,0.004964,0.004964,0.004964,0.004964,0.004964,6.228545,benign,benign,benign,benign,benign,0.730509,0.080912,0.730509,1.019665,536.957134,536.957134,856.739373
gcc_coreutils_64_O1_hostid,benign,clean,13721,14796,0.273814,0.002770,0.002770,0.002770,0.002770,0.002770,0.002770,6.144950,benign,benign,benign,benign,benign,0.594778,0.067570,0.594778,0.887994,405.705626,405.705626,752.413983
gcc_coreutils_64_O1_dircolors,benign,clean,16599,17932,0.273872,0.003333,0.003333,0.003333,0.003333,0.003333,0.003333,6.156944,benign,benign,benign,benign,benign,0.703878,0.082273,0.703878,1.019918,505.084120,505.084120,857.653702
icc_coreutils_64_O0_tr,benign,clean,29638,32540,0.296680,0.002263,0.002263,0.002263,0.002263,0.002263,0.002263,5.661268,benign,benign,benign,benign,benign,0.872724,0.066956,0.872724,1.131132,437.581045,437.581045,773.693335
icc_coreutils_64_O3_vdir,benign,clean,81851,90188,0.268732,0.002519,0.002519,0.268732,0.002519,0.002519,0.002519,6.295867,packed,packed,benign,benign,benign,0.587440,0.096751,0.587440,0.854388,373.247031,373.246938,709.140812
icc_coreutils_64_O0_users,benign,clean,18951,20988,0.298507,0.003542,0.003542,0.003542,0.003542,0.003542,0.003542,5.599541,benign,benign,benign,benign,benign,0.830564,0.065363,0.830564,1.095313,477.983909,477.983909,808.981769
gcc_coreutils_64_O0_uname,benign,clean,18430,20380,0.297667,0.004483,0.004483,0.004483,0.004483,0.004483,0.004483,5.623018,benign,benign,benign,benign,benign,0.795376,0.053600,0.795376,1.061482,486.539228,486.539228,816.342071
gcc_coreutils_64_O0_dircolors,benign,clean,21566,23788,0.295048,0.003276,0.003276,0.003276,0.003276,0.003276,0.003276,5.597506,benign,benign,benign,benign,benign,1.085555,0.071549,1.085555,1.343513,445.198965,445.198965,774.705033
gcc_coreutils_64_O1_printenv,benign,clean,13694,14796,0.275449,0.003028,0.003028,0.003028,0.003028,0.003028,0.003028,6.139112,benign,benign,benign,benign,benign,0.573379,0.068792,0.573379,0.863593,398.139619,398.139619,748.954774
icc_coreutils_64_O0_sha384sum,benign,clean,49010,54380,0.279453,0.001283,0.001283,0.001283,0.001283,0.001283,0.001283,5.788289,benign,benign,benign,benign,benign,0.635652,0.102877,0.635652,0.858477,338.076913,338.076913,672.444443
gcc_coreutils_64_O3_logname,benign,clean,22628,24604,0.263832,0.003597,0.003597,0.003597,0.003597,0.003597,0.003597,6.139613,benign,benign,benign,benign,benign,0.639488,0.068697,0.639488,0.931250,456.259974,456.259974,795.820412
gcc_coreutils_64_O3_sha512sum,benign,clean,43017,46684,0.274473,0.001506,0.001506,0.274473,0.001506,0.001506,0.001506,6.215693,packed,packed,benign,benign,benign,0.632451,0.077653,0.632254,0.920430,427.892179,427.756671,789.550329
gcc_coreutils_64_O2_mknod,benign,clean,17714,19452,0.279779,0.002790,0.002790,0.002790,0.002790,0.002790,0.002790,6.169124,benign,benign,benign,benign,benign,0.656595,0.076739,0.656595,0.933794,476.946240,476.946240,798.758972
icc_coreutils_64_O0_getlimits,benign,clean,30393,33932,0.290725,0.002207,0.002207,0.002207,0.002207,0.002207,0.002207,5.710674,benign,benign,benign,benign,benign,0.869643,0.050190,0.869643,1.114103,393.133734,393.133734,722.196132
gcc_coreutils_64_O1_tsort,benign,clean,16850,18172,0.275312,0.002030,0.002030,0.002030,0.002030,0.002030,0.002030,6.198529,benign,benign,benign,benign,benign,0.689268,0.058589,0.689268,1.003555,496.942760,496.942760,845.274520
gcc_coreutils_64_O3_stdbuf,benign,clean,50265,55548,0.263583,0.002862,0.002862,0.263583,0.002862,0.002862,0.002862,6.230029,packed,packed,benign,benign,benign,0.640700,0.086297,0.640688,0.900927,379.484244,379.470211,711.305000
icc_coreutils_64_O1_nohup,benign,clean,15802,17068,0.273700,0.001796,0.001796,0.001796,0.001796,0.001796,0.001796,6.165855,benign,benign,benign,benign,benign,0.616230,0.074601,0.616230,0.910455,427.945444,427.945444,779.707400
icc_coreutils_64_O1_df,benign,clean,62880,68860,0.271088,0.002680,0.002680,0.002680,0.002680,0.002680,0.002680,6.187398,benign,benign,benign,benign,benign,0.533885,0.031961,0.533885,0.811425,393.648863,393.648863,760.300251
gcc_coreutils_64_O1_getlimits,benign,clean,28890,31452,0.264348,0.002065,0.002065,0.002065,0.002065,0.002065,0.002065,6.217104,benign,benign,benign,benign,benign,0.585305,0.049090,0.585305,0.877883,422.160397,422.160397,789.510692
icc_coreutils_64_O2_numfmt,benign,clean,38597,42908,0.269425,0.003228,0.003228,0.269425,0.003228,0.003228,0.003228,6.204946,packed,packed,benign,benign,benign,0.595863,0.080874,0.595852,0.839144,371.204105,371.192039,671.593076
icc_coreutils_64_O0_cp,benign,clean,97616,110544,0.289809,0.002273,0.002273,0.002273,0.002273,0.002273,0.002273,5.740622,benign,benign,benign,benign,benign,0.799304,0.071801,0.799304,1.035084,382.021095,382.021095,701.752369
icc_coreutils_64_O3_sha256sum,benign,clean,38138,41372,0.282317,0.001514,0.001514,0.001514,0.001514,0.001514,0.001514,6.351234,benign,benign,benign,benign,benign,0.573977,0.037411,0.573977,0.860842,405.018811,405.018811,758.574765
icc_coreutils_64_O1_chgrp,benign,clean,31467,33788,0.275845,0.002356,0.002356,0.002356,0.002356,0.002356,0.002356,6.201160,benign,benign,benign,benign,benign,0.636856,0.065799,0.636856,0.937853,466.485504,466.485504,830.009798
gcc_coreutils_64_O0_echo,benign,clean,13169,14572,0.302832,0.004252,0.004252,0.004252,0.004252,0.004252,0.004252,5.646423,benign,benign,benign,benign,benign,0.988683,0.093141,0.988683,1.260607,521.075706,521.075706,830.149745
icc_coreutils_64_O1_timeout,benign,clean,29483,31900,0.266967,0.001341,0.001341,0.266967,0.001341,0.001341,0.001341,6.218681,packed,packed,benign,benign,benign,0.554889,0.041597,0.554881,0.845621,410.015470,410.006910,779.821378
gcc_coreutils_64_O2_users,benign,clean,15357,16828,0.279091,0.003981,0.003981,0.003981,0.003981,0.003981,0.003981,6.180007,benign,benign,benign,benign,benign,0.668130,0.090994,0.668130,0.950467,464.054058,464.054058,786.208073
gcc_coreutils_64_O0_false,benign,clean,11947,13276,0.303507,0.004175,0.004175,0.004175,0.004175,0.004175,0.004175,5.606153,benign,benign,benign,benign,benign,0.953707,0.079868,0.953707,1.217409,472.998588,472.998588,782.012712
gcc_coreutils_64_O0_id,benign,clean,21826,24124,0.299322,0.002828,0.002828,0.002828,0.002828,0.002828,0.002828,5.664498,benign,benign,benign,benign,benign,0.920140,0.055086,0.920140,1.183803,477.491855,477.491855,801.639157
gcc_coreutils_64_O2_ln,benign,clean,30608,33628,0.284076,0.001869,0.001869,0.001869,0.001869,0.001869,0.001869,6.159149,benign,benign,benign,benign,benign,0.642576,0.082764,0.642576,0.917530,425.981309,425.981309,757.843941
gcc_coreutils_64_O2_comm,benign,clean,18157,19948,0.280112,0.003953,0.003953,0.003953,0.003953,0.003953,0.003953,6.247245,benign,benign,benign,benign,benign,0.732801,0.079116,0.732801,1.022375,512.371281,512.371281,838.514464
gcc_coreutils_64_O3_head,benign,clean,29006,31612,0.268772,0.002118,0.002118,0.002118,0.002118,0.002118,0.002118,6.246379,benign,benign,benign,benign,benign,0.597774,0.080011,0.597774,0.889681,431.150131,431.150131,778.164546
gcc_coreutils_64_O0_head,benign,clean,26224,29024,0.292747,0.002100,0.002100,0.002100,0.002100,0.002100,0.002100,5.607072,benign,benign,benign,benign,benign,1.169607,0.069322,1.169607,1.429471,452.244933,452.244933,787.129247
icc_coreutils_64_O3_fold,benign,clean,25144,27372,0.266823,0.002566,0.002566,0.002566,0.002566,0.002566,0.002566,6.232742,benign,benign,benign,benign,benign,0.546042,0.073261,0.546042,0.821052,376.919237,376.919237,715.705938
gcc_coreutils_64_O1_tty,benign,clean,13533,14620,0.275031,0.002815,0.002815,0.002815,0.002815,0.002815,0.002815,6.161569,benign,benign,benign,benign,benign,0.597168,0.070152,0.597168,0.889372,413.443013,413.443013,762.501107
gcc_coreutils_64_O3_tsort,benign,clean,28420,30924,0.264602,0.002932,0.002932,0.002932,0.002932,0.002932,0.002932,6.202046,benign,benign,benign,benign,benign,0.649350,0.055982,0.649350,0.952561,464.147267,464.147267,813.573746
icc_coreutils_64_O2_expr,benign,clean,70098,76524,0.268467,0.002727,0.002727,0.268467,0.002727,0.002727,0.002727,6.223750,packed,packed,benign,benign,benign,0.633564,0.068115,0.633554,0.927799,450.167222,450.159031,802.680375
icc_coreutils_64_O1_id,benign,clean,16941,18380,0.275545,0.002466,0.002466,0.002466,0.002466,0.002466,0.002466,6.180308,benign,benign,benign,benign,benign,0.609539,0.059319,0.609539,0.900103,434.415480,434.415480,786.655439
icc_coreutils_64_O0_od,benign,clean,50367,56592,0.284671,0.004610,0.004610,0.004610,0.004610,0.004610,0.004610,5.729468,benign,benign,benign,benign,benign,0.999252,0.102132,0.999252,1.237919,382.518452,382.518452,698.446480
icc_coreutils_64_O3_chroot,benign,clean,25854,28220,0.268353,0.002200,0.002200,0.268353,0.002200,0.002200,0.002200,6.176277,packed,benign,benign,benign,benign,0.577471,0.067757,0.577471,0.860311,404.818691,404.818691,742.329288
icc_coreutils_64_O1_sha256sum,benign,clean,28949,31068,0.290545,0.001869,0.001869,0.001869,0.001869,0.001869,0.001869,6.320701,benign,benign,benign,benign,benign,0.563057,0.042322,0.563057,0.850746,404.089640,404.089640,774.594486
icc_coreutils_64_O2_unexpand,benign,clean,16476,18108,0.276706,0.002786,0.002786,0.002786,0.002786,0.002786,0.002786,6.188837,benign,benign,benign,benign,benign,0.652922,0.077916,0.652922,0.930490,447.191799,447.191799,773.117261
icc_coreutils_64_O0_factor,benign,clean,67217,76460,0.280747,0.002505,0.002505,0.002505,0.002505,0.002505,0.002505,5.760423,benign,benign,benign,benign,benign,0.908477,0.088775,0.908477,1.141648,384.940490,384.940490,704.469801
icc_coreutils_64_O1_cp,benign,clean,79947,88396,0.268053,0.002391,0.002391,0.002391,0.002391,0.002391,0.002391,6.146618,benign,benign,benign,benign,benign,0.513217,0.028786,0.513217,0.772084,380.678080,380.678080,729.988961
icc_coreutils_64_O2_mknod,benign,clean,17714,19452,0.279779,0.002790,0.002790,0.002790,0.002790,0.002790,0.002790,6.169124,benign,benign,benign,benign,benign,0.656595,0.076739,0.656595,0.933794,476.946240,476.946240,798.758972
gcc_coreutils_64_O0_nohup,benign,clean,20210,22476,0.298169,0.003306,0.003306,0.003306,0.003306,0.003306,0.003306,5.612343,benign,benign,benign,benign,benign,1.041787,0.062322,1.041787,1.309797,513.933144,513.933144,837.614938
gcc_coreutils_64_O3_setuidgid,benign,clean,25564,27836,0.267173,0.003045,0.003045,0.003045,0.003045,0.003045,0.003045,6.211521,benign,benign,benign,benign,benign,0.581421,0.071556,0.581421,0.862119,399.720197,399.720197,737.749260
icc_coreutils_64_O1_mktemp,benign,clean,19482,21068,0.276409,0.001391,0.001391,0.276409,0.001391,0.001391,0.001391,6.181607,packed,packed,benign,benign,benign,0.676276,0.047272,0.675423,0.979214,495.397383,494.678249,848.387741
icc_coreutils_64_O3_mv,benign,clean,88097,98332,0.271905,0.002082,0.002082,0.271905,0.002082,0.002082,0.002082,6.223356,packed,packed,benign,benign,benign,0.664418,0.072554,0.664392,0.922063,428.270923,428.244679,748.257317
gcc_coreutils_64_O0_sum,benign,clean,23994,26588,0.296783,0.002264,0.002264,0.002264,0.002264,0.002264,0.002264,5.722606,benign,benign,benign,benign,benign,0.926831,0.066031,0.926831,1.183183,429.822824,429.822824,757.814339
icc_coreutils_64_O2_comm,benign,clean,18157,19948,0.280112,0.003953,0.003953,0.003953,0.003953,0.003953,0.003953,6.247245,benign,benign,benign,benign,benign,0.732801,0.079116,0.732801,1.022375,512.371281,512.371281,838.514464
gcc_coreutils_64_O3_mv,benign,clean,88097,98332,0.271905,0.002082,0.002082,0.271905,0.002082,0.002082,0.002082,6.223356,packed,packed,benign,benign,benign,0.664418,0.072554,0.664392,0.922063,428.270923,428.244679,748.257317
icc_coreutils_64_O0_make-prime-list,benign,clean,2640,2844,0.320076,0.005534,0.005534,0.005534,0.005534,0.005534,0.005534,5.701042,benign,benign,benign,benign,benign,0.767884,0.078679,0.767884,1.000531,350.809153,350.809153,669.916733
icc_coreutils_64_O3_[,benign,clean,19053,20860,0.270614,0.006202,0.006202,0.006202,0.006202,0.006202,0.006202,6.226095,benign,benign,benign,benign,benign,0.661470,0.075418,0.661470,0.955344,498.225183,498.225183,817.616880
gcc_coreutils_64_O2_du,benign,clean,65172,72028,0.274443,0.001899,0.001899,0.274443,0.001899,0.001899,0.001899,6.183706,packed,packed,benign,benign,benign,0.686749,0.085869,0.686740,0.969765,484.577725,484.572273,815.489914
gcc_coreutils_64_O3_printf,benign,clean,30682,34012,0.268594,0.003498,0.003498,0.268594,0.003498,0.003498,0.003498,6.214916,packed,packed,benign,benign,benign,0.646893,0.099137,0.646858,0.895502,380.208915,380.169608,685.420085
gcc_coreutils_64_O3_wc,benign,clean,28396,30812,0.264826,0.001870,0.001870,0.001870,0.001870,0.001870,0.001870,6.247086,benign,benign,benign,benign,benign,0.620742,0.071194,0.620742,0.915572,440.873764,440.873764,790.068919
gcc_coreutils_64_O2_join,benign,clean,23538,25788,0.276702,0.001898,0.001898,0.001898,0.001898,0.276702,0.001898,6.304758,benign,benign,benign,packed,benign,0.653207,0.106023,0.653207,0.938997,473.414917,473.414917,809.779048
gcc_coreutils_64_O0_getlimits,benign,clean,30393,33932,0.290725,0.002207,0.002207,0.002207,0.002207,0.002207,0.002207,5.710674,benign,benign,benign,benign,benign,0.869643,0.050190,0.869643,1.114103,393.133734,393.133734,722.196132
gcc_coreutils_64_O2_kill,benign,clean,16081,17692,0.284311,0.002985,0.002985,0.002985,0.002985,0.002985,0.002985,6.153182,benign,benign,benign,benign,benign,0.646146,0.078728,0.646146,0.920357,444.866444,444.866444,768.571578
icc_coreutils_64_O2_tac,benign,clean,69043,75196,0.266964,0.002394,0.002394,0.266964,0.002394,0.002394,0.002394,6.300328,packed,packed,benign,benign,benign,0.653207,0.066015,0.653197,0.955663,467.280579,467.272262,824.948361
gcc_coreutils_64_O3_stat,benign,clean,54476,60412,0.270908,0.003449,0.003449,0.270908,0.003449,0.003449,0.003449,6.217201,packed,packed,benign,benign,benign,0.636811,0.071261,0.636796,0.890769,356.845925,356.827998,677.427944
icc_coreutils_64_O0_paste,benign,clean,20328,22380,0.296389,0.003727,0.003727,0.003727,0.003727,0.003727,0.003727,5.724161,benign,benign,benign,benign,benign,0.907388,0.046471,0.907388,1.181879,537.829790,537.829790,867.762857
icc_coreutils_64_O0_sort,benign,clean,80142,88528,0.294839,0.001259,0.001259,0.001259,0.001259,0.001259,0.001259,5.784308,benign,benign,benign,benign,benign,0.969199,0.073855,0.969199,1.221930,394.472019,394.472019,740.564910
icc_coreutils_64_O1_rmdir,benign,clean,26850,29740,0.269609,0.004497,0.004497,0.269609,0.004497,0.004497,0.004497,6.178488,packed,benign,benign,benign,benign,0.531838,0.041668,0.531838,0.789715,369.116864,369.116864,708.657037
icc_coreutils_64_O2_factor,benign,clean,53149,58732,0.268679,0.002829,0.002829,0.268679,0.002829,0.002829,0.002829,6.162821,packed,packed,benign,benign,benign,0.710983,0.085511,0.710970,0.981350,437.398297,437.384448,768.473807
icc_coreutils_64_O1_cut,benign,clean,23617,25372,0.275141,0.002190,0.002190,0.002190,0.002190,0.002190,0.002190,6.128351,benign,benign,benign,benign,benign,0.633975,0.080203,0.633975,0.930114,433.937666,433.937666,799.375729
icc_coreutils_64_O2_readlink,benign,clean,22844,24972,0.282087,0.001789,0.001789,0.282087,0.001789,0.001789,0.001789,6.214588,packed,packed,benign,benign,benign,0.613815,0.081502,0.613815,0.891582,432.424202,432.424101,765.637388
gcc_coreutils_64_O3_[,benign,clean,19053,20860,0.270614,0.006202,0.006202,0.006202,0.006202,0.006202,0.006202,6.226095,benign,benign,benign,benign,benign,0.661470,0.075418,0.661470,0.955344,498.225183,498.225183,817.616880
icc_coreutils_64_O0_hostid,benign,clean,17803,19740,0.298040,0.003376,0.003376,0.003376,0.003376,0.003376,0.003376,5.577872,benign,benign,benign,benign,benign,0.821525,0.063878,0.821525,1.080251,437.941241,437.941241,764.887735
gcc_coreutils_64_O3_uptime,benign,clean,30570,33308,0.268466,0.002943,0.002943,0.268466,0.002943,0.002943,0.002943,6.190950,packed,packed,benign,benign,benign,0.563460,0.061364,0.563424,0.845150,408.076480,408.042330,743.285874
gcc_coreutils_64_O0_hostid,benign,clean,17803,19740,0.298040,0.003376,0.003376,0.003376,0.003376,0.003376,0.003376,5.577872,benign,benign,benign,benign,benign,0.821525,0.063878,0.821525,1.080251,437.941241,437.941241,764.887735
gcc_coreutils_64_O3_expr,benign,clean,102618,111532,0.260529,0.002577,0.002577,0.260529,0.002577,0.002577,0.002577,6.299895,packed,packed,benign,benign,benign,0.631252,0.070315,0.631252,0.926653,441.902399,441.902169,805.788948
gcc_coreutils_64_O0_tr,benign,clean,29638,32540,0.296680,0.002263,0.002263,0.002263,0.002263,0.002263,0.002263,5.661268,benign,benign,benign,benign,benign,0.872724,0.066956,0.872724,1.131132,437.581045,437.581045,773.693335
gcc_coreutils_64_O2_seq,benign,clean,29263,32508,0.271162,0.002900,0.002900,0.271162,0.002900,0.002900,0.002900,6.308445,packed,packed,benign,benign,benign,0.613930,0.074297,0.613896,0.866112,406.663303,406.628588,711.657536
icc_coreutils_64_O2_false,benign,clean,10153,11132,0.279819,0.004263,0.004263,0.004263,0.279819,0.279819,0.004263,6.186658,benign,benign,packed,packed,benign,0.654416,0.117406,0.654416,0.932326,433.363745,433.363745,752.144057
icc_coreutils_64_O1_csplit,benign,clean,72304,77756,0.265670,0.001061,0.001061,0.265670,0.001061,0.001061,0.001061,6.210255,packed,packed,benign,benign,benign,0.688190,0.040992,0.688139,0.994319,471.764818,471.717388,850.239370
gcc_coreutils_64_O1_shuf,benign,clean,25037,26956,0.279586,0.003199,0.003199,0.279586,0.003199,0.003199,0.003199,6.199117,packed,packed,benign,benign,benign,0.591194,0.063442,0.590530,0.880989,417.314057,416.754479,777.029376
gcc_coreutils_64_O0_stat,benign,clean,61134,69752,0.285962,0.002506,0.002506,0.002506,0.002506,0.002506,0.002506,5.705256,benign,benign,benign,benign,benign,0.810299,0.085764,0.810299,1.043274,396.741628,396.741628,700.661040
gcc_coreutils_64_O1_fold,benign,clean,15447,16716,0.276235,0.003017,0.003017,0.003017,0.003017,0.003017,0.003017,6.186827,benign,benign,benign,benign,benign,0.657349,0.078872,0.657349,0.955338,447.628946,447.628946,802.853233
gcc_coreutils_64_O2_stdbuf,benign,clean,41281,45964,0.265643,0.002822,0.002822,0.265643,0.002822,0.002822,0.002822,6.154161,packed,packed,benign,benign,benign,0.613313,0.078970,0.613308,0.867121,402.535052,402.529477,718.627735
gcc_coreutils_64_O1_chmod,benign,clean,30625,32924,0.278563,0.002413,0.002413,0.002413,0.002413,0.002413,0.002413,6.304194,benign,benign,benign,benign,benign,0.632930,0.066042,0.632930,0.931196,452.911513,452.911513,819.142477
gcc_coreutils_64_O1_rmdir,benign,clean,26850,29740,0.269609,0.004497,0.004497,0.004497,0.004497,0.004497,0.004497,6.178488,benign,benign,benign,benign,benign,0.531838,0.041668,0.531838,0.789715,369.116864,369.116864,708.657037
icc_coreutils_64_O1_[,benign,clean,15342,16668,0.279494,0.002701,0.002701,0.002701,0.002701,0.002701,0.002701,6.181169,benign,benign,benign,benign,benign,0.714160,0.067771,0.714160,1.013452,471.493975,471.493975,821.229268
gcc_coreutils_64_O3_tail,benign,clean,46951,51516,0.271943,0.003228,0.003228,0.003228,0.003228,0.003228,0.003228,6.289790,benign,benign,benign,benign,benign,0.558377,0.063783,0.558377,0.831111,395.781749,395.781749,735.562411
gcc_coreutils_64_O2_nohup,benign,clean,16270,17948,0.282606,0.001776,0.001776,0.001776,0.001776,0.001776,0.001776,6.167000,benign,benign,benign,benign,benign,0.623562,0.070198,0.623562,0.894483,435.077606,435.077606,751.115194
gcc_coreutils_64_O3_split,benign,clean,48745,53564,0.265566,0.002739,0.002739,0.002739,0.002739,0.002739,0.002739,6.165191,benign,benign,benign,benign,benign,0.634664,0.093443,0.634664,0.915412,438.115584,438.115584,782.193094
gcc_coreutils_64_O0_cp,benign,clean,97616,110544,0.289809,0.002273,0.002273,0.002273,0.002273,0.002273,0.002273,5.740622,benign,benign,benign,benign,benign,0.799304,0.071801,0.799304,1.035084,382.021095,382.021095,701.752369
icc_coreutils_64_O0_id,benign,clean,21826,24124,0.299322,0.002828,0.002828,0.002828,0.002828,0.002828,0.002828,5.664498,benign,benign,benign,benign,benign,0.920140,0.055086,0.920140,1.183803,477.491855,477.491855,801.639157
icc_coreutils_64_O2_runcon,benign,clean,15837,17468,0.279409,0.003529,0.003529,0.003529,0.003529,0.003529,0.003529,6.204043,benign,benign,benign,benign,benign,0.666872,0.078084,0.666872,0.945128,496.933391,496.933391,814.766259
gcc_coreutils_64_O2_md5sum,benign,clean,21092,23148,0.280296,0.002368,0.002368,0.002368,0.002368,0.002368,0.002368,6.471591,benign,benign,benign,benign,benign,0.765144,0.075886,0.765144,1.063120,567.277509,567.277509,893.970998
icc_coreutils_64_O3_paste,benign,clean,24675,26876,0.263830,0.001660,0.001660,0.001660,0.001660,0.001660,0.001660,6.180708,benign,benign,benign,benign,benign,0.586409,0.060687,0.586409,0.870426,408.897527,408.897527,752.825995
gcc_coreutils_64_O0_yes,benign,clean,17951,19868,0.297309,0.003571,0.003571,0.003571,0.003571,0.003571,0.003571,5.670198,benign,benign,benign,benign,benign,0.869867,0.066333,0.869867,1.130710,452.514821,452.514821,778.682805
icc_coreutils_64_O3_sha224sum,benign,clean,38141,41372,0.282295,0.001478,0.001478,0.001478,0.001478,0.001478,0.001478,6.351234,benign,benign,benign,benign,benign,0.573017,0.037690,0.573017,0.859927,403.871402,403.871402,757.759055
gcc_coreutils_64_O3_chroot,benign,clean,25854,28220,0.268353,0.002200,0.002200,0.268353,0.002200,0.002200,0.002200,6.176277,packed,benign,benign,benign,benign,0.577471,0.067757,0.577471,0.860311,404.818691,404.818691,742.329288
gcc_coreutils_64_O2_uniq,benign,clean,20609,22636,0.281139,0.001615,0.001615,0.001615,0.001615,0.001615,0.001615,6.201352,benign,benign,benign,benign,benign,0.706409,0.085172,0.706409,0.991568,514.150619,514.150619,836.419203
gcc_coreutils_64_O2_printf,benign,clean,26970,30044,0.268001,0.003731,0.003731,0.268001,0.003731,0.003731,0.003731,6.214141,packed,packed,benign,benign,benign,0.614731,0.096079,0.614717,0.863307,394.175216,394.160020,689.113084
gcc_coreutils_64_O3_printenv,benign,clean,22529,24540,0.265081,0.002472,0.002472,0.265081,0.002472,0.002472,0.002472,6.199826,packed,packed,benign,benign,benign,0.625796,0.061300,0.625742,0.915403,449.694056,449.648806,790.171578
gcc_coreutils_64_O1_tr,benign,clean,22152,23900,0.270450,0.001894,0.001894,0.001894,0.001894,0.001894,0.001894,6.108528,benign,benign,benign,benign,benign,0.626313,0.042340,0.626313,0.929386,484.717401,484.717401,842.771782
gcc_coreutils_64_O3_true,benign,clean,12451,13612,0.273392,0.002101,0.002101,0.002101,0.002101,0.002101,0.002101,6.216828,benign,benign,benign,benign,benign,0.527869,0.104440,0.527869,0.794330,355.305445,355.305445,674.765937
icc_coreutils_64_O2_realpath,benign,clean,36801,40540,0.272112,0.001560,0.001560,0.272112,0.001560,0.001560,0.001560,6.150154,packed,packed,benign,benign,benign,0.630164,0.090764,0.630163,0.905308,428.626866,428.626484,769.379945
icc_coreutils_64_O3_chcon,benign,clean,45612,50092,0.271595,0.001603,0.001603,0.001603,0.271595,0.271595,0.001603,6.253456,benign,benign,packed,packed,benign,0.714220,0.115358,0.714220,1.011483,513.828185,513.828185,852.128408
gcc_coreutils_64_O0_setuidgid,benign,clean,21193,23420,0.298164,0.003387,0.003387,0.003387,0.003387,0.003387,0.003387,5.566423,benign,benign,benign,benign,benign,0.892257,0.061036,0.892257,1.155662,481.672700,481.672700,808.971093
gcc_coreutils_64_O1_stty,benign,clean,35053,38748,0.267994,0.003412,0.003412,0.003412,0.003412,0.003412,0.003412,6.172740,benign,benign,benign,benign,benign,0.539168,0.035028,0.539168,0.805216,387.292981,387.292981,735.112131
gcc_coreutils_64_O0_mktemp,benign,clean,26654,29664,0.295528,0.002618,0.002618,0.002618,0.002618,0.002618,0.002618,5.586071,benign,benign,benign,benign,benign,0.768569,0.065958,0.768569,1.019985,412.323503,412.323503,741.425874
icc_coreutils_64_O0_pinky,benign,clean,22227,24576,0.296081,0.002840,0.002840,0.002840,0.002840,0.002840,0.002840,5.655081,benign,benign,benign,benign,benign,1.110134,0.091470,1.110134,1.381378,508.080499,508.080499,834.255398
icc_coreutils_64_O0_dir,benign,clean,76661,84528,0.289848,0.003025,0.003025,0.289848,0.003025,0.003025,0.003025,5.677662,packed,benign,benign,benign,benign,0.833172,0.074731,0.833172,1.093187,417.769335,417.769335,751.814297
gcc_coreutils_64_O1_chgrp,benign,clean,31467,33788,0.275845,0.002356,0.002356,0.002356,0.002356,0.002356,0.002356,6.201160,benign,benign,benign,benign,benign,0.636856,0.065799,0.636856,0.937853,466.485504,466.485504,830.009798
icc_coreutils_64_O0_printf,benign,clean,35843,40812,0.286081,0.005836,0.005836,0.005836,0.286081,0.286081,0.005836,5.613846,benign,benign,packed,packed,benign,1.328502,0.126967,1.328502,1.560256,417.720551,417.720551,712.995546
icc_coreutils_64_O1_rm,benign,clean,32011,34412,0.276436,0.002183,0.002183,0.002183,0.002183,0.002183,0.002183,6.177047,benign,benign,benign,benign,benign,0.630073,0.072160,0.630073,0.927877,452.289625,452.289625,817.005035
gcc_coreutils_64_O1_mkdir,benign,clean,31290,34556,0.273857,0.003887,0.003887,0.003887,0.003887,0.003887,0.003887,6.236955,benign,benign,benign,benign,benign,0.532644,0.041706,0.532644,0.794589,386.218482,386.218482,727.732308
icc_coreutils_64_O1_seq,benign,clean,29984,33100,0.269911,0.002911,0.002911,0.002911,0.002911,0.002911,0.002911,6.159796,benign,benign,benign,benign,benign,0.532819,0.035527,0.532819,0.795779,392.260082,392.260082,735.717584
icc_coreutils_64_O1_numfmt,benign,clean,38310,42044,0.266353,0.002466,0.002466,0.002466,0.002466,0.002466,0.002466,6.173644,benign,benign,benign,benign,benign,0.602584,0.101840,0.602584,0.879828,419.900970,419.900970,768.534398
gcc_coreutils_64_O3_timeout,benign,clean,38103,41836,0.262761,0.001927,0.001927,0.001927,0.001927,0.001927,0.001927,6.185204,benign,benign,benign,benign,benign,0.647475,0.082934,0.647475,0.932194,443.438605,443.438605,788.119570
icc_coreutils_64_O2_who,benign,clean,30261,33692,0.267407,0.003324,0.003324,0.267407,0.003324,0.003324,0.003324,6.155115,packed,packed,benign,benign,benign,0.600081,0.066787,0.600064,0.849184,396.394835,396.376868,699.433997
icc_coreutils_64_O3_pinky,benign,clean,26434,28828,0.267459,0.002674,0.002674,0.002674,0.002674,0.002674,0.002674,6.200066,benign,benign,benign,benign,benign,0.574459,0.073782,0.574459,0.853062,403.357130,403.357130,742.106168
gcc_coreutils_64_O3_dir,benign,clean,81851,90188,0.268732,0.002519,0.002519,0.268732,0.002519,0.002519,0.002519,6.295867,packed,packed,benign,benign,benign,0.587440,0.096751,0.587440,0.854388,373.247031,373.246938,709.140812
gcc_coreutils_64_O2_whoami,benign,clean,14572,15948,0.277313,0.004386,0.004386,0.004386,0.004386,0.004386,0.004386,6.160539,benign,benign,benign,benign,benign,0.662372,0.087858,0.662372,0.946514,464.603315,464.603315,785.881603
icc_coreutils_64_O3_hostid,benign,clean,22587,24524,0.263072,0.004215,0.004215,0.004215,0.004215,0.004215,0.004215,6.140806,benign,benign,benign,benign,benign,0.669287,0.088355,0.669287,0.966597,481.124799,481.124799,822.771976
icc_coreutils_64_O2_nice,benign,clean,16296,18044,0.279210,0.002271,0.002271,0.002271,0.002271,0.002271,0.002271,6.185741,benign,benign,benign,benign,benign,0.660549,0.086269,0.660549,0.931313,443.962053,443.962053,755.450183
gcc_coreutils_64_O0_sleep,benign,clean,19242,21244,0.296487,0.003370,0.003370,0.003370,0.003370,0.003370,0.003370,5.777764,benign,benign,benign,benign,benign,0.912654,0.067671,0.912654,1.181517,485.350318,485.350318,814.227567
gcc_coreutils_64_O1_sha1sum,benign,clean,23210,24956,0.277811,0.001907,0.001907,0.001907,0.001907,0.001907,0.001907,6.266927,benign,benign,benign,benign,benign,0.651289,0.066315,0.651289,0.963089,490.688811,490.688811,860.122682
gcc_coreutils_64_O2_pinky,benign,clean,18056,19852,0.280295,0.004964,0.004964,0.004964,0.004964,0.004964,0.004964,6.228545,benign,benign,benign,benign,benign,0.730509,0.080912,0.730509,1.019665,536.957134,536.957134,856.739373
icc_coreutils_64_O2_date,benign,clean,33335,36412,0.266357,0.007937,0.007937,0.266357,0.007937,0.007937,0.007937,6.203087,packed,packed,benign,benign,benign,0.588453,0.064094,0.588436,0.865403,424.014919,424.005367,751.487740
icc_coreutils_64_O2_expand,benign,clean,15994,17612,0.280168,0.001997,0.001997,0.001997,0.001997,0.001997,0.001997,6.178643,benign,benign,benign,benign,benign,0.625781,0.078006,0.625781,0.897407,436.155264,436.155264,756.913559
icc_coreutils_64_O3_df,benign,clean,74432,82108,0.268339,0.002118,0.002118,0.268339,0.002118,0.002118,0.002118,6.211195,packed,packed,benign,benign,benign,0.683081,0.092113,0.683064,0.959186,439.529100,439.510808,777.199644
gcc_coreutils_64_O3_stty,benign,clean,44108,49036,0.266618,0.003384,0.003384,0.266618,0.003384,0.003384,0.003384,6.243047,packed,packed,benign,benign,benign,0.603517,0.068164,0.603496,0.860352,375.312684,375.285275,699.678975
icc_coreutils_64_O0_csplit,benign,clean,111676,121324,0.286400,0.000998,0.000998,0.000998,0.000998,0.000998,0.000998,5.568281,benign,benign,benign,benign,benign,0.771545,0.065181,0.771545,1.037271,417.971817,417.971817,779.416250
icc_coreutils_64_O0_unexpand,benign,clean,20423,22460,0.295402,0.004029,0.004029,0.004029,0.004029,0.004029,0.004029,5.592114,benign,benign,benign,benign,benign,0.955462,0.079293,0.955462,1.240494,564.747621,564.747621,896.439461
icc_coreutils_64_O3_true,benign,clean,12451,13612,0.273392,0.002101,0.002101,0.002101,0.002101,0.002101,0.002101,6.216828,benign,benign,benign,benign,benign,0.527869,0.104440,0.527869,0.794330,355.305445,355.305445,674.765937
gcc_coreutils_64_O3_fmt,benign,clean,28945,31580,0.266333,0.002903,0.002903,0.266333,0.002903,0.002903,0.002903,6.413580,packed,packed,benign,benign,benign,0.659647,0.079179,0.659123,0.941407,401.366063,400.870428,745.143092
gcc_coreutils_64_O0_du,benign,clean,75646,84248,0.293922,0.002136,0.002136,0.002136,0.002136,0.002136,0.002136,5.843456,benign,benign,benign,benign,benign,0.871844,0.082364,0.871844,1.125201,415.622744,415.622744,746.884415
gcc_coreutils_64_O2_dd,benign,clean,30892,33916,0.273793,0.001852,0.001852,0.001852,0.001852,0.001852,0.001852,6.273282,benign,benign,benign,benign,benign,0.618305,0.063621,0.618305,0.894627,411.052943,411.052943,749.260853
gcc_coreutils_64_O0_ln,benign,clean,39267,43576,0.297094,0.002774,0.002774,0.002774,0.002774,0.002774,0.002774,5.636259,benign,benign,benign,benign,benign,0.765090,0.052343,0.765090,1.027403,422.913753,422.913753,761.933904
gcc_coreutils_64_O2_touch,benign,clean,33132,36428,0.266117,0.005311,0.005311,0.005311,0.005311,0.005311,0.005311,6.194548,benign,benign,benign,benign,benign,0.597576,0.066376,0.597576,0.867577,407.425511,407.425511,737.279599
gcc_coreutils_64_O1_touch,benign,clean,33625,36204,0.256743,0.008550,0.008550,0.008550,0.008550,0.008550,0.008550,6.234050,benign,benign,benign,benign,benign,0.546810,0.067824,0.546810,0.826538,380.961878,380.961878,732.017025
gcc_coreutils_64_O3_basename,benign,clean,22963,25020,0.266603,0.001793,0.001793,0.001793,0.001793,0.001793,0.001793,6.196346,benign,benign,benign,benign,benign,0.617043,0.057585,0.617043,0.905006,439.567742,439.567742,779.959674
icc_coreutils_64_O2_head,benign,clean,20529,22508,0.279263,0.002099,0.002099,0.002099,0.002099,0.002099,0.002099,6.185107,benign,benign,benign,benign,benign,0.695012,0.074979,0.695012,0.979352,506.487162,506.487162,832.920350
gcc_coreutils_64_O1_ginstall,benign,clean,72962,80572,0.271730,0.002756,0.002756,0.002756,0.002756,0.002756,0.002756,6.239078,benign,benign,benign,benign,benign,0.532402,0.030667,0.532402,0.791353,399.992339,399.992339,744.467488
icc_coreutils_64_O1_chroot,benign,clean,16257,17628,0.276681,0.002889,0.002889,0.002889,0.002889,0.002889,0.002889,6.188646,benign,benign,benign,benign,benign,0.564843,0.056870,0.564843,0.848039,398.332321,398.332321,749.641922
icc_coreutils_64_O1_expand,benign,clean,15312,16572,0.274948,0.002507,0.002507,0.002507,0.002507,0.002507,0.002507,6.143512,benign,benign,benign,benign,benign,0.621178,0.080665,0.621178,0.920635,431.068076,431.068076,787.268384
icc_coreutils_64_O0_ls,benign,clean,76661,84528,0.289848,0.003025,0.003025,0.003025,0.003025,0.003025,0.003025,5.677662,benign,benign,benign,benign,benign,0.833172,0.074731,0.833172,1.093187,417.769335,417.769335,751.814297
icc_coreutils_64_O0_[,benign,clean,21568,23840,0.301233,0.002093,0.002093,0.002093,0.002093,0.002093,0.002093,5.736242,benign,benign,benign,benign,benign,1.179357,0.064324,1.179357,1.451560,552.837840,552.837840,875.916820
icc_coreutils_64_O2_nproc,benign,clean,15718,17324,0.280570,0.001483,0.001483,0.001483,0.001483,0.001483,0.001483,6.158670,benign,benign,benign,benign,benign,0.645382,0.094314,0.645382,0.917189,448.251789,448.251789,766.877138
icc_coreutils_64_O2_sum,benign,clean,19665,21564,0.283956,0.003160,0.003160,0.003160,0.003160,0.003160,0.003160,6.220406,benign,benign,benign,benign,benign,0.739949,0.058439,0.739949,1.031484,540.440259,540.440259,858.492574
icc_coreutils_64_O3_logname,benign,clean,22628,24604,0.263832,0.003597,0.003597,0.003597,0.003597,0.003597,0.003597,6.139613,benign,benign,benign,benign,benign,0.639488,0.068697,0.639488,0.931250,456.259974,456.259974,795.820412
icc_coreutils_64_O3_chown,benign,clean,45368,49676,0.268802,0.002384,0.002384,0.002384,0.002384,0.002384,0.002384,6.248004,benign,benign,benign,benign,benign,0.710946,0.102493,0.710946,1.008244,510.907359,510.907359,850.216994
gcc_coreutils_64_O3_env,benign,clean,22860,24908,0.264698,0.003009,0.003009,0.003009,0.003009,0.003009,0.003009,6.192669,benign,benign,benign,benign,benign,0.622685,0.058953,0.622685,0.914046,460.831251,460.831251,802.072985
gcc_coreutils_64_O1_chown,benign,clean,32479,34940,0.275101,0.002510,0.002510,0.002510,0.002510,0.002510,0.002510,6.182782,benign,benign,benign,benign,benign,0.642583,0.066295,0.642583,0.940713,467.371719,467.371719,829.691775
gcc_coreutils_64_O1_groups,benign,clean,15151,16396,0.277803,0.002959,0.002959,0.002959,0.002959,0.002959,0.002959,6.185755,benign,benign,benign,benign,benign,0.625594,0.078187,0.625594,0.918853,428.297603,428.297603,779.673134
icc_coreutils_64_O0_yes,benign,clean,17951,19868,0.297309,0.003571,0.003571,0.003571,0.003571,0.003571,0.003571,5.670198,benign,benign,benign,benign,benign,0.869867,0.066333,0.869867,1.130710,452.514821,452.514821,778.682805
gcc_coreutils_64_O0_whoami,benign,clean,17954,19884,0.297260,0.003143,0.003143,0.003143,0.003143,0.003143,0.003143,5.612604,benign,benign,benign,benign,benign,0.894350,0.066781,0.894350,1.155979,454.932940,454.932940,783.134646
icc_coreutils_64_O2_dircolors,benign,clean,17082,18860,0.278422,0.002260,0.002260,0.278422,0.002260,0.002260,0.002260,6.171612,packed,benign,benign,benign,benign,0.715490,0.081929,0.715490,1.007381,530.343804,530.343804,854.039692
icc_coreutils_64_O1_od,benign,clean,37812,41500,0.270020,0.003783,0.003783,0.270020,0.003783,0.003783,0.003783,6.432638,packed,packed,benign,benign,benign,0.584162,0.053155,0.584009,0.846866,372.114226,371.976811,714.066671
icc_coreutils_64_O0_sum,benign,clean,23994,26588,0.296783,0.002264,0.002264,0.002264,0.002264,0.002264,0.002264,5.722606,benign,benign,benign,benign,benign,0.926831,0.066031,0.926831,1.183183,429.822824,429.822824,757.814339
icc_coreutils_64_O2_make-prime-list,benign,clean,1881,2076,0.316853,0.005963,0.005963,0.005963,0.005963,0.005963,0.005963,6.190680,benign,benign,benign,benign,benign,0.512460,0.066124,0.512460,0.749528,302.242308,302.242308,616.095446
gcc_coreutils_64_O1_numfmt,benign,clean,38310,42044,0.266353,0.002466,0.002466,0.002466,0.002466,0.002466,0.002466,6.173644,benign,benign,benign,benign,benign,0.602584,0.101840,0.602584,0.879828,419.900970,419.900970,768.534398
gcc_coreutils_64_O0_csplit,benign,clean,111676,121324,0.286400,0.000998,0.000998,0.000998,0.000998,0.000998,0.000998,5.568281,benign,benign,benign,benign,benign,0.771545,0.065181,0.771545,1.037271,417.971817,417.971817,779.416250
icc_coreutils_64_O0_basename,benign,clean,18567,20492,0.298864,0.003995,0.003995,0.003995,0.003995,0.003995,0.003995,5.691837,benign,benign,benign,benign,benign,0.904534,0.062220,0.904534,1.174578,491.814394,491.814394,822.873521
gcc_coreutils_64_O3_fold,benign,clean,25144,27372,0.266823,0.002566,0.002566,0.002566,0.002566,0.002566,0.002566,6.232742,benign,benign,benign,benign,benign,0.546042,0.073261,0.546042,0.821052,376.919237,376.919237,715.705938
gcc_coreutils_64_O2_paste,benign,clean,16498,18172,0.277064,0.002751,0.002751,0.002751,0.002751,0.002751,0.002751,6.178741,benign,benign,benign,benign,benign,0.652241,0.075299,0.652241,0.933430,452.023921,452.023921,779.335704
icc_coreutils_64_O2_md5sum,benign,clean,21092,23148,0.280296,0.002368,0.002368,0.002368,0.002368,0.002368,0.002368,6.471591,benign,benign,benign,benign,benign,0.765144,0.075886,0.765144,1.063120,567.277509,567.277509,893.970998
gcc_coreutils_64_O3_hostid,benign,clean,22587,24524,0.263072,0.004215,0.004215,0.004215,0.004215,0.004215,0.004215,6.140806,benign,benign,benign,benign,benign,0.669287,0.088355,0.669287,0.966597,481.124799,481.124799,822.771976
icc_coreutils_64_O0_readlink,benign,clean,29433,32424,0.298101,0.002847,0.002847,0.002847,0.002847,0.002847,0.002847,5.634532,benign,benign,benign,benign,benign,0.890952,0.076374,0.890952,1.153210,417.334563,417.334563,754.114676
icc_coreutils_64_O1_mkfifo,benign,clean,15146,16332,0.277499,0.002530,0.002530,0.002530,0.002530,0.002530,0.002530,6.263465,benign,benign,benign,benign,benign,0.603325,0.068114,0.603325,0.895685,422.310953,422.310953,775.947961
gcc_coreutils_64_O2_cut,benign,clean,24090,26220,0.279161,0.001963,0.001963,0.279161,0.001963,0.001963,0.001963,6.255889,packed,packed,benign,benign,benign,0.610760,0.084696,0.610760,0.890830,412.291000,412.290666,751.775678
icc_coreutils_64_O3_uptime,benign,clean,30570,33308,0.268466,0.002943,0.002943,0.268466,0.002943,0.002943,0.002943,6.190950,packed,packed,benign,benign,benign,0.563460,0.061364,0.563424,0.845150,408.076480,408.042330,743.285874
icc_coreutils_64_O2_yes,benign,clean,14649,16012,0.276401,0.003825,0.003825,0.276401,0.003825,0.003825,0.003825,6.191867,packed,benign,benign,benign,benign,0.666497,0.089697,0.666497,0.951498,471.706018,471.706018,792.032569
icc_coreutils_64_O1_fold,benign,clean,15447,16716,0.276235,0.003017,0.003017,0.003017,0.003017,0.003017,0.003017,6.186827,benign,benign,benign,benign,benign,0.657349,0.078872,0.657349,0.955338,447.628946,447.628946,802.853233
gcc_coreutils_64_O0_expr,benign,clean,104645,113756,0.287362,0.000828,0.000828,0.000828,0.000828,0.000828,0.000828,5.575767,benign,benign,benign,benign,benign,0.821039,0.059972,0.821039,1.085087,420.086068,420.086068,779.517160
icc_coreutils_64_O3_false,benign,clean,12454,13612,0.272844,0.002248,0.002248,0.002248,0.002248,0.002248,0.002248,6.217306,benign,benign,benign,benign,benign,0.522944,0.100534,0.522944,0.789131,353.746267,353.746267,673.767853
icc_coreutils_64_O1_du,benign,clean,61932,66892,0.275286,0.001533,0.001533,0.001533,0.001533,0.001533,0.001533,6.185795,benign,benign,benign,benign,benign,0.603271,0.052124,0.603271,0.902074,460.293882,460.293882,826.373465
icc_coreutils_64_O3_echo,benign,clean,13718,15036,0.272124,0.005603,0.005603,0.005603,0.005603,0.272124,0.005603,6.193840,benign,benign,benign,packed,benign,0.555332,0.106293,0.555332,0.829351,383.268212,383.268212,702.404532
gcc_coreutils_64_O1_kill,benign,clean,15555,16860,0.277917,0.003254,0.003254,0.003254,0.003254,0.003254,0.003254,6.103446,benign,benign,benign,benign,benign,0.590148,0.056281,0.590148,0.878904,409.604787,409.604787,760.553434
icc_coreutils_64_O0_nproc,benign,clean,19290,21276,0.298497,0.004020,0.004020,0.004020,0.004020,0.004020,0.004020,5.716579,benign,benign,benign,benign,benign,0.956351,0.066749,0.956351,1.224934,494.426401,494.426401,824.060518
gcc_coreutils_64_O3_date,benign,clean,42995,46892,0.262914,0.003301,0.003301,0.262914,0.003301,0.003301,0.003301,6.326079,packed,packed,benign,benign,benign,0.608528,0.081445,0.608502,0.890187,419.750734,419.726454,752.580553
icc_coreutils_64_O2_users,benign,clean,15357,16828,0.279091,0.003981,0.003981,0.279091,0.003981,0.003981,0.003981,6.180007,packed,benign,benign,benign,benign,0.668130,0.090994,0.668130,0.950467,464.054058,464.054058,786.208073
icc_coreutils_64_O3_tail,benign,clean,46951,51516,0.271943,0.003228,0.003228,0.003228,0.003228,0.003228,0.003228,6.289790,benign,benign,benign,benign,benign,0.558377,0.063783,0.558377,0.831111,395.781749,395.781749,735.562411
gcc_coreutils_64_O0_tsort,benign,clean,22031,24252,0.294721,0.002612,0.002612,0.002612,0.002612,0.002612,0.002612,5.575250,benign,benign,benign,benign,benign,0.954635,0.071009,0.954635,1.233309,510.519314,510.519314,844.358403
gcc_coreutils_64_O2_sha256sum,benign,clean,29301,31932,0.293505,0.001732,0.001732,0.001732,0.001732,0.001732,0.001732,6.303530,benign,benign,benign,benign,benign,0.591481,0.040461,0.591481,0.872833,435.118585,435.118585,776.799440
icc_coreutils_64_O0_tac,benign,clean,103705,112684,0.285656,0.000923,0.000923,0.285656,0.000923,0.000923,0.000923,5.610588,packed,benign,benign,benign,benign,0.841126,0.061547,0.841126,1.108673,429.262553,429.262553,790.417580
gcc_coreutils_64_O0_shred,benign,clean,35631,39776,0.292919,0.001848,0.001848,0.001848,0.001848,0.001848,0.001848,5.595904,benign,benign,benign,benign,benign,0.814066,0.079208,0.814066,1.067909,430.159585,430.159585,760.013037
icc_coreutils_64_O3_unlink,benign,clean,22698,24684,0.263988,0.003878,0.003878,0.003878,0.003878,0.003878,0.003878,6.129091,benign,benign,benign,benign,benign,0.635491,0.082826,0.635491,0.929932,454.996537,454.996537,798.405406
icc_coreutils_64_O1_split,benign,clean,39123,42396,0.266467,0.001854,0.001854,0.266467,0.001854,0.001854,0.001854,6.168874,packed,packed,benign,benign,benign,0.537974,0.027521,0.537972,0.821386,398.476756,398.474361,770.540715
gcc_coreutils_64_O0_sort,benign,clean,80142,88528,0.294839,0.001259,0.001259,0.001259,0.001259,0.001259,0.001259,5.784308,benign,benign,benign,benign,benign,0.969199,0.073855,0.969199,1.221930,394.472019,394.472019,740.564910
icc_coreutils_64_O1_make-prime-list,benign,clean,1958,2156,0.311542,0.010010,0.010010,0.010010,0.311542,0.311542,0.010010,6.098567,benign,benign,packed,packed,benign,0.472180,0.117863,0.472180,0.693638,259.386421,259.386421,570.546280
gcc_coreutils_64_O3_truncate,benign,clean,39158,43100,0.259743,0.003003,0.003003,0.003003,0.003003,0.003003,0.003003,6.135154,benign,benign,benign,benign,benign,0.677405,0.080898,0.677405,0.965717,449.321552,449.321552,793.209506
gcc_coreutils_64_O1_mv,benign,clean,75550,83324,0.271158,0.002595,0.002595,0.002595,0.002595,0.002595,0.002595,6.205737,benign,benign,benign,benign,benign,0.558785,0.041268,0.558785,0.825104,420.667668,420.667668,766.998354
gcc_coreutils_64_O0_chgrp,benign,clean,42332,46712,0.299773,0.001725,0.001725,0.001725,0.001725,0.001725,0.001725,5.790488,benign,benign,benign,benign,benign,1.007486,0.084199,1.007486,1.271561,443.315809,443.315809,781.970552
gcc_coreutils_64_O3_test,benign,clean,16575,18204,0.273786,0.004884,0.004884,0.004884,0.004884,0.004884,0.004884,6.222351,benign,benign,benign,benign,benign,0.583109,0.080206,0.583109,0.856821,413.920674,413.920674,731.282598
gcc_coreutils_64_O1_paste,benign,clean,15668,16956,0.274636,0.001647,0.001647,0.001647,0.001647,0.001647,0.001647,6.117346,benign,benign,benign,benign,benign,0.612995,0.069182,0.612995,0.912109,429.826352,429.826352,786.058618
icc_coreutils_64_O2_csplit,benign,clean,76132,83228,0.267811,0.002373,0.002373,0.267811,0.002373,0.002373,0.002373,6.209081,packed,packed,benign,benign,benign,0.669180,0.072882,0.669171,0.971315,482.139072,482.131530,836.923197
icc_coreutils_64_O3_link,benign,clean,22760,24732,0.263752,0.003923,0.003923,0.003923,0.003923,0.003923,0.003923,6.175058,benign,benign,benign,benign,benign,0.646420,0.073418,0.646420,0.941330,466.401715,466.401715,807.876908
icc_coreutils_64_O1_setuidgid,benign,clean,16168,17548,0.275297,0.001840,0.001840,0.001840,0.001840,0.001840,0.001840,6.148939,benign,benign,benign,benign,benign,0.594171,0.062371,0.594171,0.882500,413.298130,413.298130,762.424061
gcc_coreutils_64_O2_fmt,benign,clean,19828,21852,0.278445,0.002641,0.002641,0.278445,0.002641,0.002641,0.002641,6.423439,packed,packed,benign,benign,benign,0.737304,0.087344,0.736791,1.034786,549.224417,548.649212,872.280060
gcc_coreutils_64_O3_chmod,benign,clean,42559,46524,0.269273,0.001604,0.001604,0.001604,0.001604,0.001604,0.001604,6.273841,benign,benign,benign,benign,benign,0.671521,0.090022,0.671521,0.963968,472.793090,472.793090,816.070525
icc_coreutils_64_O3_sha512sum,benign,clean,43017,46684,0.274473,0.001506,0.001506,0.274473,0.001506,0.001506,0.001506,6.215693,packed,packed,benign,benign,benign,0.632451,0.077653,0.632254,0.920430,427.892179,427.756671,789.550329
gcc_coreutils_64_O3_od,benign,clean,46566,51196,0.267083,0.004248,0.004248,0.267083,0.004248,0.004248,0.004248,6.404938,packed,packed,benign,benign,benign,0.610178,0.085450,0.610114,0.868612,368.248611,368.191373,689.619687
icc_coreutils_64_O3_tac,benign,clean,97424,105772,0.260028,0.002471,0.002471,0.260028,0.002471,0.002471,0.002471,6.282096,packed,packed,benign,benign,benign,0.592373,0.062009,0.592373,0.889263,438.752423,438.752220,805.175280
icc_coreutils_64_O0_groups,benign,clean,19951,22028,0.299784,0.004526,0.004526,0.004526,0.004526,0.004526,0.004526,5.653574,benign,packed,benign,benign,benign,0.994927,0.045779,0.994927,1.267988,523.532927,523.532927,851.167509
icc_coreutils_64_O2_groups,benign,clean,15811,17420,0.282904,0.005917,0.005917,0.005917,0.005917,0.005917,0.005917,6.198934,benign,benign,benign,benign,benign,0.661486,0.084048,0.661486,0.938464,466.972490,466.972490,787.819535
gcc_coreutils_64_O0_rm,benign,clean,42924,47288,0.299832,0.002079,0.002079,0.002079,0.002079,0.002079,0.002079,5.828827,benign,benign,benign,benign,benign,0.981913,0.080946,0.981913,1.245632,433.804371,433.804371,772.960835
icc_coreutils_64_O3_uniq,benign,clean,30168,32908,0.270585,0.001880,0.001880,0.001880,0.001880,0.001880,0.001880,6.312151,benign,packed,benign,benign,benign,0.586627,0.069860,0.586627,0.873908,418.902671,418.902671,764.131206
gcc_coreutils_64_O1_env,benign,clean,14054,15180,0.274868,0.004122,0.004122,0.004122,0.004122,0.004122,0.004122,6.123443,benign,benign,benign,benign,benign,0.633543,0.075289,0.633543,0.933154,443.087353,443.087353,794.692016
icc_coreutils_64_O1_unexpand,benign,clean,15783,17068,0.272255,0.002309,0.002309,0.002309,0.002309,0.002309,0.002309,6.157139,benign,benign,benign,benign,benign,0.591607,0.063812,0.591607,0.885738,416.440649,416.440649,774.636693
gcc_coreutils_64_O2_cat,benign,clean,29904,32908,0.266219,0.001768,0.001768,0.001768,0.001768,0.001768,0.001768,6.142903,benign,benign,benign,benign,benign,0.635178,0.073646,0.635178,0.915256,452.261876,452.261876,793.731468
icc_coreutils_64_O2_dd,benign,clean,30892,33916,0.273793,0.001852,0.001852,0.001852,0.001852,0.001852,0.001852,6.273282,benign,benign,benign,benign,benign,0.618305,0.063621,0.618305,0.894627,411.052943,411.052943,749.260853
gcc_coreutils_64_O0_who,benign,clean,41015,46576,0.285237,0.003765,0.003765,0.285237,0.285237,0.285237,0.003765,5.899799,packed,benign,packed,packed,benign,0.860906,0.115107,0.860906,1.095483,408.740534,408.740534,715.176784
gcc_coreutils_64_O1_ptx,benign,clean,88763,95468,0.263038,0.000896,0.000896,0.263038,0.000896,0.000896,0.000896,6.231277,packed,packed,benign,benign,benign,0.624967,0.025852,0.624925,0.922988,435.271101,435.232109,818.048298
icc_coreutils_64_O1_hostid,benign,clean,13721,14796,0.273814,0.002770,0.002770,0.002770,0.002770,0.002770,0.002770,6.144950,benign,benign,benign,benign,benign,0.594778,0.067570,0.594778,0.887994,405.705626,405.705626,752.413983
icc_coreutils_64_O1_yes,benign,clean,13830,14924,0.274259,0.002275,0.002275,0.002275,0.002275,0.002275,0.002275,6.154288,benign,benign,benign,benign,benign,0.595263,0.078201,0.595263,0.889170,407.749456,407.749456,756.410082
icc_coreutils_64_O0_realpath,benign,clean,41374,45832,0.296346,0.002377,0.002377,0.002377,0.002377,0.002377,0.002377,5.681629,benign,benign,benign,benign,benign,0.924550,0.073631,0.924550,1.182590,407.494399,407.494399,746.509004
icc_coreutils_64_O1_sum,benign,clean,18611,20060,0.280103,0.002755,0.002755,0.002755,0.002755,0.002755,0.002755,6.191489,benign,benign,benign,benign,benign,0.648319,0.060142,0.648319,0.949156,458.141451,458.141451,814.377883
gcc_coreutils_64_O3_dirname,benign,clean,22676,24732,0.266802,0.002756,0.002756,0.002756,0.002756,0.002756,0.002756,6.362160,benign,benign,benign,benign,benign,0.614947,0.064135,0.614947,0.902579,439.232837,439.232837,778.860931
icc_coreutils_64_O1_test,benign,clean,13614,14876,0.285441,0.003208,0.003208,0.003208,0.003208,0.003208,0.003208,6.101616,benign,benign,benign,benign,benign,0.754432,0.070436,0.754432,1.054320,508.834593,508.834593,853.457230
icc_coreutils_64_O1_wc,benign,clean,19353,20780,0.269674,0.001499,0.001499,0.001499,0.001499,0.001499,0.001499,6.190157,benign,benign,benign,benign,benign,0.685314,0.073265,0.685314,0.999922,487.511153,487.511153,849.531786
icc_coreutils_64_O3_mknod,benign,clean,26161,28492,0.267956,0.002977,0.002977,0.002977,0.002977,0.002977,0.002977,6.316018,benign,benign,benign,benign,benign,0.596379,0.074496,0.596379,0.883917,414.989095,414.989095,757.795043
gcc_coreutils_64_O3_tee,benign,clean,23787,25852,0.266826,0.001637,0.001637,0.001637,0.001637,0.001637,0.001637,6.192721,benign,benign,benign,benign,benign,0.581081,0.059728,0.581081,0.864443,420.106134,420.106134,760.078963
gcc_coreutils_64_O0_kill,benign,clean,20233,22364,0.299659,0.003518,0.003518,0.003518,0.003518,0.003518,0.003518,5.773954,benign,benign,benign,benign,benign,1.019245,0.052562,1.019245,1.286969,506.636260,506.636260,836.552221
gcc_coreutils_64_O2_false,benign,clean,10153,11132,0.279819,0.004263,0.004263,0.004263,0.279819,0.279819,0.004263,6.186658,benign,benign,packed,packed,benign,0.654416,0.117406,0.654416,0.932326,433.363745,433.363745,752.144057
gcc_coreutils_64_O3_sha224sum,benign,clean,38141,41372,0.282295,0.001478,0.001478,0.001478,0.001478,0.001478,0.001478,6.351234,benign,benign,benign,benign,benign,0.573017,0.037690,0.573017,0.859927,403.871402,403.871402,757.759055
gcc_coreutils_64_O3_getlimits,benign,clean,37694,41196,0.258158,0.001595,0.001595,0.001595,0.001595,0.001595,0.001595,6.107791,benign,benign,benign,benign,benign,0.618895,0.068294,0.618895,0.902185,428.482513,428.482513,776.697696
icc_coreutils_64_O0_env,benign,clean,18439,20348,0.297413,0.003828,0.003828,0.003828,0.003828,0.003828,0.003828,5.616060,benign,benign,benign,benign,benign,0.972754,0.055801,0.972754,1.242047,490.085445,490.085445,822.823307
icc_coreutils_64_O2_stdbuf,benign,clean,41281,45964,0.265643,0.002822,0.002822,0.265643,0.002822,0.002822,0.002822,6.154161,packed,packed,benign,benign,benign,0.613313,0.078970,0.613308,0.867121,402.535052,402.529477,718.627735
icc_coreutils_64_O0_cut,benign,clean,31082,33996,0.294704,0.002615,0.002615,0.002615,0.002615,0.002615,0.002615,5.608528,benign,benign,benign,benign,benign,0.818947,0.074769,0.818947,1.087047,421.886001,421.886001,766.099891
gcc_coreutils_64_O2_stat,benign,clean,44558,49852,0.273150,0.003495,0.003495,0.273150,0.003495,0.003495,0.003495,6.208057,packed,packed,benign,benign,benign,0.623347,0.085047,0.623343,0.863626,362.108452,362.104933,660.294377
icc_coreutils_64_O1_runcon,benign,clean,15173,16476,0.275028,0.002816,0.002816,0.002816,0.002816,0.002816,0.002816,6.203873,benign,benign,benign,benign,benign,0.579444,0.067962,0.579444,0.865027,401.559713,401.559713,748.372708
gcc_coreutils_64_O2_csplit,benign,clean,76132,83228,0.267811,0.002373,0.002373,0.267811,0.002373,0.002373,0.002373,6.209081,packed,packed,benign,benign,benign,0.669180,0.072882,0.669171,0.971315,482.139072,482.131530,836.923197
icc_coreutils_64_O1_realpath,benign,clean,35715,38572,0.273303,0.003107,0.003107,0.003107,0.003107,0.003107,0.003107,6.158844,benign,benign,benign,benign,benign,0.531472,0.036260,0.531472,0.817662,396.681780,396.681780,766.660770
icc_coreutils_64_O2_dir,benign,clean,61575,67900,0.274803,0.003970,0.003970,0.274803,0.003970,0.003970,0.003970,6.290703,packed,packed,benign,benign,benign,0.592722,0.098739,0.592721,0.856527,404.260487,404.258402,724.417779
gcc_coreutils_64_O2_tail,benign,clean,35603,39308,0.275735,0.002390,0.002390,0.275735,0.002390,0.002390,0.002390,6.243824,packed,packed,benign,benign,benign,0.602486,0.056009,0.602486,0.871852,437.563256,437.563137,764.189250
icc_coreutils_64_O3_sha384sum,benign,clean,43016,46684,0.274479,0.001719,0.001719,0.001719,0.001719,0.001719,0.001719,6.215693,benign,packed,benign,benign,benign,0.631647,0.076174,0.631678,0.919444,425.818817,425.703564,787.321956
icc_coreutils_64_O0_split,benign,clean,44071,48944,0.290758,0.001891,0.001891,0.001891,0.001891,0.001891,0.001891,5.691638,benign,benign,benign,benign,benign,0.776817,0.063380,0.776817,1.029866,417.919533,417.919533,755.604462
gcc_coreutils_64_O2_sha1sum,benign,clean,23697,25884,0.280373,0.002162,0.002162,0.002162,0.002162,0.002162,0.002162,6.222066,benign,benign,benign,benign,benign,0.667178,0.083148,0.667178,0.967317,501.972586,501.972586,848.073433
gcc_coreutils_64_O0_uptime,benign,clean,28101,31676,0.289136,0.002565,0.002565,0.002565,0.002565,0.002565,0.002565,5.705164,benign,benign,benign,benign,benign,0.802198,0.075368,0.802198,1.043120,411.063150,411.063150,716.275730
gcc_coreutils_64_O3_false,benign,clean,12454,13612,0.272844,0.002248,0.002248,0.002248,0.002248,0.002248,0.002248,6.217306,benign,benign,benign,benign,benign,0.522944,0.100534,0.522944,0.789131,353.746267,353.746267,673.767853
icc_coreutils_64_O1_uname,benign,clean,14168,15340,0.275692,0.001974,0.001974,0.001974,0.001974,0.001974,0.001974,6.169732,benign,benign,benign,benign,benign,0.629524,0.080430,0.629524,0.925308,447.184025,447.184025,795.540207
icc_coreutils_64_O3_sha1sum,benign,clean,31561,34364,0.271950,0.002180,0.002180,0.002180,0.002180,0.002180,0.002180,6.290959,benign,benign,benign,benign,benign,0.580359,0.066457,0.580359,0.871639,425.957588,425.957588,778.403415
icc_coreutils_64_O2_uname,benign,clean,14878,16316,0.277927,0.004498,0.004498,0.004498,0.004498,0.004498,0.004498,6.192288,benign,benign,benign,benign,benign,0.694976,0.093361,0.694976,0.980521,489.517219,489.517219,810.934643
gcc_coreutils_64_O1_du,benign,clean,61932,66892,0.275286,0.001533,0.001533,0.001533,0.001533,0.001533,0.001533,6.185795,benign,benign,benign,benign,benign,0.603271,0.052124,0.603271,0.902074,460.293882,460.293882,826.373465
icc_coreutils_64_O0_tee,benign,clean,19580,21772,0.297242,0.003751,0.003751,0.003751,0.003751,0.003751,0.003751,5.685460,benign,benign,benign,benign,benign,1.001603,0.062924,1.001603,1.268662,516.397422,516.397422,841.298020
gcc_coreutils_64_O2_dircolors,benign,clean,17082,18860,0.278422,0.002260,0.002260,0.002260,0.002260,0.002260,0.002260,6.171612,benign,benign,benign,benign,benign,0.715490,0.081929,0.715490,1.007381,530.343804,530.343804,854.039692
gcc_coreutils_64_O0_logname,benign,clean,17869,19804,0.297387,0.003196,0.003196,0.003196,0.003196,0.003196,0.003196,5.610452,benign,benign,benign,benign,benign,0.877168,0.064681,0.877168,1.134499,445.153786,445.153786,769.333612
gcc_coreutils_64_O3_paste,benign,clean,24675,26876,0.263830,0.001660,0.001660,0.001660,0.001660,0.001660,0.001660,6.180708,benign,benign,benign,benign,benign,0.586409,0.060687,0.586409,0.870426,408.897527,408.897527,752.825995
gcc_coreutils_64_O2_groups,benign,clean,15811,17420,0.282904,0.005917,0.005917,0.282904,0.005917,0.005917,0.005917,6.198934,packed,benign,benign,benign,benign,0.661486,0.084048,0.661486,0.938464,466.972490,466.972490,787.819535
gcc_coreutils_64_O3_shred,benign,clean,38146,41564,0.269963,0.001993,0.001993,0.269963,0.001993,0.001993,0.001993,6.238374,packed,packed,benign,benign,benign,0.587438,0.079275,0.586862,0.873738,424.974534,424.525532,771.084351
icc_coreutils_64_O3_fmt,benign,clean,28945,31580,0.266333,0.002903,0.002903,0.266333,0.002903,0.002903,0.002903,6.413580,packed,packed,benign,benign,benign,0.659647,0.079179,0.659123,0.941407,401.366063,400.870428,745.143092
gcc_coreutils_64_O0_[,benign,clean,21568,23840,0.301233,0.002093,0.002093,0.002093,0.002093,0.002093,0.002093,5.736242,benign,benign,benign,benign,benign,1.179357,0.064324,1.179357,1.451560,552.837840,552.837840,875.916820
gcc_coreutils_64_O2_yes,benign,clean,14649,16012,0.276401,0.003825,0.003825,0.003825,0.003825,0.003825,0.003825,6.191867,benign,benign,benign,benign,benign,0.666497,0.089697,0.666497,0.951498,471.706018,471.706018,792.032569
icc_coreutils_64_O2_mktemp,benign,clean,20162,22156,0.281867,0.003296,0.003296,0.281867,0.003296,0.003296,0.003296,6.162636,packed,packed,benign,benign,benign,0.679832,0.078947,0.678744,0.962008,500.159837,499.310337,824.470424
icc_coreutils_64_O2_join,benign,clean,23538,25788,0.276702,0.001898,0.001898,0.001898,0.001898,0.276702,0.001898,6.304758,benign,benign,benign,packed,benign,0.653207,0.106023,0.653207,0.938997,473.414917,473.414917,809.779048
gcc_coreutils_64_O1_mktemp,benign,clean,19482,21068,0.276409,0.001391,0.001391,0.276409,0.001391,0.001391,0.001391,6.181607,packed,packed,benign,benign,benign,0.676276,0.047272,0.675423,0.979214,495.397383,494.678249,848.387741
icc_coreutils_64_O0_test,benign,clean,19451,21520,0.304714,0.003674,0.003674,0.003674,0.003674,0.003674,0.003674,5.757250,benign,benign,benign,benign,benign,1.198921,0.094146,1.198921,1.482543,561.310196,561.310196,888.536803
gcc_coreutils_64_O0_printenv,benign,clean,17978,19868,0.298309,0.003741,0.003741,0.003741,0.003741,0.003741,0.003741,5.640473,benign,benign,benign,benign,benign,0.851956,0.055764,0.851956,1.113968,458.529236,458.529236,787.042655
icc_coreutils_64_O2_logname,benign,clean,14506,15884,0.277058,0.004345,0.004345,0.004345,0.004345,0.004345,0.004345,6.167529,benign,benign,benign,benign,benign,0.662017,0.095090,0.662017,0.946273,466.441294,466.441294,786.393876
gcc_coreutils_64_O2_unlink,benign,clean,14590,15964,0.276971,0.003576,0.003576,0.003576,0.003576,0.003576,0.003576,6.181740,benign,benign,benign,benign,benign,0.689159,0.094479,0.689159,0.974260,469.580066,469.580066,790.200882
gcc_coreutils_64_O1_chroot,benign,clean,16257,17628,0.276681,0.002889,0.002889,0.002889,0.002889,0.002889,0.002889,6.188646,benign,benign,benign,benign,benign,0.564843,0.056870,0.564843,0.848039,398.332321,398.332321,749.641922
gcc_coreutils_64_O3_ptx,benign,clean,123548,134396,0.258021,0.002518,0.002518,0.258021,0.002518,0.002518,0.002518,6.279193,packed,packed,benign,benign,benign,0.641107,0.066946,0.641107,0.935691,434.241435,434.241386,800.227892
gcc_coreutils_64_O2_hostid,benign,clean,14465,15804,0.275907,0.004375,0.004375,0.004375,0.004375,0.004375,0.004375,6.160157,benign,benign,benign,benign,benign,0.683750,0.086873,0.683750,0.971077,481.008662,481.008662,802.341457
icc_coreutils_64_O1_shuf,benign,clean,25037,26956,0.279586,0.003199,0.003199,0.279586,0.003199,0.003199,0.003199,6.199117,packed,packed,benign,benign,benign,0.591194,0.063442,0.590530,0.880989,417.314057,416.754479,777.029376
icc_coreutils_64_O1_dir,benign,clean,57339,62236,0.276234,0.003750,0.003750,0.003750,0.003750,0.003750,0.003750,6.254639,benign,benign,benign,benign,benign,0.543613,0.069718,0.543613,0.822135,387.619974,387.619974,742.300355
icc_coreutils_64_O1_tr,benign,clean,22152,23900,0.270450,0.001894,0.001894,0.001894,0.001894,0.001894,0.001894,6.108528,benign,benign,benign,benign,benign,0.626313,0.042340,0.626313,0.929386,484.717401,484.717401,842.771782
gcc_coreutils_64_O0_md5sum,benign,clean,27560,30572,0.301270,0.002310,0.002310,0.301270,0.002310,0.002310,0.002310,5.574171,packed,benign,benign,benign,benign,1.277832,0.087046,1.277832,1.529353,434.625755,434.625755,760.975429
gcc_coreutils_64_O0_unexpand,benign,clean,20423,22460,0.295402,0.004029,0.004029,0.004029,0.004029,0.004029,0.004029,5.592114,benign,benign,benign,benign,benign,0.955462,0.079293,0.955462,1.240494,564.747621,564.747621,896.439461
icc_coreutils_64_O2_sync,benign,clean,14482,15820,0.276688,0.004464,0.004464,0.004464,0.004464,0.004464,0.004464,6.186690,benign,benign,benign,benign,benign,0.680330,0.090395,0.680330,0.969015,478.389205,478.389205,800.506799
icc_coreutils_64_O0_nice,benign,clean,19573,21628,0.298881,0.003710,0.003710,0.003710,0.003710,0.003710,0.003710,5.605103,benign,benign,benign,benign,benign,0.901575,0.063670,0.901575,1.168526,504.874489,504.874489,830.662560
gcc_coreutils_64_O3_chcon,benign,clean,45612,50092,0.271595,0.001603,0.001603,0.001603,0.271595,0.271595,0.001603,6.253456,benign,benign,packed,packed,benign,0.714220,0.115358,0.714220,1.011483,513.828185,513.828185,852.128408
icc_coreutils_64_O2_cat,benign,clean,29904,32908,0.266219,0.001768,0.001768,0.266219,0.001768,0.001768,0.001768,6.142903,packed,benign,benign,benign,benign,0.635178,0.073646,0.635178,0.915256,452.261876,452.261876,793.731468
icc_coreutils_64_O1_comm,benign,clean,17306,18748,0.276494,0.001831,0.001831,0.276494,0.001831,0.001831,0.001831,6.184308,packed,benign,benign,benign,benign,0.585786,0.064057,0.585786,0.876694,416.587427,416.587427,773.024647
icc_coreutils_64_O3_expand,benign,clean,24284,26444,0.265648,0.001955,0.001955,0.001955,0.001955,0.001955,0.001955,6.188017,benign,benign,benign,benign,benign,0.585897,0.071707,0.585897,0.873330,423.233047,423.233047,766.133941
icc_coreutils_64_O0_chmod,benign,clean,41684,45832,0.300571,0.001929,0.001929,0.001929,0.001929,0.001929,0.001929,5.828295,benign,benign,benign,benign,benign,0.882863,0.077443,0.882863,1.148184,435.149214,435.149214,775.921562
gcc_coreutils_64_O0_printf,benign,clean,35843,40812,0.286081,0.005836,0.005836,0.005836,0.286081,0.286081,0.005836,5.613846,benign,benign,packed,packed,benign,1.328502,0.126967,1.328502,1.560256,417.720551,417.720551,712.995546
icc_coreutils_64_O2_printf,benign,clean,26970,30044,0.268001,0.003731,0.003731,0.268001,0.003731,0.003731,0.003731,6.214141,packed,packed,benign,benign,benign,0.614731,0.096079,0.614717,0.863307,394.175216,394.160020,689.113084
gcc_coreutils_64_O0_touch,benign,clean,43136,48312,0.286559,0.005193,0.005193,0.005193,0.005193,0.005193,0.005193,5.713090,benign,benign,benign,benign,benign,1.153961,0.079695,1.153961,1.400533,425.044913,425.044913,740.609031
gcc_coreutils_64_O3_unexpand,benign,clean,24698,26828,0.263584,0.002352,0.002352,0.002352,0.002352,0.002352,0.002352,6.289310,benign,benign,benign,benign,benign,0.600878,0.066117,0.600878,0.886531,405.433442,405.433442,750.157451
icc_coreutils_64_O3_groups,benign,clean,24379,26572,0.267936,0.001765,0.001765,0.001765,0.001765,0.001765,0.001765,6.226732,benign,benign,benign,benign,benign,0.583891,0.070329,0.583891,0.865642,401.386636,401.386636,742.775660
icc_coreutils_64_O0_sleep,benign,clean,19242,21244,0.296487,0.003370,0.003370,0.003370,0.003370,0.003370,0.003370,5.777764,benign,benign,benign,benign,benign,0.912654,0.067671,0.912654,1.181517,485.350318,485.350318,814.227567
icc_coreutils_64_O2_chgrp,benign,clean,33337,36748,0.278669,0.002111,0.002111,0.278669,0.002111,0.002111,0.002111,6.231500,packed,packed,benign,benign,benign,0.704018,0.094808,0.704018,0.983480,484.530487,484.530245,808.432956
gcc_coreutils_64_O2_unexpand,benign,clean,16476,18108,0.276706,0.002786,0.002786,0.002786,0.002786,0.002786,0.002786,6.188837,benign,benign,benign,benign,benign,0.652922,0.077916,0.652922,0.930490,447.191799,447.191799,773.117261
desync_coreutils_64_O0_logname,obfuscated,pilot,37038,40418,0.293077,0.051452,0.028799,0.293077,0.028799,0.028799,0.028799,6.012177,packed,benign,obfuscated,obfuscated,obfuscated,21.961265,0.159419,21.961265,22.255730,753.869070,753.869070,1089.241538
desync_coreutils_64_O0_logname,obfuscated,d1_med,50633,55506,0.292240,0.065805,0.016248,0.292240,0.016248,0.016248,0.016248,6.109685,packed,packed,obfuscated,obfuscated,obfuscated,28.924116,0.181606,28.924108,29.214536,824.920098,824.909580,1160.886900
desync_coreutils_64_O0_logname,obfuscated,d2_heavy,118573,128978,0.277888,0.100661,0.017485,0.277888,0.017485,0.017485,0.017485,6.273546,packed,packed,obfuscated,obfuscated,obfuscated,43.923278,0.208761,43.923082,44.213087,986.062881,985.897852,1323.490769
desync_coreutils_64_O0_logname,obfuscated,d3_max,126777,137666,0.254936,0.124241,0.040921,0.254936,0.040921,0.040921,0.040921,6.611280,packed,packed,obfuscated,obfuscated,obfuscated,45.511459,0.220661,45.502274,45.807532,1036.754097,1029.302194,1371.691896
desync_coreutils_64_O0_runcon,obfuscated,pilot,39491,43106,0.292928,0.052355,0.027261,0.052355,0.027261,0.027261,0.027261,6.046622,benign,benign,obfuscated,obfuscated,obfuscated,21.956092,0.163940,21.956092,22.249865,756.564728,756.564728,1089.294619
desync_coreutils_64_O0_runcon,obfuscated,d1_med,54456,59650,0.292511,0.067471,0.016576,0.292511,0.016576,0.016576,0.016576,6.108841,packed,packed,obfuscated,obfuscated,obfuscated,27.475238,0.166264,27.475236,27.770040,826.707929,826.705853,1159.093038
desync_coreutils_64_O0_runcon,obfuscated,d2_heavy,127801,138994,0.278480,0.101281,0.018158,0.278480,0.018158,0.018158,0.018158,6.290844,packed,packed,obfuscated,obfuscated,obfuscated,44.900905,0.210707,44.900642,45.185437,996.262847,996.028802,1333.817261
desync_coreutils_64_O0_runcon,obfuscated,d3_max,136665,148386,0.255303,0.122931,0.039955,0.255303,0.039955,0.039955,0.039955,6.539158,packed,packed,obfuscated,obfuscated,obfuscated,43.699582,0.219939,43.689623,43.999183,1019.312924,1012.739743,1353.190976
desync_coreutils_64_O0_make-prime-list,obfuscated,d1_med,6494,7128,0.295504,0.060176,0.021762,0.060176,0.021762,0.021762,0.021762,6.011465,benign,benign,obfuscated,obfuscated,obfuscated,31.312056,0.194377,31.312056,31.599521,850.988183,850.988183,1190.379278
desync_coreutils_64_O0_make-prime-list,obfuscated,d2_heavy,14593,15816,0.277393,0.105239,0.036873,0.277393,0.036873,0.036873,0.036873,6.222478,packed,packed,obfuscated,obfuscated,obfuscated,17.277686,0.226995,17.277664,17.557312,1087.248712,1087.228039,1421.349344
desync_coreutils_64_O0_make-prime-list,obfuscated,d3_max,16435,17816,0.249407,0.125543,0.044468,0.249407,0.044468,0.044468,0.044468,6.492326,packed,packed,obfuscated,obfuscated,obfuscated,23.662645,0.221888,18.747584,46.667377,1043.500573,1033.279190,1377.390878
desync_coreutils_64_O0_factor,obfuscated,pilot,176711,194018,0.291063,0.050558,0.026650,0.050558,0.026650,0.026650,0.026650,6.086423,benign,packed,obfuscated,obfuscated,obfuscated,25.781015,0.180687,25.781015,26.056148,748.693273,748.693273,1087.444588
desync_coreutils_64_O0_od,obfuscated,pilot,184624,203442,0.276253,0.050549,0.025228,0.050549,0.025228,0.025228,0.025228,6.186649,benign,benign,obfuscated,obfuscated,obfuscated,21.196562,0.179429,21.196562,21.464445,735.483621,735.483621,1056.392349
desync_coreutils_64_O0_env,obfuscated,pilot,55432,60866,0.290266,0.051258,0.026737,0.290266,0.026737,0.026737,0.026737,6.037310,packed,benign,obfuscated,obfuscated,obfuscated,24.678791,0.169004,24.678791,24.961368,775.025339,775.025339,1111.604421
desync_coreutils_64_O0_env,obfuscated,d1_med,76197,83650,0.290353,0.068243,0.012490,0.290353,0.012490,0.012490,0.012490,6.137333,packed,packed,obfuscated,obfuscated,obfuscated,32.597818,0.188725,32.597816,32.874461,847.991722,847.989988,1185.557176
desync_coreutils_64_O0_ln,obfuscated,pilot,97707,107522,0.290399,0.052484,0.025109,0.052484,0.025109,0.025109,0.025109,6.079331,benign,benign,obfuscated,obfuscated,obfuscated,26.923179,0.183808,26.923179,27.197869,786.353262,786.353262,1122.417831
desync_coreutils_64_O0_ln,obfuscated,d1_med,131592,145266,0.289243,0.068581,0.012016,0.289243,0.012016,0.012016,0.012016,6.166534,packed,packed,obfuscated,obfuscated,obfuscated,33.095440,0.185873,33.095439,33.378359,870.496783,870.494487,1204.421968
desync_coreutils_64_O0_nl,obfuscated,pilot,50635,55170,0.290629,0.054781,0.024716,0.054781,0.024716,0.024716,0.024716,6.037030,benign,benign,obfuscated,obfuscated,obfuscated,23.638695,0.167948,23.638695,23.927300,778.861340,778.861340,1114.915063
desync_coreutils_64_O0_nl,obfuscated,d1_med,69168,75714,0.290221,0.068723,0.013906,0.290221,0.013906,0.013906,0.013906,6.098812,packed,packed,obfuscated,obfuscated,obfuscated,32.189135,0.187996,32.189132,32.479432,863.689024,863.685459,1201.330018
desync_coreutils_64_O0_vdir,obfuscated,pilot,209495,229506,0.288250,0.049946,0.027956,0.288250,0.027956,0.027956,0.027956,6.089434,packed,packed,obfuscated,obfuscated,obfuscated,23.526381,0.177014,23.526379,23.804294,740.079163,740.078027,1071.867931
desync_coreutils_64_O0_pr,obfuscated,pilot,107648,117730,0.288579,0.050625,0.027458,0.288579,0.027458,0.027458,0.027458,6.068819,packed,packed,obfuscated,obfuscated,obfuscated,23.701647,0.183605,23.701647,23.980919,754.227455,754.227264,1081.921779
desync_coreutils_64_O0_nproc,obfuscated,pilot,41554,45218,0.293377,0.051022,0.028693,0.051022,0.028693,0.028693,0.028693,6.066488,benign,benign,obfuscated,obfuscated,obfuscated,23.463287,0.173784,23.463287,23.756998,785.755492,785.755492,1122.865395
desync_coreutils_64_O0_nproc,obfuscated,d1_med,56992,62370,0.292602,0.067783,0.014541,0.292602,0.014541,0.014541,0.014541,6.126789,packed,packed,obfuscated,obfuscated,obfuscated,31.657690,0.190140,31.657687,31.939959,851.523500,851.520094,1186.102358
desync_coreutils_64_O0_nproc,obfuscated,d2_heavy,132209,143730,0.278816,0.101626,0.018183,0.278816,0.018183,0.018183,0.018183,6.314196,packed,packed,obfuscated,obfuscated,obfuscated,45.523798,0.215742,45.523568,45.810057,1004.118462,1003.904230,1341.921082
desync_coreutils_64_O0_nproc,obfuscated,d3_max,141563,153698,0.255434,0.123202,0.039788,0.255434,0.039788,0.039788,0.039788,6.557337,packed,packed,obfuscated,obfuscated,obfuscated,43.605798,0.221079,43.597000,43.903792,1013.300702,1006.063960,1347.779516
desync_coreutils_64_O0_sum,obfuscated,pilot,70654,77714,0.289255,0.050872,0.027098,0.050872,0.027098,0.027098,0.027098,6.076526,benign,benign,obfuscated,obfuscated,obfuscated,23.521511,0.168314,23.521511,23.801884,757.012337,757.012337,1086.346131
desync_coreutils_64_O0_sum,obfuscated,d1_med,95009,104738,0.289573,0.066318,0.014564,0.289573,0.014564,0.014564,0.014564,6.120327,packed,packed,obfuscated,obfuscated,obfuscated,31.168465,0.180234,31.168463,31.449333,849.226228,849.223471,1180.459594
desync_coreutils_64_O0_sync,obfuscated,pilot,40209,43938,0.293019,0.055655,0.025504,0.055655,0.025504,0.025504,0.025504,6.022391,benign,benign,obfuscated,obfuscated,obfuscated,24.572548,0.177892,24.572548,24.888156,796.226824,796.226824,1130.764406
desync_coreutils_64_O0_sync,obfuscated,d1_med,55341,60610,0.292134,0.069060,0.012980,0.292134,0.012980,0.012980,0.012980,6.107978,packed,packed,obfuscated,obfuscated,obfuscated,33.287397,0.196042,33.287377,33.571391,865.686343,865.662863,1201.840088
desync_coreutils_64_O0_sync,obfuscated,d2_heavy,129751,141138,0.277562,0.099749,0.016743,0.277562,0.016743,0.016743,0.016743,6.333219,packed,packed,obfuscated,obfuscated,obfuscated,43.571925,0.213171,43.571608,43.859682,988.349906,988.112507,1325.541978
desync_coreutils_64_O0_sync,obfuscated,d3_max,138195,150098,0.254604,0.124071,0.040894,0.254604,0.040894,0.040894,0.040894,6.647159,packed,packed,obfuscated,obfuscated,obfuscated,45.024899,0.219068,45.016251,45.320521,1032.036619,1024.978722,1367.391385
desync_coreutils_64_O0_join,obfuscated,pilot,70157,76738,0.291033,0.056361,0.024838,0.056361,0.024838,0.024838,0.024838,6.046080,benign,benign,obfuscated,obfuscated,obfuscated,26.156342,0.181416,26.156342,26.442564,791.530134,791.530134,1129.507752
desync_coreutils_64_O0_join,obfuscated,d1_med,95864,105074,0.290839,0.069226,0.012250,0.290839,0.012250,0.012250,0.012250,6.172968,packed,packed,obfuscated,obfuscated,obfuscated,33.241287,0.186125,33.241278,33.522996,867.353706,867.341602,1202.573135
desync_coreutils_64_O0_wc,obfuscated,pilot,78664,85538,0.277459,0.058850,0.019407,0.058850,0.019407,0.019407,0.019407,6.025626,benign,benign,obfuscated,obfuscated,obfuscated,25.003905,0.174330,25.003905,25.288005,766.439028,766.439028,1105.533305
desync_coreutils_64_O0_wc,obfuscated,d1_med,104853,114482,0.278981,0.073074,0.008908,0.278981,0.008908,0.008908,0.008908,6.165962,packed,packed,obfuscated,obfuscated,obfuscated,33.705106,0.188765,33.705104,33.986201,860.425075,860.422833,1198.321422
desync_coreutils_64_O0_uniq,obfuscated,pilot,54170,59202,0.291028,0.051969,0.027127,0.051969,0.027127,0.027127,0.027127,6.077203,benign,benign,obfuscated,obfuscated,obfuscated,24.525440,0.175752,24.525440,24.808677,765.429146,765.429146,1098.748788
desync_coreutils_64_O0_uniq,obfuscated,d1_med,73545,80610,0.289360,0.065835,0.014831,0.289360,0.014831,0.014831,0.014831,6.169533,packed,packed,obfuscated,obfuscated,obfuscated,30.239868,0.184303,30.239851,30.529724,848.607848,848.587995,1182.315222
desync_coreutils_64_O0_chroot,obfuscated,pilot,55162,60466,0.292466,0.053705,0.025991,0.053705,0.025991,0.025991,0.025991,6.058173,benign,packed,obfuscated,obfuscated,obfuscated,25.305979,0.175192,25.305979,25.589451,794.823826,794.823826,1126.101144
desync_coreutils_64_O0_chroot,obfuscated,d1_med,74787,82242,0.290866,0.067569,0.013267,0.290866,0.013267,0.013267,0.013267,6.201961,packed,packed,obfuscated,obfuscated,obfuscated,32.632181,0.192040,32.632175,32.914070,868.979546,868.973284,1202.461975
desync_coreutils_64_O0_tail,obfuscated,pilot,130672,143794,0.284575,0.050919,0.024984,0.050919,0.024984,0.024984,0.024984,6.106717,benign,benign,obfuscated,obfuscated,obfuscated,25.894622,0.185947,25.894622,26.171692,782.047270,782.047270,1120.308798
desync_coreutils_64_O0_numfmt,obfuscated,pilot,79480,87138,0.290388,0.051851,0.026514,0.290388,0.026514,0.026514,0.026514,6.154597,packed,packed,obfuscated,obfuscated,obfuscated,24.269323,0.175506,24.269314,24.554781,762.306308,762.300019,1095.318215
desync_coreutils_64_O0_numfmt,obfuscated,d1_med,107390,117986,0.289198,0.067810,0.013062,0.289198,0.013062,0.013062,0.013062,6.249637,packed,packed,obfuscated,obfuscated,obfuscated,32.134136,0.189152,32.134121,32.415071,850.372329,850.356503,1184.178571
desync_coreutils_64_O0_tac,obfuscated,pilot,51903,56946,0.289791,0.054088,0.024362,0.054088,0.024362,0.024362,0.024362,6.055009,benign,benign,obfuscated,obfuscated,obfuscated,25.031726,0.169642,25.031726,25.321183,811.371007,811.371007,1148.982523
desync_coreutils_64_O0_tac,obfuscated,d1_med,71558,78594,0.287459,0.066839,0.013262,0.287459,0.013262,0.013262,0.013262,6.136952,packed,packed,obfuscated,obfuscated,obfuscated,31.082179,0.180376,31.082174,31.367883,866.958128,866.952349,1200.563408
desync_coreutils_64_O0_split,obfuscated,pilot,91902,100962,0.288405,0.051459,0.026124,0.288405,0.026124,0.026124,0.026124,6.034661,packed,benign,obfuscated,obfuscated,obfuscated,24.662780,0.173318,24.662780,24.948369,778.697824,778.697824,1114.092374
desync_coreutils_64_O0_split,obfuscated,d1_med,124151,136738,0.287497,0.069101,0.011180,0.287497,0.011180,0.011180,0.011180,6.137791,packed,packed,obfuscated,obfuscated,obfuscated,33.229649,0.185259,33.229648,33.510431,872.043235,872.042748,1206.648623
desync_coreutils_64_O0_nice,obfuscated,pilot,41297,45122,0.293484,0.054901,0.026213,0.054901,0.026213,0.026213,0.026213,6.040477,benign,benign,obfuscated,obfuscated,obfuscated,23.702371,0.170404,23.702371,23.995214,770.673553,770.673553,1104.127880
desync_coreutils_64_O0_nice,obfuscated,d1_med,56963,62450,0.292277,0.066015,0.015693,0.292277,0.015693,0.015693,0.015693,6.141167,packed,packed,obfuscated,obfuscated,obfuscated,29.419656,0.181579,29.419644,29.705619,839.013257,839.000847,1171.804925
desync_coreutils_64_O0_nice,obfuscated,d2_heavy,132610,144290,0.277837,0.099408,0.016526,0.277837,0.016526,0.016526,0.016526,6.285519,packed,packed,obfuscated,obfuscated,obfuscated,45.064815,0.216737,45.064614,45.350286,998.792940,998.595445,1337.638167
desync_coreutils_64_O0_nice,obfuscated,d3_max,141539,153938,0.255025,0.122982,0.039642,0.255025,0.039642,0.039642,0.039642,6.591538,packed,packed,obfuscated,obfuscated,obfuscated,42.012047,0.214639,42.003110,42.311546,1002.674996,995.488204,1336.019287
desync_coreutils_64_O0_shuf,obfuscated,pilot,90314,99042,0.292092,0.049504,0.028206,0.292092,0.028206,0.028206,0.028206,6.045313,packed,benign,obfuscated,obfuscated,obfuscated,24.843618,0.174989,24.843618,25.121832,753.662990,753.662990,1090.993965
desync_coreutils_64_O0_shuf,obfuscated,d1_med,123020,135186,0.292026,0.066995,0.013593,0.292026,0.013593,0.013593,0.013593,6.113020,packed,packed,obfuscated,obfuscated,obfuscated,32.570527,0.193148,32.570525,32.846208,845.490230,845.487939,1179.590997
desync_coreutils_64_O0_nohup,obfuscated,pilot,44030,48386,0.292414,0.050996,0.028238,0.050996,0.028238,0.028238,0.028238,6.027934,benign,benign,obfuscated,obfuscated,obfuscated,23.845622,0.173202,23.845622,24.132968,787.551233,787.551233,1119.069117
desync_coreutils_64_O0_nohup,obfuscated,d1_med,60747,66802,0.291010,0.069099,0.012649,0.291010,0.012649,0.012649,0.012649,6.111891,packed,packed,obfuscated,obfuscated,obfuscated,33.596215,0.192584,33.596204,33.876664,872.190906,872.178560,1206.073637
desync_coreutils_64_O0_nohup,obfuscated,d2_heavy,142387,155122,0.276823,0.102355,0.019242,0.276823,0.019242,0.019242,0.019242,6.317208,packed,packed,obfuscated,obfuscated,obfuscated,47.133355,0.217499,47.133166,47.420028,1024.862077,1024.712322,1361.446070
desync_coreutils_64_O0_csplit,obfuscated,pilot,71967,78594,0.290397,0.052968,0.024940,0.052968,0.024940,0.024940,0.024940,6.041450,benign,benign,obfuscated,obfuscated,obfuscated,25.723646,0.172386,25.723646,26.008785,786.559501,786.559501,1124.801053
desync_coreutils_64_O0_csplit,obfuscated,d1_med,97730,106962,0.290320,0.069308,0.011181,0.290320,0.011181,0.011181,0.011181,6.090544,packed,packed,obfuscated,obfuscated,obfuscated,33.530683,0.188979,33.530678,33.819407,868.759454,868.754759,1204.528763
desync_coreutils_64_O0_du,obfuscated,pilot,168640,184562,0.288443,0.051774,0.025584,0.051774,0.025584,0.025584,0.025584,6.121970,benign,benign,obfuscated,obfuscated,obfuscated,25.582224,0.183052,25.582224,25.854035,757.731905,757.731905,1090.763756
desync_coreutils_64_O0_df,obfuscated,pilot,230756,254610,0.278008,0.049582,0.025694,0.049582,0.025694,0.025694,0.025694,6.203508,benign,packed,obfuscated,obfuscated,obfuscated,22.707950,0.181508,22.707950,22.971117,738.801391,738.801391,1063.231344
desync_coreutils_64_O0_cp,obfuscated,pilot,179308,198082,0.285431,0.050049,0.025630,0.050049,0.025630,0.025630,0.025630,6.075134,benign,benign,obfuscated,obfuscated,obfuscated,26.495680,0.185422,26.495680,26.774497,770.046134,770.046134,1098.021480
desync_coreutils_64_O0_expand,obfuscated,pilot,46546,50674,0.291303,0.052660,0.025450,0.052660,0.025450,0.025450,0.025450,6.021206,benign,benign,obfuscated,obfuscated,obfuscated,24.940979,0.181584,24.940979,25.229717,785.400897,785.400897,1125.260767
desync_coreutils_64_O0_expand,obfuscated,d1_med,63294,69186,0.290786,0.065322,0.015141,0.290786,0.015141,0.015141,0.015141,6.073867,packed,packed,obfuscated,obfuscated,obfuscated,30.621784,0.177843,30.621781,30.910942,847.275953,847.272238,1184.919161
desync_coreutils_64_O0_uname,obfuscated,pilot,37931,41394,0.293138,0.052378,0.027889,0.052378,0.027889,0.027889,0.027889,6.027814,benign,benign,obfuscated,obfuscated,obfuscated,23.248562,0.170947,23.248562,23.538481,777.556428,777.556428,1112.024274
desync_coreutils_64_O0_uname,obfuscated,d1_med,51953,56866,0.292206,0.067510,0.015313,0.292206,0.015313,0.015313,0.015313,6.110423,packed,packed,obfuscated,obfuscated,obfuscated,30.403393,0.185703,30.403354,30.691884,853.106235,853.068127,1188.230645
desync_coreutils_64_O0_uname,obfuscated,d2_heavy,121596,132242,0.277517,0.100579,0.017460,0.277517,0.017460,0.017460,0.017460,6.282183,packed,packed,obfuscated,obfuscated,obfuscated,44.627491,0.218602,44.627315,44.914332,991.905882,991.737930,1330.747910
desync_coreutils_64_O0_uname,obfuscated,d3_max,129949,141122,0.254515,0.123188,0.040350,0.254515,0.040350,0.040350,0.040350,6.640931,packed,packed,obfuscated,obfuscated,obfuscated,43.227803,0.223887,43.218907,43.526062,1011.060384,1003.752884,1345.322670
desync_coreutils_64_O0_who,obfuscated,pilot,160643,177442,0.275132,0.049898,0.025251,0.275132,0.025251,0.025251,0.025251,6.212312,packed,benign,obfuscated,obfuscated,obfuscated,21.903586,0.182522,21.903586,22.167759,751.176262,751.176262,1071.336059
desync_coreutils_64_O0_sort,obfuscated,pilot,203942,224290,0.288798,0.050176,0.026026,0.050176,0.026026,0.026026,0.026026,6.073872,benign,benign,obfuscated,obfuscated,obfuscated,26.891225,0.192498,26.891225,27.156443,754.427041,754.427041,1087.126132
desync_coreutils_64_O0_tty,obfuscated,pilot,36007,39218,0.293804,0.051629,0.028651,0.051629,0.028651,0.028651,0.028651,6.030161,benign,benign,obfuscated,obfuscated,obfuscated,21.879069,0.161601,21.879069,22.177560,772.240879,772.240879,1108.111339
desync_coreutils_64_O0_tty,obfuscated,d1_med,49495,54178,0.293727,0.066818,0.016010,0.293727,0.016010,0.016010,0.016010,6.126635,packed,packed,obfuscated,obfuscated,obfuscated,28.985239,0.178874,28.985229,29.270374,830.596040,830.583649,1166.255717
desync_coreutils_64_O0_tty,obfuscated,d2_heavy,115662,125666,0.277870,0.101777,0.018645,0.277870,0.018645,0.018645,0.018645,6.318641,packed,packed,obfuscated,obfuscated,obfuscated,44.972404,0.210615,44.972199,45.258804,1004.604892,1004.430173,1342.955409
desync_coreutils_64_O0_tty,obfuscated,d3_max,123543,134194,0.255514,0.121768,0.038816,0.255514,0.038816,0.038816,0.038816,6.596501,packed,packed,obfuscated,obfuscated,obfuscated,41.971820,0.218304,41.954823,42.273625,1002.954780,995.697295,1338.007073
desync_coreutils_64_O0_printenv,obfuscated,pilot,36715,39970,0.293858,0.053795,0.026630,0.293858,0.026630,0.026630,0.026630,6.025765,packed,benign,obfuscated,obfuscated,obfuscated,22.615423,0.170838,22.615423,22.909325,771.529409,771.529409,1106.901657
desync_coreutils_64_O0_printenv,obfuscated,d1_med,50281,55058,0.293471,0.064528,0.017878,0.293471,0.017878,0.017878,0.017878,6.105898,packed,packed,obfuscated,obfuscated,obfuscated,27.377972,0.164598,27.377957,27.668157,816.246546,816.230222,1150.170949
desync_coreutils_64_O0_printenv,obfuscated,d2_heavy,117396,127618,0.278459,0.100935,0.017665,0.278459,0.017665,0.017665,0.017665,6.323415,packed,packed,obfuscated,obfuscated,obfuscated,44.387899,0.207995,44.387702,44.673779,996.630173,996.453179,1334.984765
desync_coreutils_64_O0_printenv,obfuscated,d3_max,125466,136178,0.255543,0.123569,0.040487,0.255543,0.040487,0.040487,0.040487,6.579873,packed,packed,obfuscated,obfuscated,obfuscated,42.104733,0.212904,42.095631,42.412833,1007.881768,1000.844574,1342.682758
desync_coreutils_64_O0_dd,obfuscated,pilot,192362,212738,0.276744,0.050289,0.024854,0.276744,0.024854,0.024854,0.024854,6.218563,packed,packed,obfuscated,obfuscated,obfuscated,22.983124,0.184735,22.983118,23.248608,744.263990,744.260371,1068.079458
desync_coreutils_64_O0_mkfifo,obfuscated,pilot,43919,47890,0.294360,0.051070,0.028849,0.051070,0.028849,0.028849,0.028849,6.019642,benign,benign,obfuscated,obfuscated,obfuscated,22.637392,0.180341,22.637392,22.923707,750.748773,750.748773,1084.595789
desync_coreutils_64_O0_mkfifo,obfuscated,d1_med,59902,65586,0.293797,0.068650,0.014135,0.293797,0.014135,0.014135,0.014135,6.127688,packed,packed,obfuscated,obfuscated,obfuscated,31.727345,0.192855,31.727345,32.011077,847.371365,847.371051,1180.918002
desync_coreutils_64_O0_mkfifo,obfuscated,d2_heavy,139261,151490,0.279633,0.099598,0.016251,0.279633,0.016251,0.016251,0.016251,6.316581,packed,packed,obfuscated,obfuscated,obfuscated,44.945716,0.216575,44.945505,45.233155,1010.371832,1010.171075,1346.621909
desync_coreutils_64_O0_sha224sum,obfuscated,pilot,85540,95298,0.305272,0.048201,0.031672,0.048201,0.031672,0.031672,0.031672,6.110339,benign,benign,obfuscated,obfuscated,obfuscated,26.398017,0.189331,26.398017,26.663441,744.626469,744.626469,1066.085635
desync_coreutils_64_O0_sha224sum,obfuscated,d1_med,112220,124946,0.301194,0.062851,0.018406,0.301194,0.018406,0.018406,0.018406,6.128851,packed,packed,obfuscated,obfuscated,obfuscated,32.759753,0.201584,32.759739,33.016927,812.372406,812.358117,1135.026675
desync_coreutils_64_O0_cat,obfuscated,pilot,48625,53330,0.292113,0.051602,0.027239,0.051602,0.027239,0.027239,0.027239,6.052091,benign,benign,obfuscated,obfuscated,obfuscated,24.242705,0.167816,24.242705,24.524155,771.479605,771.479605,1106.604890
desync_coreutils_64_O0_cat,obfuscated,d1_med,67235,73826,0.290860,0.065900,0.014805,0.290860,0.014805,0.014805,0.014805,6.148535,packed,packed,obfuscated,obfuscated,obfuscated,31.249480,0.191819,31.249479,31.532821,848.472666,848.471839,1181.605366
desync_coreutils_64_O0_fmt,obfuscated,pilot,54774,59522,0.294209,0.049755,0.029630,0.049755,0.029630,0.029630,0.029630,6.094166,benign,benign,obfuscated,obfuscated,obfuscated,25.747593,0.180800,25.747593,26.030068,781.947972,781.947972,1119.196157
desync_coreutils_64_O0_fmt,obfuscated,d1_med,73665,80546,0.292554,0.067706,0.013168,0.292554,0.013168,0.013168,0.013168,6.155250,packed,packed,obfuscated,obfuscated,obfuscated,33.299161,0.187644,33.299150,33.579058,865.197501,865.185609,1201.865976
desync_coreutils_64_O0_head,obfuscated,pilot,60104,66146,0.288217,0.050366,0.027098,0.050366,0.027098,0.027098,0.027098,6.073847,benign,benign,obfuscated,obfuscated,obfuscated,24.831062,0.184203,24.831062,25.107832,763.435999,763.435999,1097.360463
desync_coreutils_64_O0_head,obfuscated,d1_med,82054,90418,0.289395,0.066712,0.013168,0.289395,0.013168,0.013168,0.013168,6.202463,packed,packed,obfuscated,obfuscated,obfuscated,32.203335,0.189657,32.203319,32.480833,852.118687,852.100124,1185.626363
desync_coreutils_64_O0_sha384sum,obfuscated,pilot,96420,106354,0.275223,0.041311,0.030256,0.275223,0.030256,0.030256,0.030256,6.124744,packed,packed,obfuscated,obfuscated,obfuscated,19.757811,0.182463,19.757800,20.011081,657.193575,657.179869,974.467935
desync_coreutils_64_O0_sha384sum,obfuscated,d1_med,124445,137362,0.276427,0.057708,0.017474,0.276427,0.017474,0.017474,0.017474,6.162667,packed,packed,obfuscated,obfuscated,obfuscated,27.116646,0.196405,27.116643,27.377275,747.407330,747.403837,1068.967922
desync_coreutils_64_O0_uptime,obfuscated,pilot,75484,82898,0.287491,0.049477,0.028626,0.049477,0.028626,0.028626,0.028626,6.046745,benign,benign,obfuscated,obfuscated,obfuscated,21.959393,0.174630,21.959393,22.232910,735.202674,735.202674,1057.582667
desync_coreutils_64_O0_uptime,obfuscated,d1_med,101598,111906,0.286777,0.064668,0.015377,0.286777,0.015377,0.015377,0.015377,6.123719,packed,packed,obfuscated,obfuscated,obfuscated,28.310192,0.181882,28.310188,28.586883,807.694458,807.689334,1129.443591
desync_coreutils_64_O0_chgrp,obfuscated,pilot,97844,107218,0.292384,0.049639,0.028202,0.292384,0.028202,0.028202,0.028202,6.074253,packed,packed,obfuscated,obfuscated,obfuscated,25.366857,0.175233,25.366857,25.644009,760.101450,760.101408,1098.751279
desync_coreutils_64_O0_chgrp,obfuscated,d1_med,132728,145762,0.291694,0.066953,0.013376,0.291694,0.013376,0.013376,0.013376,6.193190,packed,packed,obfuscated,obfuscated,obfuscated,32.728958,0.189297,32.728946,33.008809,852.460403,852.447268,1189.115734
desync_coreutils_64_O0_paste,obfuscated,pilot,45252,49218,0.291611,0.052543,0.026844,0.052543,0.026844,0.026844,0.026844,6.037446,benign,benign,obfuscated,obfuscated,obfuscated,24.290792,0.175326,24.290792,24.574584,775.459918,775.459918,1110.992100
desync_coreutils_64_O0_paste,obfuscated,d1_med,62125,67858,0.290640,0.070787,0.012431,0.290640,0.012431,0.012431,0.012431,6.146678,packed,packed,obfuscated,obfuscated,obfuscated,32.702021,0.184563,32.702009,32.988358,868.145597,868.135283,1205.114937
desync_coreutils_64_O0_paste,obfuscated,d2_heavy,145699,158274,0.276749,0.101197,0.018295,0.276749,0.018295,0.018295,0.018295,6.298477,packed,packed,obfuscated,obfuscated,obfuscated,46.871799,0.218550,46.871613,47.158006,1016.021179,1015.866089,1355.610561
desync_coreutils_64_O0_stty,obfuscated,pilot,177722,196242,0.276629,0.049500,0.025692,0.049500,0.025692,0.025692,0.025692,6.144683,benign,benign,obfuscated,obfuscated,obfuscated,22.409844,0.185401,22.409844,22.677394,755.961101,755.961101,1077.645614
desync_coreutils_64_O0_seq,obfuscated,pilot,151803,167858,0.275021,0.050889,0.024456,0.050889,0.024456,0.024456,0.024456,6.219251,benign,benign,obfuscated,obfuscated,obfuscated,21.780539,0.179431,21.780539,22.047433,749.141284,749.141284,1069.212081
desync_coreutils_64_O0_tr,obfuscated,pilot,69569,75746,0.293076,0.053249,0.025881,0.293076,0.025881,0.025881,0.025881,6.048954,packed,benign,obfuscated,obfuscated,obfuscated,25.538603,0.187848,25.538603,25.813018,756.674200,756.674200,1092.442606
desync_coreutils_64_O0_tr,obfuscated,d1_med,94551,103522,0.292392,0.067876,0.013992,0.292392,0.013992,0.013992,0.013992,6.192358,packed,packed,obfuscated,obfuscated,obfuscated,31.622840,0.191173,31.622836,31.900912,833.882759,833.877549,1169.668349
desync_coreutils_64_O0_[,obfuscated,pilot,161219,177906,0.276680,0.050126,0.025229,0.050126,0.025229,0.025229,0.025229,6.249190,benign,benign,obfuscated,obfuscated,obfuscated,21.838265,0.179908,21.838265,22.105591,748.746033,748.746033,1070.418803
desync_coreutils_64_O0_date,obfuscated,pilot,249597,275794,0.273697,0.048796,0.026757,0.273697,0.026757,0.026757,0.026757,6.218126,packed,packed,obfuscated,obfuscated,obfuscated,20.745961,0.181620,20.745961,21.006220,711.818778,711.818778,1024.910856
desync_coreutils_64_O0_groups,obfuscated,pilot,42414,46162,0.294172,0.052437,0.027373,0.294172,0.027373,0.027373,0.027373,6.037169,packed,benign,obfuscated,obfuscated,obfuscated,24.588810,0.174748,24.588810,24.886577,803.339263,803.339263,1140.064526
desync_coreutils_64_O0_groups,obfuscated,d1_med,58162,63602,0.291702,0.067843,0.013618,0.291702,0.013618,0.013618,0.013618,6.099201,packed,packed,obfuscated,obfuscated,obfuscated,33.516651,0.189502,33.516645,33.803872,873.320917,873.314673,1209.077932
desync_coreutils_64_O0_groups,obfuscated,d2_heavy,135762,147522,0.277986,0.099318,0.016536,0.277986,0.016536,0.016536,0.016536,6.325298,packed,packed,obfuscated,obfuscated,obfuscated,46.639440,0.217999,46.639208,46.924119,1012.508941,1012.301795,1352.050368
desync_coreutils_64_O0_groups,obfuscated,d3_max,144610,156946,0.254332,0.122572,0.040108,0.254332,0.040108,0.040108,0.040108,6.619763,packed,packed,obfuscated,obfuscated,obfuscated,45.318726,0.222234,45.309617,45.616155,1039.268906,1031.905782,1374.744283
desync_coreutils_64_O0_b2sum,obfuscated,pilot,112367,123730,0.291536,0.050760,0.026057,0.050760,0.026057,0.026057,0.026057,6.022697,benign,benign,obfuscated,obfuscated,obfuscated,26.031204,0.179075,26.031204,26.286194,719.856566,719.856566,1056.918685
desync_coreutils_64_O0_id,obfuscated,pilot,55189,60274,0.291888,0.054414,0.024834,0.054414,0.024834,0.024834,0.024834,6.090854,benign,benign,obfuscated,obfuscated,obfuscated,25.570523,0.177852,25.570523,25.860523,811.911260,811.911260,1145.442742
desync_coreutils_64_O0_id,obfuscated,d1_med,75725,83026,0.289574,0.070086,0.011895,0.289574,0.011895,0.011895,0.011895,6.100308,packed,packed,obfuscated,obfuscated,obfuscated,32.799782,0.184378,32.799780,33.089107,879.337548,879.334210,1214.730570
desync_coreutils_64_O0_basename,obfuscated,pilot,38692,42162,0.294428,0.052965,0.026996,0.052965,0.026996,0.026996,0.026996,6.029202,benign,benign,obfuscated,obfuscated,obfuscated,22.754723,0.168516,22.754723,23.048170,780.991983,780.991983,1115.101244
desync_coreutils_64_O0_basename,obfuscated,d1_med,53509,58562,0.293072,0.066813,0.015769,0.293072,0.015769,0.015769,0.015769,6.108257,packed,packed,obfuscated,obfuscated,obfuscated,30.012686,0.175573,30.012685,30.301261,841.788813,841.787019,1176.612261
desync_coreutils_64_O0_basename,obfuscated,d2_heavy,125576,136434,0.277752,0.102074,0.018547,0.277752,0.018547,0.018547,0.018547,6.314018,packed,packed,obfuscated,obfuscated,obfuscated,45.704094,0.217598,45.703827,45.988440,1004.144813,1003.907462,1340.585035
desync_coreutils_64_O0_basename,obfuscated,d3_max,134291,145730,0.255170,0.123911,0.040266,0.255170,0.040266,0.040266,0.040266,6.613648,packed,packed,obfuscated,obfuscated,obfuscated,43.617765,0.212756,43.608402,43.921072,1019.915624,1012.547711,1355.173296
desync_coreutils_64_O0_pinky,obfuscated,pilot,57474,62898,0.289940,0.053016,0.025314,0.289940,0.025314,0.025314,0.025314,6.030828,packed,benign,obfuscated,obfuscated,obfuscated,24.479234,0.168892,24.479234,24.762803,772.441085,772.441085,1104.734229
desync_coreutils_64_O0_pinky,obfuscated,d1_med,77877,85442,0.289033,0.065185,0.014731,0.289033,0.014731,0.014731,0.014731,6.095959,packed,packed,obfuscated,obfuscated,obfuscated,30.682297,0.181812,30.682285,30.960235,835.826813,835.804804,1170.240339
desync_coreutils_64_O0_realpath,obfuscated,pilot,65757,71746,0.294083,0.049736,0.029127,0.049736,0.029127,0.029127,0.029127,6.128792,benign,benign,obfuscated,obfuscated,obfuscated,24.085977,0.178488,24.085977,24.370503,753.098657,753.098657,1090.042590
desync_coreutils_64_O0_realpath,obfuscated,d1_med,89248,97746,0.292791,0.064896,0.016348,0.292791,0.016348,0.016348,0.016348,6.140789,packed,packed,obfuscated,obfuscated,obfuscated,29.915136,0.181061,29.915133,30.197858,824.814366,824.810477,1160.209952
desync_coreutils_64_O0_base64,obfuscated,pilot,53160,57826,0.293360,0.053692,0.025687,0.053692,0.025687,0.025687,0.025687,6.035221,benign,benign,obfuscated,obfuscated,obfuscated,25.891782,0.179845,25.891782,26.177917,794.181040,794.181040,1131.639708
desync_coreutils_64_O0_base64,obfuscated,d1_med,73296,80002,0.292171,0.068929,0.012884,0.292171,0.012884,0.012884,0.012884,6.186120,packed,packed,obfuscated,obfuscated,obfuscated,33.258381,0.194993,33.258376,33.538852,867.094351,867.088672,1202.950096
desync_coreutils_64_O0_mktemp,obfuscated,pilot,44310,48578,0.290837,0.052027,0.027191,0.052027,0.027191,0.027191,0.027191,6.035226,benign,benign,obfuscated,obfuscated,obfuscated,23.299637,0.175050,23.299637,23.593635,773.247727,773.247727,1107.424749
desync_coreutils_64_O0_mktemp,obfuscated,d1_med,60954,66994,0.290531,0.067575,0.013288,0.290531,0.013288,0.013288,0.013288,6.099020,packed,packed,obfuscated,obfuscated,obfuscated,30.789430,0.180355,30.789428,31.076612,854.460319,854.458686,1188.532619
desync_coreutils_64_O0_mktemp,obfuscated,d2_heavy,142799,155490,0.276515,0.101410,0.018514,0.276515,0.018514,0.018514,0.018514,6.314277,packed,packed,obfuscated,obfuscated,obfuscated,45.401642,0.209525,45.401506,45.701783,1006.649475,1006.526746,1343.686031
desync_coreutils_64_O0_readlink,obfuscated,pilot,62163,68002,0.293953,0.048809,0.029923,0.048809,0.029923,0.029923,0.029923,6.046682,benign,benign,obfuscated,obfuscated,obfuscated,22.645094,0.171399,22.645094,22.932397,745.125621,745.125621,1081.417727
desync_coreutils_64_O0_readlink,obfuscated,d1_med,85004,93250,0.292257,0.064654,0.016360,0.292257,0.016360,0.016360,0.016360,6.121492,packed,packed,obfuscated,obfuscated,obfuscated,29.645437,0.182210,29.645433,29.924939,815.404824,815.400005,1152.101253
desync_coreutils_64_O0_kill,obfuscated,pilot,43159,47026,0.293033,0.051703,0.027316,0.051703,0.027316,0.027316,0.027316,6.024610,benign,benign,obfuscated,obfuscated,obfuscated,24.025752,0.175579,24.025752,24.314394,778.901277,778.901277,1115.018867
desync_coreutils_64_O0_kill,obfuscated,d1_med,59057,64722,0.292666,0.066420,0.015050,0.292666,0.015050,0.015050,0.015050,6.118608,packed,packed,obfuscated,obfuscated,obfuscated,31.873192,0.181430,31.873191,32.161526,865.770171,865.769494,1200.883468
desync_coreutils_64_O0_kill,obfuscated,d2_heavy,137629,149554,0.276882,0.101224,0.018338,0.276882,0.018338,0.018338,0.018338,6.318642,packed,packed,obfuscated,obfuscated,obfuscated,45.565850,0.209806,45.565666,45.855552,1017.241974,1017.072932,1355.684753
desync_coreutils_64_O0_chmod,obfuscated,pilot,95374,104098,0.293109,0.050241,0.027309,0.050241,0.027309,0.027309,0.027309,6.089647,benign,benign,obfuscated,obfuscated,obfuscated,26.238563,0.176078,26.238563,26.513129,760.555102,760.555102,1102.083018
desync_coreutils_64_O0_chmod,obfuscated,d1_med,128889,141170,0.291949,0.065535,0.014445,0.291949,0.014445,0.014445,0.014445,6.184154,packed,packed,obfuscated,obfuscated,obfuscated,33.093884,0.198538,33.093880,33.370131,845.889086,845.885900,1186.071875
desync_coreutils_64_O0_basenc,obfuscated,pilot,72849,78946,0.294554,0.053197,0.026457,0.053197,0.026457,0.026457,0.026457,6.091377,benign,benign,obfuscated,obfuscated,obfuscated,25.365088,0.176870,25.365088,25.648506,770.804450,770.804450,1105.684396
desync_coreutils_64_O0_basenc,obfuscated,d1_med,99287,108162,0.294550,0.068407,0.014393,0.294550,0.014393,0.014393,0.014393,6.163996,packed,packed,obfuscated,obfuscated,obfuscated,32.192451,0.188700,32.192444,32.475402,849.161540,849.155219,1185.218527
desync_coreutils_64_O0_printf,obfuscated,pilot,154108,170466,0.275417,0.050192,0.025515,0.050192,0.025515,0.025515,0.025515,6.206255,benign,benign,obfuscated,obfuscated,obfuscated,20.819338,0.176597,20.819338,21.085614,736.403025,736.403025,1054.892424
desync_coreutils_64_O0_install,obfuscated,pilot,297366,328354,0.280086,0.050332,0.024805,0.050332,0.024805,0.024805,0.024805,6.192200,benign,benign,obfuscated,obfuscated,obfuscated,25.446121,0.190570,25.446121,25.707224,765.235937,765.235937,1088.315213
desync_coreutils_64_O0_true,obfuscated,pilot,35303,38466,0.294451,0.054529,0.026673,0.054529,0.026673,0.026673,0.026673,6.038726,benign,benign,obfuscated,obfuscated,obfuscated,22.080015,0.163945,22.080015,22.374064,763.462935,763.462935,1097.461764
desync_coreutils_64_O0_true,obfuscated,d1_med,48655,53234,0.293248,0.065172,0.017115,0.293248,0.017115,0.017115,0.017115,6.091738,packed,packed,obfuscated,obfuscated,obfuscated,28.320403,0.177920,28.320396,28.609480,823.300167,823.291263,1157.598926
desync_coreutils_64_O0_true,obfuscated,d2_heavy,113436,123378,0.278562,0.099340,0.016204,0.278562,0.016204,0.016204,0.016204,6.331640,packed,packed,obfuscated,obfuscated,obfuscated,44.484794,0.211967,44.484559,44.770575,989.655328,989.454705,1327.727616
desync_coreutils_64_O0_true,obfuscated,d3_max,121332,131746,0.255802,0.122386,0.039332,0.255802,0.039332,0.039332,0.039332,6.561056,packed,packed,obfuscated,obfuscated,obfuscated,43.799711,0.217367,43.791206,44.094687,1015.843377,1008.869948,1352.058281
desync_coreutils_64_O0_false,obfuscated,pilot,35507,38626,0.293998,0.054134,0.027680,0.054134,0.027680,0.027680,0.027680,6.004065,benign,packed,obfuscated,obfuscated,obfuscated,21.554829,0.161587,21.554829,21.850954,757.336323,757.336323,1094.822263
desync_coreutils_64_O0_false,obfuscated,d1_med,48750,53314,0.293292,0.065160,0.018261,0.293292,0.018261,0.018261,0.018261,6.078496,packed,packed,obfuscated,obfuscated,obfuscated,27.862617,0.186305,27.862616,28.161868,814.031489,814.030929,1149.765728
desync_coreutils_64_O0_false,obfuscated,d2_heavy,113434,123362,0.278726,0.099080,0.016018,0.278726,0.016018,0.016018,0.016018,6.308447,packed,packed,obfuscated,obfuscated,obfuscated,44.424176,0.216226,44.423970,44.709098,986.421210,986.237812,1323.231109
desync_coreutils_64_O0_false,obfuscated,d3_max,121184,131602,0.256098,0.121682,0.038508,0.256098,0.038508,0.038508,0.038508,6.568742,packed,packed,obfuscated,obfuscated,obfuscated,41.191768,0.213767,41.181952,41.496127,994.522605,986.967718,1330.166068
desync_coreutils_64_O0_sha1sum,obfuscated,pilot,70413,77314,0.296721,0.049833,0.029340,0.049833,0.029340,0.029340,0.029340,6.027660,benign,benign,obfuscated,obfuscated,obfuscated,24.713160,0.186330,24.713160,24.981770,754.524045,754.524045,1081.540369
desync_coreutils_64_O0_sha1sum,obfuscated,d1_med,95381,104850,0.295415,0.063882,0.017013,0.295415,0.017013,0.017013,0.017013,6.122750,packed,packed,obfuscated,obfuscated,obfuscated,31.687439,0.196635,31.687437,31.957479,827.009815,827.006596,1156.666572
desync_coreutils_64_O0_users,obfuscated,pilot,49650,54306,0.291944,0.052045,0.027103,0.052045,0.027103,0.027103,0.027103,6.029840,benign,benign,obfuscated,obfuscated,obfuscated,24.063396,0.173261,24.063396,24.346024,759.087554,759.087554,1093.157146
desync_coreutils_64_O0_users,obfuscated,d1_med,67110,73682,0.290910,0.068968,0.013101,0.290910,0.013101,0.013101,0.013101,6.088277,packed,packed,obfuscated,obfuscated,obfuscated,32.677377,0.190507,32.677359,32.958686,847.492486,847.479880,1182.617478
desync_coreutils_64_O0_sleep,obfuscated,pilot,41871,45618,0.293115,0.051652,0.028812,0.051652,0.028812,0.028812,0.028812,6.035930,benign,benign,obfuscated,obfuscated,obfuscated,22.106103,0.167861,22.106103,22.399792,759.417645,759.417645,1095.763677
desync_coreutils_64_O0_sleep,obfuscated,d1_med,57055,62466,0.291017,0.065652,0.016839,0.291017,0.016839,0.016839,0.016839,6.185700,packed,packed,obfuscated,obfuscated,obfuscated,28.458770,0.171511,28.458761,28.752088,836.479511,836.470377,1174.545715
desync_coreutils_64_O0_sleep,obfuscated,d2_heavy,132799,144418,0.277720,0.100278,0.017268,0.277720,0.017268,0.017268,0.017268,6.330112,packed,packed,obfuscated,obfuscated,obfuscated,44.413604,0.212491,44.413289,44.701343,993.129402,992.931908,1330.815244
desync_coreutils_64_O0_sleep,obfuscated,d3_max,142231,154418,0.254431,0.123257,0.040326,0.254431,0.040326,0.040326,0.040326,6.576069,packed,packed,obfuscated,obfuscated,obfuscated,42.864913,0.214692,42.856077,43.175885,1006.234330,999.248761,1341.779341
desync_coreutils_64_O0_getlimits,obfuscated,d1_med,63039,69218,0.288805,0.066348,0.015705,0.288805,0.015705,0.015705,0.015705,6.100966,packed,packed,obfuscated,obfuscated,obfuscated,28.589029,0.168861,28.588994,28.882586,822.287861,822.260477,1158.922553
desync_coreutils_64_O0_dirname,obfuscated,pilot,37621,40930,0.294251,0.052433,0.027662,0.052433,0.027662,0.027662,0.027662,6.004582,benign,benign,obfuscated,obfuscated,obfuscated,22.324953,0.171200,22.324953,22.625170,755.974376,755.974376,1091.047118
desync_coreutils_64_O0_dirname,obfuscated,d1_med,51384,56226,0.293301,0.067314,0.015050,0.293301,0.015050,0.015050,0.015050,6.064084,packed,packed,obfuscated,obfuscated,obfuscated,30.918310,0.182977,30.918306,31.208147,853.361012,853.356321,1188.192921
desync_coreutils_64_O0_dirname,obfuscated,d2_heavy,120230,130850,0.278109,0.101523,0.018045,0.278109,0.018045,0.018045,0.018045,6.275449,packed,packed,obfuscated,obfuscated,obfuscated,45.718861,0.218319,45.718672,46.005372,1009.042353,1008.876805,1345.792893
desync_coreutils_64_O0_dirname,obfuscated,d3_max,129291,140290,0.254960,0.123099,0.039768,0.254960,0.039768,0.039768,0.039768,6.562796,packed,packed,obfuscated,obfuscated,obfuscated,43.152943,0.219648,43.144021,43.453991,1016.620608,1009.345643,1352.664547
desync_coreutils_64_O0_pwd,obfuscated,pilot,42490,46578,0.292116,0.051118,0.027248,0.051118,0.027248,0.027248,0.027248,6.020013,benign,benign,obfuscated,obfuscated,obfuscated,23.536471,0.167872,23.536471,23.823557,777.658655,777.658655,1112.251617
desync_coreutils_64_O0_pwd,obfuscated,d1_med,58560,64370,0.290727,0.066819,0.015476,0.290727,0.015476,0.015476,0.015476,6.134769,packed,packed,obfuscated,obfuscated,obfuscated,30.398031,0.184801,30.398028,30.681692,843.583275,843.579553,1180.235682
desync_coreutils_64_O0_pwd,obfuscated,d2_heavy,137972,150146,0.276817,0.101383,0.018642,0.276817,0.018642,0.018642,0.018642,6.285379,packed,packed,obfuscated,obfuscated,obfuscated,45.106824,0.217163,45.106615,45.393630,999.665840,999.466971,1336.510483
desync_coreutils_64_O0_ls,obfuscated,pilot,209551,229506,0.288173,0.049871,0.027620,0.288173,0.027620,0.027620,0.027620,6.066168,packed,packed,obfuscated,obfuscated,obfuscated,23.496582,0.173627,23.496581,23.776502,738.904392,738.903583,1071.301005
desync_coreutils_64_O0_unexpand,obfuscated,pilot,47508,51666,0.290983,0.053132,0.025795,0.053132,0.025795,0.025795,0.025795,6.022863,benign,benign,obfuscated,obfuscated,obfuscated,25.405787,0.174867,25.405787,25.696258,792.846767,792.846767,1131.687589
desync_coreutils_64_O0_unexpand,obfuscated,d1_med,64912,70850,0.290362,0.069526,0.012766,0.290362,0.012766,0.012766,0.012766,6.127167,packed,packed,obfuscated,obfuscated,obfuscated,31.690702,0.187351,31.690700,31.977381,855.875699,855.873005,1195.087091
desync_coreutils_64_O0_sha256sum,obfuscated,pilot,85354,95186,0.304227,0.046614,0.032910,0.046614,0.032910,0.032910,0.032910,6.077193,benign,benign,obfuscated,obfuscated,obfuscated,26.174553,0.185633,26.174553,26.430643,746.967343,746.967343,1067.130536
desync_coreutils_64_O0_sha256sum,obfuscated,d1_med,112520,125250,0.302089,0.061994,0.019121,0.302089,0.019121,0.019121,0.019121,6.132872,packed,packed,obfuscated,obfuscated,obfuscated,32.957715,0.202978,32.957709,33.213699,811.933535,811.926597,1135.299853
desync_coreutils_64_O0_stdbuf,obfuscated,pilot,148858,164498,0.275598,0.050327,0.024940,0.050327,0.024940,0.024940,0.024940,6.214582,benign,benign,obfuscated,obfuscated,obfuscated,21.678601,0.184785,21.678601,21.942164,748.178311,748.178311,1066.352623
desync_coreutils_64_O0_expr,obfuscated,pilot,162211,177314,0.293593,0.051368,0.026442,0.051368,0.026442,0.026442,0.026442,6.071113,benign,benign,obfuscated,obfuscated,obfuscated,26.603406,0.182153,26.603406,26.879731,759.098776,759.098776,1098.868380
desync_coreutils_64_O0_truncate,obfuscated,pilot,46670,51266,0.289801,0.052842,0.025935,0.289801,0.025935,0.025935,0.025935,6.034821,packed,benign,obfuscated,obfuscated,obfuscated,23.974578,0.172186,23.974578,24.259097,768.213261,768.213261,1102.453744
desync_coreutils_64_O0_truncate,obfuscated,d1_med,63775,70226,0.290443,0.069000,0.012790,0.290443,0.012790,0.012790,0.012790,6.165660,packed,packed,obfuscated,obfuscated,obfuscated,32.236484,0.192354,32.236481,32.512220,849.154927,849.151256,1181.140776
desync_coreutils_64_O0_rm,obfuscated,pilot,103316,113122,0.292462,0.050943,0.026851,0.050943,0.026851,0.026851,0.026851,6.119874,benign,benign,obfuscated,obfuscated,obfuscated,25.193295,0.176173,25.193295,25.469879,760.367659,760.367659,1100.996610
desync_coreutils_64_O0_chcon,obfuscated,pilot,101544,111234,0.291745,0.053386,0.024638,0.053386,0.024638,0.024638,0.024638,6.090268,benign,benign,obfuscated,obfuscated,obfuscated,27.267285,0.177061,27.267285,27.549710,791.741133,791.741133,1130.235897
desync_coreutils_64_O0_stat,obfuscated,pilot,224051,246962,0.276339,0.051465,0.024160,0.276339,0.024160,0.024160,0.024160,6.245008,packed,packed,obfuscated,obfuscated,obfuscated,22.489191,0.184531,22.489191,22.757791,746.140039,746.140015,1067.218778
desync_coreutils_64_O0_rmdir,obfuscated,pilot,140938,156034,0.274681,0.050131,0.025530,0.050131,0.025530,0.025530,0.025530,6.240347,benign,benign,obfuscated,obfuscated,obfuscated,20.743166,0.183315,20.743166,21.010832,732.939290,732.939290,1050.844898
desync_coreutils_64_O0_echo,obfuscated,pilot,38384,41778,0.294081,0.054614,0.028614,0.054614,0.028614,0.028614,0.028614,6.015115,benign,benign,obfuscated,obfuscated,obfuscated,22.347195,0.164757,22.347195,22.644148,772.306472,772.306472,1106.209126
desync_coreutils_64_O0_echo,obfuscated,d1_med,53186,58162,0.293893,0.067393,0.017860,0.293893,0.017860,0.017860,0.017860,6.231283,packed,packed,obfuscated,obfuscated,obfuscated,28.743905,0.178085,28.743904,29.032736,822.754417,822.752463,1157.064348
desync_coreutils_64_O0_echo,obfuscated,d2_heavy,123351,134034,0.278579,0.099598,0.016702,0.278579,0.016702,0.016702,0.016702,6.256508,packed,packed,obfuscated,obfuscated,obfuscated,45.242756,0.211890,45.242605,45.527726,1004.531564,1004.386089,1341.831851
desync_coreutils_64_O0_echo,obfuscated,d3_max,131693,142930,0.255944,0.124349,0.040823,0.255944,0.040823,0.040823,0.040823,6.625111,packed,packed,obfuscated,obfuscated,obfuscated,42.834541,0.218979,42.825436,43.135322,1018.920619,1011.597146,1352.236265
desync_coreutils_64_O0_md5sum,obfuscated,pilot,67967,75394,0.291774,0.049554,0.028160,0.049554,0.028160,0.028160,0.028160,6.023932,benign,benign,obfuscated,obfuscated,obfuscated,24.889405,0.178903,24.889405,25.157391,758.324770,758.324770,1083.558802
desync_coreutils_64_O0_md5sum,obfuscated,d1_med,92396,102514,0.290868,0.065698,0.014325,0.290868,0.014325,0.014325,0.014325,6.130735,packed,packed,obfuscated,obfuscated,obfuscated,31.978950,0.198970,31.978945,32.250270,840.889472,840.883811,1168.011209
desync_coreutils_64_O0_test,obfuscated,pilot,155548,171922,0.277201,0.048994,0.026819,0.048994,0.026819,0.026819,0.026819,6.233603,benign,benign,obfuscated,obfuscated,obfuscated,21.271319,0.181651,21.271319,21.536361,740.322842,740.322842,1061.030163
desync_coreutils_64_O0_hostid,obfuscated,pilot,36783,40130,0.292961,0.053231,0.027033,0.053231,0.027033,0.027033,0.027033,5.993661,benign,benign,obfuscated,obfuscated,obfuscated,22.067015,0.163747,22.067015,22.366048,772.891750,772.891750,1107.209574
desync_coreutils_64_O0_hostid,obfuscated,d1_med,50407,55218,0.291924,0.064930,0.015679,0.291924,0.015679,0.015679,0.015679,6.091607,packed,packed,obfuscated,obfuscated,obfuscated,29.734021,0.181134,29.734012,30.019064,838.715692,838.705783,1173.307431
desync_coreutils_64_O0_hostid,obfuscated,d2_heavy,117502,127842,0.278072,0.099248,0.016629,0.278072,0.016629,0.016629,0.016629,6.323722,packed,packed,obfuscated,obfuscated,obfuscated,45.335958,0.212385,45.335755,45.619857,992.226519,992.038239,1330.419015
desync_coreutils_64_O0_hostid,obfuscated,d3_max,125650,136546,0.254636,0.122690,0.039896,0.254636,0.039896,0.039896,0.039896,6.616503,packed,packed,obfuscated,obfuscated,obfuscated,43.198560,0.215586,43.189659,43.498497,1019.602424,1012.457058,1354.416934
desync_coreutils_64_O0_cksum,obfuscated,pilot,270060,300578,0.292983,0.043216,0.031625,0.292983,0.031625,0.031625,0.031625,6.126254,packed,packed,obfuscated,obfuscated,obfuscated,23.510372,0.195731,23.510370,23.748333,662.465289,662.462780,978.168827
desync_coreutils_64_O0_touch,obfuscated,pilot,224029,247410,0.273813,0.049128,0.026786,0.049128,0.026786,0.026786,0.026786,6.257764,benign,benign,obfuscated,obfuscated,obfuscated,21.004614,0.180555,21.004614,21.266061,716.255435,716.255435,1030.320450
desync_coreutils_64_O0_sha512sum,obfuscated,pilot,97279,107266,0.274417,0.039663,0.031551,0.274417,0.031551,0.031551,0.031551,6.127898,packed,packed,obfuscated,obfuscated,obfuscated,19.674156,0.183901,19.674145,19.934217,654.616956,654.602597,973.557699
desync_coreutils_64_O0_sha512sum,obfuscated,d1_med,125163,138146,0.275864,0.054782,0.019300,0.275864,0.019300,0.019300,0.019300,6.160567,packed,packed,obfuscated,obfuscated,obfuscated,26.068861,0.196710,26.068858,26.328209,732.654122,732.650440,1055.907116
desync_coreutils_64_O0_fold,obfuscated,pilot,45262,49298,0.292364,0.055113,0.025324,0.292364,0.025324,0.025324,0.025324,6.004886,packed,benign,obfuscated,obfuscated,obfuscated,24.166941,0.165948,24.166941,24.457048,788.362129,788.362129,1123.128484
desync_coreutils_64_O0_fold,obfuscated,d1_med,61611,67474,0.292318,0.068418,0.014245,0.292318,0.014245,0.014245,0.014245,6.090194,packed,packed,obfuscated,obfuscated,obfuscated,30.573364,0.181040,30.573363,30.861245,848.275588,848.273603,1182.661375
desync_coreutils_64_O0_fold,obfuscated,d2_heavy,144063,156642,0.278399,0.101112,0.017628,0.278399,0.017628,0.017628,0.017628,6.303359,packed,packed,obfuscated,obfuscated,obfuscated,45.065968,0.216447,45.065650,45.355437,1003.712495,1003.472153,1339.932033
desync_coreutils_64_O0_mkdir,obfuscated,pilot,158256,175090,0.276596,0.050564,0.025210,0.050564,0.025210,0.025210,0.025210,6.237227,benign,benign,obfuscated,obfuscated,obfuscated,21.782172,0.184525,21.782172,22.048459,744.320614,744.320614,1063.386416
desync_coreutils_64_O0_pathchk,obfuscated,pilot,41060,44962,0.291890,0.052607,0.026802,0.052607,0.026802,0.026802,0.026802,6.005304,benign,benign,obfuscated,obfuscated,obfuscated,24.454115,0.177852,24.454115,24.741169,789.227409,789.227409,1123.178870
desync_coreutils_64_O0_pathchk,obfuscated,d1_med,56524,61986,0.290797,0.066875,0.014017,0.290797,0.014017,0.014017,0.014017,6.107010,packed,packed,obfuscated,obfuscated,obfuscated,31.405228,0.187133,31.405223,31.690411,848.351567,848.347706,1183.570749
desync_coreutils_64_O0_pathchk,obfuscated,d2_heavy,131780,143362,0.277470,0.101373,0.018375,0.277470,0.018375,0.018375,0.018375,6.317995,packed,packed,obfuscated,obfuscated,obfuscated,47.306726,0.219407,47.306484,47.590826,1026.626164,1026.424548,1363.082730
desync_coreutils_64_O0_pathchk,obfuscated,d3_max,141514,153794,0.253735,0.125149,0.041998,0.253735,0.041998,0.041998,0.041998,6.543218,packed,packed,obfuscated,obfuscated,obfuscated,44.797070,0.223638,44.788808,45.092136,1029.289959,1022.712899,1362.918781
desync_coreutils_64_O0_whoami,obfuscated,pilot,37197,40594,0.292954,0.051490,0.027865,0.292954,0.027865,0.027865,0.027865,6.013758,packed,benign,obfuscated,obfuscated,obfuscated,22.629183,0.171183,22.629183,22.920937,767.968676,767.968676,1100.371594
desync_coreutils_64_O0_whoami,obfuscated,d1_med,51006,55890,0.292221,0.065712,0.018106,0.292221,0.018106,0.018106,0.018106,6.098831,packed,packed,obfuscated,obfuscated,obfuscated,27.852634,0.180827,27.852632,28.145942,827.139701,827.137866,1162.915620
desync_coreutils_64_O0_whoami,obfuscated,d2_heavy,119057,129570,0.277775,0.101511,0.018205,0.277775,0.018205,0.018205,0.018205,6.303714,packed,packed,obfuscated,obfuscated,obfuscated,44.295475,0.212877,44.295273,44.582082,991.507435,991.322730,1326.881071
desync_coreutils_64_O0_whoami,obfuscated,d3_max,127180,138162,0.254631,0.121678,0.038795,0.254631,0.038795,0.038795,0.038795,6.559480,packed,packed,obfuscated,obfuscated,obfuscated,42.756571,0.212736,42.747801,43.056459,1009.055386,1001.993392,1343.835659
desync_coreutils_64_O0_chown,obfuscated,pilot,100562,110322,0.291631,0.051502,0.026486,0.291631,0.026486,0.026486,0.026486,6.080205,packed,packed,obfuscated,obfuscated,obfuscated,26.420989,0.178640,26.420989,26.699467,783.721500,783.721265,1121.849568
desync_coreutils_64_O0_chown,obfuscated,d1_med,136852,150322,0.290664,0.064771,0.015684,0.290664,0.015684,0.015684,0.015684,6.183182,packed,packed,obfuscated,obfuscated,obfuscated,31.623531,0.185249,31.623524,31.903409,848.443471,848.436100,1185.923670
