corpus	name	sublabel	true_regime	n	s_glob	s_spat	region_ent	t_new	t_flr	floor_binds	old_rule	new_rule	flr_rule	old_guard	new_guard	flr_guard	old_spat_only	new_spat_only	flr_spat_only	rec_rule	rec_guard
credibility	gcc_coreutils_64_O1_df	-	clean_fit	62880	0.533885	0.031961	6.158900	0.095697	0.105178	true	benign	benign	benign	benign	benign	benign	benign	benign	benign	-	-
credibility	icc_coreutils_64_O0_truncate	-	clean_fit	31785	0.873143	0.064140	5.673100	0.106456	0.106456	false	benign	benign	benign	benign	benign	benign	benign	benign	benign	-	-
credibility	gcc_coreutils_64_O1_sha384sum	-	clean_fit	33619	0.575200	0.040413	6.332900	0.105426	0.105426	false	benign	benign	benign	benign	benign	benign	benign	benign	benign	-	-
credibility	icc_coreutils_64_O2_test	-	clean_fit	14447	0.669616	0.076852	6.251500	0.124445	0.124445	false	benign	benign	benign	benign	benign	benign	benign	benign	benign	-	-
credibility	icc_coreutils_64_O2_env	-	clean_fit	14720	0.664435	0.084621	6.237800	0.123931	0.123931	false	benign	benign	benign	benign	benign	benign	benign	benign	benign	-	-
credibility	gcc_coreutils_64_O3_md5sum	-	clean_fit	29368	0.612406	0.061895	6.334200	0.107957	0.107957	false	benign	benign	benign	benign	benign	benign	benign	benign	benign	-	-
credibility	icc_coreutils_64_O3_chgrp	-	clean_fit	44159	0.688454	0.105178	6.222800	0.100812	0.105178	true	benign	packed	benign	benign	benign	benign	benign	packed	benign	-	-
credibility	icc_coreutils_64_O1_sort	-	clean_fit	57074	0.599516	0.039082	6.265900	0.097010	0.105178	true	benign	benign	benign	benign	benign	benign	benign	benign	benign	-	-
credibility	icc_coreutils_64_O0_pathchk	-	clean_fit	19330	1.163727	0.063796	5.732700	0.116965	0.116965	false	benign	benign	benign	benign	benign	benign	benign	benign	benign	-	-
credibility	icc_coreutils_64_O0_setuidgid	-	clean_fit	21193	0.892257	0.061036	5.726900	0.114818	0.114818	false	benign	benign	benign	benign	benign	benign	benign	benign	benign	-	-
credibility	gcc_coreutils_64_O3_nproc	-	clean_fit	24253	0.570413	0.064198	6.240300	0.111846	0.111846	false	benign	benign	benign	benign	benign	benign	benign	benign	benign	-	-
credibility	icc_coreutils_64_O2_echo	-	clean_fit	11377	0.591848	0.108310	6.216100	0.131450	0.131450	false	packed	benign	benign	benign	benign	benign	packed	benign	benign	-	-
credibility	icc_coreutils_64_O3_ls	-	clean_fit	81851	0.587440	0.096751	6.349100	0.092428	0.105178	true	benign	packed	benign	benign	benign	benign	benign	packed	benign	-	-
credibility	icc_coreutils_64_O0_join	-	clean_fit	28667	1.005881	0.067936	5.738900	0.108428	0.108428	false	benign	benign	benign	benign	benign	benign	benign	benign	benign	-	-
credibility	icc_coreutils_64_O1_paste	-	clean_fit	15668	0.612995	0.069182	6.153100	0.122250	0.122250	false	benign	benign	benign	benign	benign	benign	benign	benign	benign	-	-
credibility	icc_coreutils_64_O0_mknod	-	clean_fit	21704	0.813947	0.059456	5.758100	0.114278	0.114278	false	benign	benign	benign	benign	benign	benign	benign	benign	benign	-	-
credibility	icc_coreutils_64_O0_logname	-	clean_fit	17869	0.877168	0.064681	5.727700	0.118878	0.118878	false	benign	benign	benign	benign	benign	benign	benign	benign	benign	-	-
credibility	icc_coreutils_64_O2_getlimits	-	clean_fit	29374	0.668835	0.085178	6.089400	0.107953	0.107953	false	benign	benign	benign	benign	benign	benign	benign	benign	benign	-	-
credibility	icc_coreutils_64_O0_pwd	-	clean_fit	21195	0.933439	0.061015	5.718700	0.114816	0.114816	false	benign	benign	benign	benign	benign	benign	benign	benign	benign	-	-
credibility	gcc_coreutils_64_O2_mktemp	-	clean_fit	20162	0.679832	0.078947	6.262000	0.115969	0.115969	false	benign	benign	benign	benign	benign	benign	benign	benign	benign	-	-
credibility	gcc_coreutils_64_O2_dirname	-	benign	14582	0.671965	0.088253	6.229600	0.124189	0.124189	false	benign	benign	benign	benign	benign	benign	benign	benign	benign	-	-
credibility	gcc_coreutils_64_O2_vdir	-	benign	61575	0.592722	0.098739	6.313100	0.095976	0.105178	true	benign	packed	benign	benign	benign	benign	benign	packed	benign	-	-
credibility	icc_coreutils_64_O3_unexpand	-	benign	24698	0.600878	0.066117	6.213300	0.111460	0.111460	false	benign	benign	benign	benign	benign	benign	benign	benign	benign	-	-
credibility	icc_coreutils_64_O0_pr	-	benign	41888	1.112455	0.060266	5.901800	0.101657	0.105178	true	benign	benign	benign	benign	benign	benign	benign	benign	benign	-	-
credibility	icc_coreutils_64_O3_numfmt	-	benign	48776	0.579920	0.064592	6.296500	0.099281	0.105178	true	benign	benign	benign	benign	benign	benign	benign	benign	benign	-	-
credibility	icc_coreutils_64_O0_sha224sum	-	benign	37285	1.051014	0.040832	5.814400	0.103601	0.105178	true	benign	benign	benign	benign	benign	benign	benign	benign	benign	-	-
credibility	gcc_coreutils_64_O1_tee	-	benign	14873	0.595258	0.064298	6.122600	0.123649	0.123649	false	benign	benign	benign	benign	benign	benign	benign	benign	benign	-	-
credibility	gcc_coreutils_64_O2_sort	-	benign	61001	0.658022	0.065909	6.337700	0.096101	0.105178	true	benign	benign	benign	benign	benign	benign	benign	benign	benign	-	-
credibility	icc_coreutils_64_O0_stat	-	benign	61134	0.810299	0.085764	5.769800	0.096072	0.105178	true	benign	benign	benign	benign	benign	benign	benign	benign	benign	-	-
credibility	icc_coreutils_64_O2_unlink	-	benign	14590	0.689159	0.094479	6.213800	0.124174	0.124174	false	benign	benign	benign	benign	benign	benign	benign	benign	benign	-	-
credibility	gcc_coreutils_64_O2_runcon	-	benign	15837	0.666872	0.078084	6.216400	0.121967	0.121967	false	benign	benign	benign	benign	benign	benign	benign	benign	benign	-	-
credibility	icc_coreutils_64_O2_chroot	-	benign	17356	0.688354	0.077683	6.228800	0.119606	0.119606	false	benign	benign	benign	benign	benign	benign	benign	benign	benign	-	-
credibility	icc_coreutils_64_O1_sha384sum	-	benign	33619	0.575200	0.040413	6.332900	0.105426	0.105426	false	benign	benign	benign	benign	benign	benign	benign	benign	benign	-	-
credibility	icc_coreutils_64_O1_shred	-	benign	26752	0.608171	0.034506	6.143500	0.109806	0.109806	false	benign	benign	benign	benign	benign	benign	benign	benign	benign	-	-
credibility	icc_coreutils_64_O3_touch	-	benign	42929	0.664198	0.103811	6.230500	0.101262	0.105178	true	benign	packed	benign	benign	benign	benign	benign	packed	benign	-	-
credibility	gcc_coreutils_64_O2_rm	-	benign	33482	0.688903	0.093544	6.209800	0.105500	0.105500	false	benign	benign	benign	benign	benign	benign	benign	benign	benign	-	-
credibility	gcc_coreutils_64_O3_factor	-	benign	65718	0.733732	0.079461	6.251600	0.095119	0.105178	true	benign	benign	benign	benign	benign	benign	benign	benign	benign	-	-
credibility	icc_coreutils_64_O2_pinky	-	benign	18056	0.730509	0.080912	6.272600	0.118620	0.118620	false	benign	benign	benign	benign	benign	benign	benign	benign	benign	-	-
credibility	gcc_coreutils_64_O1_hostid	-	benign	13721	0.594778	0.067570	6.117400	0.125887	0.125887	false	benign	benign	benign	benign	benign	benign	benign	benign	benign	-	-
credibility	gcc_coreutils_64_O1_dircolors	-	benign	16599	0.703878	0.082273	6.128300	0.120742	0.120742	false	benign	benign	benign	benign	benign	benign	benign	benign	benign	-	-
credibility	icc_coreutils_64_O0_tr	-	benign	29638	0.872724	0.066956	5.738800	0.107780	0.107780	false	benign	benign	benign	benign	benign	benign	benign	benign	benign	-	-
credibility	icc_coreutils_64_O3_vdir	-	benign	81851	0.587440	0.096751	6.349100	0.092428	0.105178	true	benign	packed	benign	benign	benign	benign	benign	packed	benign	-	-
credibility	icc_coreutils_64_O0_users	-	benign	18951	0.830564	0.065363	5.720800	0.117440	0.117440	false	benign	benign	benign	benign	benign	benign	benign	benign	benign	-	-
credibility	gcc_coreutils_64_O0_uname	-	benign	18430	0.795376	0.053600	5.744200	0.118116	0.118116	false	benign	benign	benign	benign	benign	benign	benign	benign	benign	-	-
credibility	gcc_coreutils_64_O0_dircolors	-	benign	21566	1.085555	0.071549	5.735500	0.114422	0.114422	false	benign	benign	benign	benign	benign	benign	benign	benign	benign	-	-
credibility	desync_coreutils_64_O0_tsort	-	obfuscated	47788	25.737902	0.177537	6.080200	0.099590	0.105178	true	obfuscated	obfuscated	obfuscated	obfuscated	obfuscated	obfuscated	packed	packed	packed	-	-
credibility	desync_coreutils_64_O0_comm	-	obfuscated	54560	26.288676	0.177502	6.092300	0.097643	0.105178	true	obfuscated	obfuscated	obfuscated	obfuscated	obfuscated	obfuscated	packed	packed	packed	-	-
credibility	desync_coreutils_64_O0_unlink	-	obfuscated	37373	22.166440	0.171538	6.097400	0.103560	0.105178	true	obfuscated	obfuscated	obfuscated	obfuscated	obfuscated	obfuscated	packed	packed	packed	-	-
credibility	desync_coreutils_64_O0_timeout	-	obfuscated	49724	23.924720	0.178307	6.111300	0.098993	0.105178	true	obfuscated	obfuscated	obfuscated	obfuscated	obfuscated	obfuscated	packed	packed	packed	-	-
credibility	desync_coreutils_64_O0_ptx	-	obfuscated	75059	25.130441	0.179325	6.094900	0.093455	0.105178	true	obfuscated	obfuscated	obfuscated	obfuscated	obfuscated	obfuscated	packed	packed	packed	-	-
credibility	desync_coreutils_64_O0_link	-	obfuscated	37890	22.542253	0.169747	6.091700	0.103325	0.105178	true	obfuscated	obfuscated	obfuscated	obfuscated	obfuscated	obfuscated	packed	packed	packed	-	-
credibility	desync_coreutils_64_O0_cut	-	obfuscated	55767	25.135987	0.171390	6.087600	0.097334	0.105178	true	obfuscated	obfuscated	obfuscated	obfuscated	obfuscated	obfuscated	packed	packed	packed	-	-
credibility	desync_coreutils_64_O0_base32	-	obfuscated	54652	26.952149	0.181787	6.098200	0.097619	0.105178	true	obfuscated	obfuscated	obfuscated	obfuscated	obfuscated	obfuscated	packed	packed	packed	-	-
credibility	desync_coreutils_64_O0_mv	-	obfuscated	205035	27.269467	0.184706	6.103100	0.083888	0.105178	true	obfuscated	obfuscated	obfuscated	obfuscated	obfuscated	obfuscated	packed	packed	packed	-	-
credibility	desync_coreutils_64_O0_mknod	-	obfuscated	50219	25.746934	0.194828	6.090800	0.098846	0.105178	true	obfuscated	obfuscated	obfuscated	obfuscated	obfuscated	obfuscated	packed	packed	packed	-	-
credibility	desync_coreutils_64_O0_dircolors	-	obfuscated	50384	24.456337	0.170296	6.083200	0.098797	0.105178	true	obfuscated	obfuscated	obfuscated	obfuscated	obfuscated	obfuscated	packed	packed	packed	-	-
credibility	desync_coreutils_64_O0_logname	-	obfuscated	37038	21.961265	0.159419	6.100900	0.103715	0.105178	true	obfuscated	obfuscated	obfuscated	obfuscated	obfuscated	obfuscated	packed	packed	packed	-	-
credibility	desync_coreutils_64_O0_runcon	-	obfuscated	39491	21.956092	0.163940	6.084200	0.102627	0.105178	true	obfuscated	obfuscated	obfuscated	obfuscated	obfuscated	obfuscated	packed	packed	packed	-	-
credibility	desync_coreutils_64_O0_factor	-	obfuscated	176711	25.781015	0.180687	6.028500	0.085019	0.105178	true	obfuscated	obfuscated	obfuscated	obfuscated	obfuscated	obfuscated	packed	packed	packed	-	-
credibility	desync_coreutils_64_O0_od	-	obfuscated	184624	21.196562	0.179429	6.106800	0.084677	0.105178	true	obfuscated	obfuscated	obfuscated	obfuscated	obfuscated	obfuscated	packed	packed	packed	-	-
credibility	desync_coreutils_64_O0_env	-	obfuscated	55432	24.678791	0.169004	6.087500	0.097419	0.105178	true	obfuscated	obfuscated	obfuscated	obfuscated	obfuscated	obfuscated	packed	packed	packed	-	-
credibility	desync_coreutils_64_O0_ln	-	obfuscated	97707	26.923179	0.183808	6.083300	0.090463	0.105178	true	obfuscated	obfuscated	obfuscated	obfuscated	obfuscated	obfuscated	packed	packed	packed	-	-
credibility	desync_coreutils_64_O0_nl	-	obfuscated	50635	23.638695	0.167948	6.096800	0.098724	0.105178	true	obfuscated	obfuscated	obfuscated	obfuscated	obfuscated	obfuscated	packed	packed	packed	-	-
credibility	desync_coreutils_64_O0_vdir	-	obfuscated	209495	23.526381	0.177014	6.120900	0.083731	0.105178	true	obfuscated	obfuscated	obfuscated	obfuscated	obfuscated	obfuscated	packed	packed	packed	-	-
credibility	desync_coreutils_64_O0_pr	-	obfuscated	107648	23.701647	0.183605	6.160300	0.089458	0.105178	true	obfuscated	obfuscated	obfuscated	obfuscated	obfuscated	obfuscated	packed	packed	packed	-	-
credibility	desync_coreutils_64_O0_tsort	-	obfuscated	64977	31.341388	0.181253	6.148100	0.095266	0.105178	true	obfuscated	obfuscated	obfuscated	obfuscated	obfuscated	obfuscated	packed	packed	packed	-	-
credibility	desync_coreutils_64_O0_comm	-	obfuscated	74545	32.485385	0.183597	6.164800	0.093538	0.105178	true	obfuscated	obfuscated	obfuscated	obfuscated	obfuscated	obfuscated	packed	packed	packed	-	-
credibility	desync_coreutils_64_O0_unlink	-	obfuscated	51369	31.939018	0.194653	6.153000	0.098512	0.105178	true	obfuscated	obfuscated	obfuscated	obfuscated	obfuscated	obfuscated	packed	packed	packed	-	-
credibility	desync_coreutils_64_O0_timeout	-	obfuscated	68006	31.892064	0.182919	6.165300	0.094680	0.105178	true	obfuscated	obfuscated	obfuscated	obfuscated	obfuscated	obfuscated	packed	packed	packed	-	-
credibility	desync_coreutils_64_O0_ptx	-	obfuscated	101564	32.743377	0.186669	6.160000	0.090056	0.105178	true	obfuscated	obfuscated	obfuscated	obfuscated	obfuscated	obfuscated	packed	packed	packed	-	-
credibility	desync_coreutils_64_O0_link	-	obfuscated	52053	29.038943	0.174897	6.156700	0.098319	0.105178	true	obfuscated	obfuscated	obfuscated	obfuscated	obfuscated	obfuscated	packed	packed	packed	-	-
credibility	desync_coreutils_64_O0_cut	-	obfuscated	76190	31.138248	0.186367	6.144700	0.093274	0.105178	true	obfuscated	obfuscated	obfuscated	obfuscated	obfuscated	obfuscated	packed	packed	packed	-	-
credibility	desync_coreutils_64_O0_base32	-	obfuscated	74931	32.724595	0.191829	6.160900	0.093475	0.105178	true	obfuscated	obfuscated	obfuscated	obfuscated	obfuscated	obfuscated	packed	packed	packed	-	-
credibility	desync_coreutils_64_O0_mknod	-	obfuscated	68149	32.546696	0.200500	6.160000	0.094653	0.105178	true	obfuscated	obfuscated	obfuscated	obfuscated	obfuscated	obfuscated	packed	packed	packed	-	-
credibility	desync_coreutils_64_O0_dircolors	-	obfuscated	68822	33.479353	0.184745	6.150100	0.094529	0.105178	true	obfuscated	obfuscated	obfuscated	obfuscated	obfuscated	obfuscated	packed	packed	packed	-	-
credibility	desync_coreutils_64_O0_logname	-	obfuscated	50633	28.924116	0.181606	6.154200	0.098724	0.105178	true	obfuscated	obfuscated	obfuscated	obfuscated	obfuscated	obfuscated	packed	packed	packed	-	-
credibility	desync_coreutils_64_O0_runcon	-	obfuscated	54456	27.475238	0.166264	6.148900	0.097670	0.105178	true	obfuscated	obfuscated	obfuscated	obfuscated	obfuscated	obfuscated	packed	packed	packed	-	-
credibility	desync_coreutils_64_O0_make-prime-list	-	obfuscated	6494	31.312056	0.194377	6.100900	0.151585	0.151585	false	obfuscated	obfuscated	obfuscated	obfuscated	obfuscated	obfuscated	packed	packed	packed	-	-
credibility	desync_coreutils_64_O0_env	-	obfuscated	76197	32.597818	0.188725	6.157000	0.093273	0.105178	true	obfuscated	obfuscated	obfuscated	obfuscated	obfuscated	obfuscated	packed	packed	packed	-	-
credibility	desync_coreutils_64_O0_ln	-	obfuscated	131592	33.095440	0.185873	6.160400	0.087526	0.105178	true	obfuscated	obfuscated	obfuscated	obfuscated	obfuscated	obfuscated	packed	packed	packed	-	-
credibility	desync_coreutils_64_O0_nl	-	obfuscated	69168	32.189135	0.187996	6.161200	0.094465	0.105178	true	obfuscated	obfuscated	obfuscated	obfuscated	obfuscated	obfuscated	packed	packed	packed	-	-
credibility	desync_coreutils_64_O0_nproc	-	obfuscated	56992	31.657690	0.190140	6.154700	0.097030	0.105178	true	obfuscated	obfuscated	obfuscated	obfuscated	obfuscated	obfuscated	packed	packed	packed	-	-
credibility	desync_coreutils_64_O0_sum	-	obfuscated	95009	31.168465	0.180234	6.138300	0.090762	0.105178	true	obfuscated	obfuscated	obfuscated	obfuscated	obfuscated	obfuscated	packed	packed	packed	-	-
credibility	desync_coreutils_64_O0_sync	-	obfuscated	55341	33.287397	0.196042	6.157000	0.097442	0.105178	true	obfuscated	obfuscated	obfuscated	obfuscated	obfuscated	obfuscated	packed	packed	packed	-	-
credibility	desync_coreutils_64_O0_join	-	obfuscated	95864	33.241287	0.186125	6.153700	0.090666	0.105178	true	obfuscated	obfuscated	obfuscated	obfuscated	obfuscated	obfuscated	packed	packed	packed	-	-
credibility	desync_coreutils_64_O0_unlink	-	obfuscated	119774	44.523903	0.209623	6.269800	0.088407	0.105178	true	obfuscated	obfuscated	obfuscated	obfuscated	obfuscated	obfuscated	packed	packed	packed	-	-
credibility	desync_coreutils_64_O0_link	-	obfuscated	121423	44.476846	0.211029	6.275600	0.088277	0.105178	true	obfuscated	obfuscated	obfuscated	obfuscated	obfuscated	obfuscated	packed	packed	packed	-	-
credibility	desync_coreutils_64_O0_logname	-	obfuscated	118573	43.923278	0.208761	6.274500	0.088504	0.105178	true	obfuscated	obfuscated	obfuscated	obfuscated	obfuscated	obfuscated	packed	packed	packed	-	-
credibility	desync_coreutils_64_O0_runcon	-	obfuscated	127801	44.900905	0.210707	6.275600	0.087795	0.105178	true	obfuscated	obfuscated	obfuscated	obfuscated	obfuscated	obfuscated	packed	packed	packed	-	-
credibility	desync_coreutils_64_O0_make-prime-list	-	obfuscated	14593	17.277686	0.226995	6.232700	0.124168	0.124168	false	obfuscated	obfuscated	obfuscated	obfuscated	obfuscated	obfuscated	packed	packed	packed	-	-
credibility	desync_coreutils_64_O0_nproc	-	obfuscated	132209	45.523798	0.215742	6.277400	0.087483	0.105178	true	obfuscated	obfuscated	obfuscated	obfuscated	obfuscated	obfuscated	packed	packed	packed	-	-
credibility	desync_coreutils_64_O0_sync	-	obfuscated	129751	43.571925	0.213171	6.279400	0.087655	0.105178	true	obfuscated	obfuscated	obfuscated	obfuscated	obfuscated	obfuscated	packed	packed	packed	-	-
credibility	desync_coreutils_64_O0_nice	-	obfuscated	132610	45.064815	0.216737	6.277000	0.087456	0.105178	true	obfuscated	obfuscated	obfuscated	obfuscated	obfuscated	obfuscated	packed	packed	packed	-	-
credibility	desync_coreutils_64_O0_nohup	-	obfuscated	142387	47.133355	0.217499	6.266500	0.086819	0.105178	true	obfuscated	obfuscated	obfuscated	obfuscated	obfuscated	obfuscated	packed	packed	packed	-	-
credibility	desync_coreutils_64_O0_uname	-	obfuscated	121596	44.627491	0.218602	6.284500	0.088263	0.105178	true	obfuscated	obfuscated	obfuscated	obfuscated	obfuscated	obfuscated	packed	packed	packed	-	-
credibility	desync_coreutils_64_O0_tty	-	obfuscated	115662	44.972404	0.210615	6.278400	0.088745	0.105178	true	obfuscated	obfuscated	obfuscated	obfuscated	obfuscated	obfuscated	packed	packed	packed	-	-
credibility	desync_coreutils_64_O0_printenv	-	obfuscated	117396	44.387899	0.207995	6.284300	0.088601	0.105178	true	obfuscated	obfuscated	obfuscated	obfuscated	obfuscated	obfuscated	packed	packed	packed	-	-
credibility	desync_coreutils_64_O0_mkfifo	-	obfuscated	139261	44.945716	0.216575	6.276700	0.087015	0.105178	true	obfuscated	obfuscated	obfuscated	obfuscated	obfuscated	obfuscated	packed	packed	packed	-	-
credibility	desync_coreutils_64_O0_paste	-	obfuscated	145699	46.871799	0.218550	6.270500	0.086618	0.105178	true	obfuscated	obfuscated	obfuscated	obfuscated	obfuscated	obfuscated	packed	packed	packed	-	-
credibility	desync_coreutils_64_O0_groups	-	obfuscated	135762	46.639440	0.217999	6.269200	0.087243	0.105178	true	obfuscated	obfuscated	obfuscated	obfuscated	obfuscated	obfuscated	packed	packed	packed	-	-
credibility	desync_coreutils_64_O0_basename	-	obfuscated	125576	45.704094	0.217598	6.281100	0.087959	0.105178	true	obfuscated	obfuscated	obfuscated	obfuscated	obfuscated	obfuscated	packed	packed	packed	-	-
credibility	desync_coreutils_64_O0_mktemp	-	obfuscated	142799	45.401642	0.209525	6.258400	0.086793	0.105178	true	obfuscated	obfuscated	obfuscated	obfuscated	obfuscated	obfuscated	packed	packed	packed	-	-
credibility	desync_coreutils_64_O0_kill	-	obfuscated	137629	45.565850	0.209806	6.272700	0.087120	0.105178	true	obfuscated	obfuscated	obfuscated	obfuscated	obfuscated	obfuscated	packed	packed	packed	-	-
credibility	desync_coreutils_64_O0_true	-	obfuscated	113436	44.484794	0.211967	6.280100	0.088936	0.105178	true	obfuscated	obfuscated	obfuscated	obfuscated	obfuscated	obfuscated	packed	packed	packed	-	-
credibility	desync_coreutils_64_O0_false	-	obfuscated	113434	44.424176	0.216226	6.277000	0.088936	0.105178	true	obfuscated	obfuscated	obfuscated	obfuscated	obfuscated	obfuscated	packed	packed	packed	-	-
credibility	desync_coreutils_64_O0_unlink	-	obfuscated	128072	44.150156	0.216300	6.517000	0.087776	0.105178	true	obfuscated	obfuscated	obfuscated	obfuscated	obfuscated	obfuscated	packed	packed	packed	-	-
credibility	desync_coreutils_64_O0_link	-	obfuscated	129928	43.591781	0.218997	6.514100	0.087643	0.105178	true	obfuscated	obfuscated	obfuscated	obfuscated	obfuscated	obfuscated	packed	packed	packed	-	-
credibility	desync_coreutils_64_O0_logname	-	obfuscated	126777	45.511459	0.220661	6.514100	0.087870	0.105178	true	obfuscated	obfuscated	obfuscated	obfuscated	obfuscated	obfuscated	packed	packed	packed	-	-
credibility	desync_coreutils_64_O0_runcon	-	obfuscated	136665	43.699582	0.219939	6.505200	0.087183	0.105178	true	obfuscated	obfuscated	obfuscated	obfuscated	obfuscated	obfuscated	packed	packed	packed	-	-
credibility	desync_coreutils_64_O0_make-prime-list	-	obfuscated	16435	23.662645	0.221888	6.557400	0.120998	0.120998	false	obfuscated	obfuscated	obfuscated	obfuscated	obfuscated	obfuscated	packed	packed	packed	-	-
credibility	desync_coreutils_64_O0_nproc	-	obfuscated	141563	43.605798	0.221079	6.515200	0.086870	0.105178	true	obfuscated	obfuscated	obfuscated	obfuscated	obfuscated	obfuscated	packed	packed	packed	-	-
credibility	desync_coreutils_64_O0_sync	-	obfuscated	138195	45.024899	0.219068	6.512000	0.087084	0.105178	true	obfuscated	obfuscated	obfuscated	obfuscated	obfuscated	obfuscated	packed	packed	packed	-	-
credibility	desync_coreutils_64_O0_nice	-	obfuscated	141539	42.012047	0.214639	6.514800	0.086871	0.105178	true	obfuscated	obfuscated	obfuscated	obfuscated	obfuscated	obfuscated	packed	packed	packed	-	-
credibility	desync_coreutils_64_O0_uname	-	obfuscated	129949	43.227803	0.223887	6.513100	0.087641	0.105178	true	obfuscated	obfuscated	obfuscated	obfuscated	obfuscated	obfuscated	packed	packed	packed	-	-
credibility	desync_coreutils_64_O0_tty	-	obfuscated	123543	41.971820	0.218304	6.513400	0.088113	0.105178	true	obfuscated	obfuscated	obfuscated	obfuscated	obfuscated	obfuscated	packed	packed	packed	-	-
credibility	desync_coreutils_64_O0_printenv	-	obfuscated	125466	42.104733	0.212904	6.512500	0.087967	0.105178	true	obfuscated	obfuscated	obfuscated	obfuscated	obfuscated	obfuscated	packed	packed	packed	-	-
credibility	desync_coreutils_64_O0_groups	-	obfuscated	144610	45.318726	0.222234	6.512300	0.086683	0.105178	true	obfuscated	obfuscated	obfuscated	obfuscated	obfuscated	obfuscated	packed	packed	packed	-	-
credibility	desync_coreutils_64_O0_basename	-	obfuscated	134291	43.617765	0.212756	6.518400	0.087341	0.105178	true	obfuscated	obfuscated	obfuscated	obfuscated	obfuscated	obfuscated	packed	packed	packed	-	-
credibility	desync_coreutils_64_O0_true	-	obfuscated	121332	43.799711	0.217367	6.514800	0.088284	0.105178	true	obfuscated	obfuscated	obfuscated	obfuscated	obfuscated	obfuscated	packed	packed	packed	-	-
credibility	desync_coreutils_64_O0_false	-	obfuscated	121184	41.191768	0.213767	6.512600	0.088295	0.105178	true	obfuscated	obfuscated	obfuscated	obfuscated	obfuscated	obfuscated	packed	packed	packed	-	-
credibility	desync_coreutils_64_O0_sleep	-	obfuscated	142231	42.864913	0.214692	6.522900	0.086828	0.105178	true	obfuscated	obfuscated	obfuscated	obfuscated	obfuscated	obfuscated	packed	packed	packed	-	-
credibility	desync_coreutils_64_O0_dirname	-	obfuscated	129291	43.152943	0.219648	6.517900	0.087688	0.105178	true	obfuscated	obfuscated	obfuscated	obfuscated	obfuscated	obfuscated	packed	packed	packed	-	-
credibility	desync_coreutils_64_O0_echo	-	obfuscated	131693	42.834541	0.218979	6.512800	0.087519	0.105178	true	obfuscated	obfuscated	obfuscated	obfuscated	obfuscated	obfuscated	packed	packed	packed	-	-
credibility	desync_coreutils_64_O0_hostid	-	obfuscated	125650	43.198560	0.215586	6.512500	0.087954	0.105178	true	obfuscated	obfuscated	obfuscated	obfuscated	obfuscated	obfuscated	packed	packed	packed	-	-
credibility	desync_coreutils_64_O0_pathchk	-	obfuscated	141514	44.797070	0.223638	6.514000	0.086873	0.105178	true	obfuscated	obfuscated	obfuscated	obfuscated	obfuscated	obfuscated	packed	packed	packed	-	-
credibility	ls_packed	-	packed	45567	1.202726	0.189167	7.888700	0.100321	0.105178	true	packed	packed	packed	packed	packed	packed	packed	packed	packed	-	-
credibility	base64_upx_nrv__nrv	-	packed	16654	1.078340	0.200008	7.803700	0.120657	0.120657	false	packed	packed	packed	packed	packed	packed	packed	packed	packed	-	-
credibility	cp_upx_nrv__nrv	-	packed	48755	0.959587	0.185649	7.830900	0.099287	0.105178	true	packed	packed	packed	packed	packed	packed	packed	packed	packed	-	-
credibility	dir_upx_nrv__nrv	-	packed	43661	0.996939	0.196423	7.848800	0.100992	0.105178	true	packed	packed	packed	packed	packed	packed	packed	packed	packed	-	-
credibility	du_upx_nrv__nrv	-	packed	41659	1.052156	0.210597	7.844200	0.101746	0.105178	true	packed	packed	packed	packed	packed	packed	packed	packed	packed	-	-
credibility	ls_upx_nrv__nrv	-	packed	43653	0.997579	0.196491	7.848800	0.100995	0.105178	true	packed	packed	packed	packed	packed	packed	packed	packed	packed	-	-
credibility	od_upx_nrv__nrv	-	packed	27351	1.111312	0.188711	7.833500	0.109360	0.109360	false	packed	packed	packed	packed	packed	packed	packed	packed	packed	-	-
credibility	sha256sum_upx_nrv__nrv	-	packed	19523	1.170643	0.204099	7.820200	0.116728	0.116728	false	packed	packed	packed	packed	packed	packed	packed	packed	packed	-	-
credibility	sort_upx_nrv__nrv	-	packed	43931	1.057241	0.202443	7.833200	0.100894	0.105178	true	packed	packed	packed	packed	packed	packed	packed	packed	packed	-	-
credibility	base64_upx_lzma__lzma	-	packed	16137	1.083181	0.185167	7.942000	0.121474	0.121474	false	packed	packed	packed	packed	packed	packed	packed	packed	packed	-	-
credibility	cp_upx_lzma__lzma	-	packed	42163	1.051420	0.190446	7.986600	0.101551	0.105178	true	packed	packed	packed	packed	packed	packed	packed	packed	packed	-	-
credibility	dir_upx_lzma__lzma	-	packed	38341	0.981954	0.184954	7.984800	0.103124	0.105178	true	packed	packed	packed	packed	packed	packed	packed	packed	packed	-	-
credibility	du_upx_lzma__lzma	-	packed	36808	1.096108	0.188874	7.984800	0.103823	0.105178	true	packed	packed	packed	packed	packed	packed	packed	packed	packed	-	-
credibility	ls_upx_lzma__lzma	-	packed	38338	1.006458	0.174744	7.985900	0.103125	0.105178	true	packed	packed	packed	packed	packed	packed	packed	packed	packed	-	-
credibility	od_upx_lzma__lzma	-	packed	24945	1.069149	0.207979	7.970400	0.111250	0.111250	false	packed	packed	packed	packed	packed	packed	packed	packed	packed	-	-
credibility	sha256sum_upx_lzma__lzma	-	packed	18307	1.132377	0.187630	7.952900	0.118280	0.118280	false	packed	packed	packed	packed	packed	packed	packed	packed	packed	-	-
credibility	sort_upx_lzma__lzma	-	packed	37902	1.056803	0.200740	7.985900	0.103320	0.105178	true	packed	packed	packed	packed	packed	packed	packed	packed	packed	-	-
breadth_main	icc_coreutils_64_O0_mknod	clean	benign	21704	0.813947	0.059456	5.628898	0.114278	0.114278	false	benign	benign	benign	benign	benign	benign	benign	benign	benign	benign	benign
breadth_main	icc_coreutils_64_O0_logname	clean	benign	17869	0.877168	0.064681	5.610452	0.118878	0.118878	false	benign	benign	benign	benign	benign	benign	benign	benign	benign	benign	benign
breadth_main	icc_coreutils_64_O2_getlimits	clean	benign	29374	0.668835	0.085178	6.155853	0.107953	0.107953	false	benign	benign	benign	benign	benign	benign	benign	benign	benign	benign	benign
breadth_main	icc_coreutils_64_O0_pwd	clean	benign	21195	0.933439	0.061015	5.581237	0.114816	0.114816	false	benign	benign	benign	benign	benign	benign	benign	benign	benign	benign	benign
breadth_main	gcc_coreutils_64_O2_mktemp	clean	benign	20162	0.679832	0.078947	6.162636	0.115969	0.115969	false	benign	benign	benign	benign	benign	benign	benign	benign	benign	benign	benign
breadth_main	gcc_coreutils_64_O2_dirname	clean	benign	14582	0.671965	0.088253	6.223370	0.124189	0.124189	false	benign	benign	benign	benign	benign	benign	benign	benign	benign	benign	benign
breadth_main	desync_coreutils_64_O0_logname	pilot	obfuscated	37038	21.961265	0.159419	6.012177	0.103715	0.105178	true	obfuscated	obfuscated	obfuscated	obfuscated	obfuscated	obfuscated	packed	packed	packed	obfuscated	obfuscated
breadth_main	desync_coreutils_64_O0_logname	d1_med	obfuscated	50633	28.924116	0.181606	6.109685	0.098724	0.105178	true	obfuscated	obfuscated	obfuscated	obfuscated	obfuscated	obfuscated	packed	packed	packed	obfuscated	obfuscated
breadth_main	desync_coreutils_64_O0_logname	d2_heavy	obfuscated	118573	43.923278	0.208761	6.273546	0.088504	0.105178	true	obfuscated	obfuscated	obfuscated	obfuscated	obfuscated	obfuscated	packed	packed	packed	obfuscated	obfuscated
breadth_main	desync_coreutils_64_O0_logname	d3_max	obfuscated	126777	45.511459	0.220661	6.611280	0.087870	0.105178	true	obfuscated	obfuscated	obfuscated	obfuscated	obfuscated	obfuscated	packed	packed	packed	obfuscated	obfuscated
breadth_main	desync_coreutils_64_O0_runcon	pilot	obfuscated	39491	21.956092	0.163940	6.046622	0.102627	0.105178	true	obfuscated	obfuscated	obfuscated	obfuscated	obfuscated	obfuscated	packed	packed	packed	obfuscated	obfuscated
breadth_main	desync_coreutils_64_O0_runcon	d1_med	obfuscated	54456	27.475238	0.166264	6.108841	0.097670	0.105178	true	obfuscated	obfuscated	obfuscated	obfuscated	obfuscated	obfuscated	packed	packed	packed	obfuscated	obfuscated
breadth_main	cat.upxnrv__upxnrv	upxnrv	packed	19817	1.183582	0.222807	7.712104	0.116374	0.116374	false	packed	packed	packed	packed	packed	packed	packed	packed	packed	packed	packed
breadth_main	comm.upxnrv__upxnrv	upxnrv	packed	16110	1.138418	0.183056	7.696315	0.121518	0.121518	false	packed	packed	packed	packed	packed	packed	packed	packed	packed	packed	packed
breadth_main	cut.upxnrv__upxnrv	upxnrv	packed	20103	1.149110	0.209263	7.709277	0.116038	0.116038	false	packed	packed	packed	packed	packed	packed	packed	packed	packed	packed	packed
breadth_main	fold.upxnrv__upxnrv	upxnrv	packed	14949	1.136135	0.203111	7.731762	0.123510	0.123510	false	packed	packed	packed	packed	packed	packed	packed	packed	packed	packed	packed
breadth_main	head.upxnrv__upxnrv	upxnrv	packed	17760	1.121659	0.203999	7.699121	0.119030	0.119030	false	packed	packed	packed	packed	packed	packed	packed	packed	packed	packed	packed
breadth_main	join.upxnrv__upxnrv	upxnrv	packed	19580	1.200841	0.206559	7.721267	0.116659	0.116659	false	packed	packed	packed	packed	packed	packed	packed	packed	packed	packed	packed
breadth_main	nl.upxnrv__upxnrv	upxnrv	packed	44431	1.049873	0.192496	7.707806	0.100716	0.105178	true	packed	packed	packed	packed	packed	packed	packed	packed	packed	packed	packed
breadth_main	paste.upxnrv__upxnrv	upxnrv	packed	14900	1.156329	0.217413	7.722868	0.123599	0.123599	false	packed	packed	packed	packed	packed	packed	packed	packed	packed	packed	packed
breadth_main	tail.upxnrv__upxnrv	upxnrv	packed	27863	1.088320	0.207549	7.714447	0.108989	0.108989	false	packed	packed	packed	packed	packed	packed	packed	packed	packed	packed	packed
breadth_main	tr.upxnrv__upxnrv	upxnrv	packed	20131	1.162138	0.203851	7.700193	0.116005	0.116005	false	packed	packed	packed	packed	packed	packed	packed	packed	packed	packed	packed
breadth_main	uniq.upxnrv__upxnrv	upxnrv	packed	17662	1.058527	0.214459	7.722428	0.119168	0.119168	false	packed	packed	packed	packed	packed	packed	packed	packed	packed	packed	packed
breadth_main	wc.upxnrv__upxnrv	upxnrv	packed	17892	1.075411	0.197332	7.714342	0.118846	0.118846	false	packed	packed	packed	packed	packed	packed	packed	packed	packed	packed	packed
breadth_main	cat.upxlzma__upxlzma	upxlzma	packed	19702	0.936895	0.190827	7.841354	0.116512	0.116512	false	packed	packed	packed	packed	packed	packed	packed	packed	packed	packed	packed
breadth_main	comm.upxlzma__upxlzma	upxlzma	packed	16525	0.996767	0.177410	7.832215	0.120857	0.120857	false	packed	packed	packed	packed	packed	packed	packed	packed	packed	packed	packed
breadth_main	cut.upxlzma__upxlzma	upxlzma	packed	19962	0.866840	0.164319	7.838061	0.116203	0.116203	false	packed	packed	packed	packed	packed	packed	packed	packed	packed	packed	packed
breadth_main	fold.upxlzma__upxlzma	upxlzma	packed	15530	0.888603	0.170068	7.832179	0.122485	0.122485	false	packed	packed	packed	packed	packed	packed	packed	packed	packed	packed	packed
breadth_main	head.upxlzma__upxlzma	upxlzma	packed	18109	0.941526	0.191830	7.824542	0.118548	0.118548	false	packed	packed	packed	packed	packed	packed	packed	packed	packed	packed	packed
breadth_main	join.upxlzma__upxlzma	upxlzma	packed	19470	0.944848	0.170364	7.841665	0.116793	0.116793	false	packed	packed	packed	packed	packed	packed	packed	packed	packed	packed	packed
breadth_main	nl.upxlzma__upxlzma	upxlzma	packed	39532	0.932241	0.182922	7.848550	0.102610	0.105178	true	packed	packed	packed	packed	packed	packed	packed	packed	packed	packed	packed
breadth_main	paste.upxlzma__upxlzma	upxlzma	packed	15474	0.859366	0.168061	7.832569	0.122581	0.122581	false	packed	packed	packed	packed	packed	packed	packed	packed	packed	packed	packed
breadth_main	tail.upxlzma__upxlzma	upxlzma	packed	26480	0.947940	0.180124	7.846950	0.110014	0.110014	false	packed	packed	packed	packed	packed	packed	packed	packed	packed	packed	packed
breadth_main	tr.upxlzma__upxlzma	upxlzma	packed	19995	0.938782	0.168030	7.834263	0.116164	0.116164	false	packed	packed	packed	packed	packed	packed	packed	packed	packed	packed	packed
breadth_main	uniq.upxlzma__upxlzma	upxlzma	packed	18016	0.946259	0.192074	7.839980	0.118675	0.118675	false	packed	packed	packed	packed	packed	packed	packed	packed	packed	packed	packed
breadth_main	wc.upxlzma__upxlzma	upxlzma	packed	17922	0.859268	0.168070	7.838643	0.118804	0.118804	false	packed	packed	packed	packed	packed	packed	packed	packed	packed	packed	packed
breadth_main	cat.kite__kite	kite	packed	21914	0.790244	0.142089	7.901022	0.114062	0.114062	false	packed	packed	packed	packed	packed	packed	packed	packed	packed	packed	packed
breadth_main	comm.kite__kite	kite	packed	20774	0.648934	0.146378	7.893040	0.115276	0.115276	false	packed	packed	packed	packed	packed	packed	packed	packed	packed	packed	packed
breadth_main	cut.kite__kite	kite	packed	23489	0.665753	0.140804	7.895748	0.112533	0.112533	false	packed	packed	packed	packed	packed	packed	packed	packed	packed	packed	packed
breadth_main	fold.kite__kite	kite	packed	20079	0.585612	0.140346	7.892896	0.116066	0.116066	false	packed	packed	packed	packed	packed	packed	packed	packed	packed	packed	packed
breadth_main	head.kite__kite	kite	packed	20868	0.722575	0.141655	7.897030	0.115172	0.115172	false	packed	packed	packed	packed	packed	packed	packed	packed	packed	packed	packed
breadth_main	join.kite__kite	kite	packed	22078	0.701817	0.156299	7.897225	0.113895	0.113895	false	packed	packed	packed	packed	packed	packed	packed	packed	packed	packed	packed
breadth_main	nl.kite__kite	kite	packed	30282	0.778088	0.177830	7.905394	0.107368	0.107368	false	packed	packed	packed	packed	packed	packed	packed	packed	packed	packed	packed
breadth_main	paste.kite__kite	kite	packed	20072	0.598537	0.153112	7.893035	0.116074	0.116074	false	packed	packed	packed	packed	packed	packed	packed	packed	packed	packed	packed
breadth_main	tail.kite__kite	kite	packed	26301	0.776898	0.146234	7.906455	0.110153	0.110153	false	packed	packed	packed	packed	packed	packed	packed	packed	packed	packed	packed
breadth_main	tr.kite__kite	kite	packed	22038	0.678131	0.144768	7.893496	0.113936	0.113936	false	packed	packed	packed	packed	packed	packed	packed	packed	packed	packed	packed
breadth_main	uniq.kite__kite	kite	packed	21592	0.712631	0.138855	7.893284	0.114395	0.114395	false	packed	packed	packed	packed	packed	packed	packed	packed	packed	packed	packed
breadth_main	wc.kite__kite	kite	packed	21029	0.698645	0.133993	7.890055	0.114996	0.114996	false	packed	packed	packed	packed	packed	packed	packed	packed	packed	packed	packed
breadth_main	cat.kiten__kiten	kiten	packed	7899	0.454187	0.167986	5.913357	0.143902	0.143902	false	packed	packed	packed	benign	benign	benign	packed	packed	packed	packed	benign
breadth_main	comm.kiten__kiten	kiten	packed	7904	0.464668	0.164374	5.913357	0.143879	0.143879	false	packed	packed	packed	benign	benign	benign	packed	packed	packed	packed	benign
breadth_main	cut.kiten__kiten	kiten	packed	7899	0.453196	0.166829	5.913357	0.143902	0.143902	false	packed	packed	packed	benign	benign	benign	packed	packed	packed	packed	benign
breadth_main	fold.kiten__kiten	kiten	packed	7905	0.454531	0.168298	5.913357	0.143874	0.143874	false	packed	packed	packed	benign	benign	benign	packed	packed	packed	packed	benign
breadth_main	head.kiten__kiten	kiten	packed	7905	0.452809	0.166370	5.913357	0.143874	0.143874	false	packed	packed	packed	benign	benign	benign	packed	packed	packed	packed	benign
breadth_main	join.kiten__kiten	kiten	packed	7902	0.454438	0.168404	5.913357	0.143888	0.143888	false	packed	packed	packed	benign	benign	benign	packed	packed	packed	packed	benign
breadth_main	nl.kiten__kiten	kiten	packed	7906	0.452469	0.161619	5.913357	0.143869	0.143869	false	packed	packed	packed	benign	benign	benign	packed	packed	packed	packed	benign
breadth_main	paste.kiten__kiten	kiten	packed	7901	0.454728	0.168566	5.913357	0.143893	0.143893	false	packed	packed	packed	benign	benign	benign	packed	packed	packed	packed	benign
breadth_main	tail.kiten__kiten	kiten	packed	7904	0.453083	0.166833	5.913357	0.143879	0.143879	false	packed	packed	packed	benign	benign	benign	packed	packed	packed	packed	benign
breadth_main	tr.kiten__kiten	kiten	packed	7899	0.454283	0.166836	5.913357	0.143902	0.143902	false	packed	packed	packed	benign	benign	benign	packed	packed	packed	packed	benign
breadth_main	uniq.kiten__kiten	kiten	packed	7903	0.459587	0.147066	5.913357	0.143883	0.143883	false	packed	packed	packed	benign	benign	benign	packed	packed	packed	packed	benign
breadth_main	wc.kiten__kiten	kiten	packed	7906	0.453096	0.166870	5.913357	0.143869	0.143869	false	packed	packed	packed	benign	benign	benign	packed	packed	packed	packed	benign
breadth_ezuri	icc_coreutils_64_O0_mknod	clean	benign	21704	0.813947	0.059456	5.628898	0.114278	0.114278	false	benign	benign	benign	benign	benign	benign	benign	benign	benign	benign	benign
breadth_ezuri	icc_coreutils_64_O0_logname	clean	benign	17869	0.877168	0.064681	5.610452	0.118878	0.118878	false	benign	benign	benign	benign	benign	benign	benign	benign	benign	benign	benign
breadth_ezuri	icc_coreutils_64_O2_getlimits	clean	benign	29374	0.668835	0.085178	6.155853	0.107953	0.107953	false	benign	benign	benign	benign	benign	benign	benign	benign	benign	benign	benign
breadth_ezuri	icc_coreutils_64_O0_pwd	clean	benign	21195	0.933439	0.061015	5.581237	0.114816	0.114816	false	benign	benign	benign	benign	benign	benign	benign	benign	benign	benign	benign
breadth_ezuri	gcc_coreutils_64_O2_mktemp	clean	benign	20162	0.679832	0.078947	6.162636	0.115969	0.115969	false	benign	benign	benign	benign	benign	benign	benign	benign	benign	benign	benign
breadth_ezuri	gcc_coreutils_64_O2_dirname	clean	benign	14582	0.671965	0.088253	6.223370	0.124189	0.124189	false	benign	benign	benign	benign	benign	benign	benign	benign	benign	benign	benign
breadth_ezuri	desync_coreutils_64_O0_logname	pilot	obfuscated	37038	21.961265	0.159419	6.012177	0.103715	0.105178	true	obfuscated	obfuscated	obfuscated	obfuscated	obfuscated	obfuscated	packed	packed	packed	obfuscated	obfuscated
breadth_ezuri	desync_coreutils_64_O0_logname	d1_med	obfuscated	50633	28.924116	0.181606	6.109685	0.098724	0.105178	true	obfuscated	obfuscated	obfuscated	obfuscated	obfuscated	obfuscated	packed	packed	packed	obfuscated	obfuscated
breadth_ezuri	desync_coreutils_64_O0_logname	d2_heavy	obfuscated	118573	43.923278	0.208761	6.273546	0.088504	0.105178	true	obfuscated	obfuscated	obfuscated	obfuscated	obfuscated	obfuscated	packed	packed	packed	obfuscated	obfuscated
breadth_ezuri	desync_coreutils_64_O0_logname	d3_max	obfuscated	126777	45.511459	0.220661	6.611280	0.087870	0.105178	true	obfuscated	obfuscated	obfuscated	obfuscated	obfuscated	obfuscated	packed	packed	packed	obfuscated	obfuscated
breadth_ezuri	desync_coreutils_64_O0_runcon	pilot	obfuscated	39491	21.956092	0.163940	6.046622	0.102627	0.105178	true	obfuscated	obfuscated	obfuscated	obfuscated	obfuscated	obfuscated	packed	packed	packed	obfuscated	obfuscated
breadth_ezuri	desync_coreutils_64_O0_runcon	d1_med	obfuscated	54456	27.475238	0.166264	6.108841	0.097670	0.105178	true	obfuscated	obfuscated	obfuscated	obfuscated	obfuscated	obfuscated	packed	packed	packed	obfuscated	obfuscated
breadth_ezuri	cat.ezuri__ezuri	ezuri	packed	719326	0.642638	0.110068	6.421135	0.077056	0.105178	true	packed	packed	packed	benign	benign	benign	packed	packed	packed	packed	benign
breadth_ezuri	comm.ezuri__ezuri	ezuri	packed	719332	0.641776	0.110000	6.420656	0.077056	0.105178	true	packed	packed	packed	benign	benign	benign	packed	packed	packed	packed	benign
breadth_ezuri	cut.ezuri__ezuri	ezuri	packed	719326	0.642638	0.110068	6.421135	0.077056	0.105178	true	packed	packed	packed	benign	benign	benign	packed	packed	packed	packed	benign
breadth_ezuri	fold.ezuri__ezuri	ezuri	packed	719332	0.641776	0.110000	6.420656	0.077056	0.105178	true	packed	packed	packed	benign	benign	benign	packed	packed	packed	packed	benign
breadth_ezuri	head.ezuri__ezuri	ezuri	packed	719332	0.641776	0.110000	6.420656	0.077056	0.105178	true	packed	packed	packed	benign	benign	benign	packed	packed	packed	packed	benign
breadth_ezuri	join.ezuri__ezuri	ezuri	packed	719332	0.641776	0.110000	6.420656	0.077056	0.105178	true	packed	packed	packed	benign	benign	benign	packed	packed	packed	packed	benign
breadth_ezuri	nl.ezuri__ezuri	ezuri	packed	719320	0.641976	0.109990	6.418006	0.077056	0.105178	true	packed	packed	packed	benign	benign	benign	packed	packed	packed	packed	benign
breadth_ezuri	paste.ezuri__ezuri	ezuri	packed	719322	0.642031	0.110118	6.424562	0.077056	0.105178	true	packed	packed	packed	benign	benign	benign	packed	packed	packed	packed	benign
breadth_ezuri	tail.ezuri__ezuri	ezuri	packed	719332	0.641776	0.110000	6.420656	0.077056	0.105178	true	packed	packed	packed	benign	benign	benign	packed	packed	packed	packed	benign
breadth_ezuri	tr.ezuri__ezuri	ezuri	packed	719320	0.641976	0.109990	6.418006	0.077056	0.105178	true	packed	packed	packed	benign	benign	benign	packed	packed	packed	packed	benign
breadth_ezuri	uniq.ezuri__ezuri	ezuri	packed	719332	0.641776	0.110000	6.420656	0.077056	0.105178	true	packed	packed	packed	benign	benign	benign	packed	packed	packed	packed	benign
breadth_ezuri	wc.ezuri__ezuri	ezuri	packed	719320	0.641976	0.109990	6.418006	0.077056	0.105178	true	packed	packed	packed	benign	benign	benign	packed	packed	packed	packed	benign
switching_core	icc_coreutils_64_O0_mknod	clean	benign	21704	0.813947	0.059456	-	0.114278	0.114278	false	benign	benign	benign	-	-	-	benign	benign	benign	benign	-
switching_core	icc_coreutils_64_O0_logname	clean	benign	17869	0.877168	0.064681	-	0.118878	0.118878	false	benign	benign	benign	-	-	-	benign	benign	benign	benign	-
switching_core	icc_coreutils_64_O2_getlimits	clean	benign	29374	0.668835	0.085178	-	0.107953	0.107953	false	benign	benign	benign	-	-	-	benign	benign	benign	benign	-
switching_core	icc_coreutils_64_O0_pwd	clean	benign	21195	0.933439	0.061015	-	0.114816	0.114816	false	benign	benign	benign	-	-	-	benign	benign	benign	benign	-
switching_core	gcc_coreutils_64_O2_mktemp	clean	benign	20162	0.679832	0.078947	-	0.115969	0.115969	false	benign	benign	benign	-	-	-	benign	benign	benign	benign	-
switching_core	gcc_coreutils_64_O2_dirname	clean	benign	14582	0.671965	0.088253	-	0.124189	0.124189	false	benign	benign	benign	-	-	-	benign	benign	benign	benign	-
switching_core	gcc_coreutils_64_O2_vdir	clean	benign	61575	0.592722	0.098739	-	0.095976	0.105178	true	benign	packed	benign	-	-	-	benign	packed	benign	benign	-
switching_core	icc_coreutils_64_O3_unexpand	clean	benign	24698	0.600878	0.066117	-	0.111460	0.111460	false	benign	benign	benign	-	-	-	benign	benign	benign	benign	-
switching_core	icc_coreutils_64_O0_pr	clean	benign	41888	1.112455	0.060266	-	0.101657	0.105178	true	benign	benign	benign	-	-	-	benign	benign	benign	benign	-
switching_core	icc_coreutils_64_O3_numfmt	clean	benign	48776	0.579920	0.064592	-	0.099281	0.105178	true	benign	benign	benign	-	-	-	benign	benign	benign	benign	-
switching_core	icc_coreutils_64_O0_sha224sum	clean	benign	37285	1.051014	0.040832	-	0.103601	0.105178	true	benign	benign	benign	-	-	-	benign	benign	benign	benign	-
switching_core	gcc_coreutils_64_O1_tee	clean	benign	14873	0.595258	0.064298	-	0.123649	0.123649	false	benign	benign	benign	-	-	-	benign	benign	benign	benign	-
switching_core	gcc_coreutils_64_O2_sort	clean	benign	61001	0.658022	0.065909	-	0.096101	0.105178	true	benign	benign	benign	-	-	-	benign	benign	benign	benign	-
switching_core	icc_coreutils_64_O0_stat	clean	benign	61134	0.810299	0.085764	-	0.096072	0.105178	true	benign	benign	benign	-	-	-	benign	benign	benign	benign	-
switching_core	icc_coreutils_64_O2_unlink	clean	benign	14590	0.689159	0.094479	-	0.124174	0.124174	false	benign	benign	benign	-	-	-	benign	benign	benign	benign	-
switching_core	gcc_coreutils_64_O2_runcon	clean	benign	15837	0.666872	0.078084	-	0.121967	0.121967	false	benign	benign	benign	-	-	-	benign	benign	benign	benign	-
switching_core	icc_coreutils_64_O2_chroot	clean	benign	17356	0.688354	0.077683	-	0.119606	0.119606	false	benign	benign	benign	-	-	-	benign	benign	benign	benign	-
switching_core	icc_coreutils_64_O1_sha384sum	clean	benign	33619	0.575200	0.040413	-	0.105426	0.105426	false	benign	benign	benign	-	-	-	benign	benign	benign	benign	-
switching_core	icc_coreutils_64_O1_shred	clean	benign	26752	0.608171	0.034506	-	0.109806	0.109806	false	benign	benign	benign	-	-	-	benign	benign	benign	benign	-
switching_core	icc_coreutils_64_O3_touch	clean	benign	42929	0.664198	0.103811	-	0.101262	0.105178	true	benign	packed	benign	-	-	-	benign	packed	benign	benign	-
switching_core	desync_coreutils_64_O0_logname	pilot	obfuscated	37038	21.961265	0.159419	-	0.103715	0.105178	true	obfuscated	obfuscated	obfuscated	-	-	-	packed	packed	packed	obfuscated	-
switching_core	desync_coreutils_64_O0_logname	d1_med	obfuscated	50633	28.924116	0.181606	-	0.098724	0.105178	true	obfuscated	obfuscated	obfuscated	-	-	-	packed	packed	packed	obfuscated	-
switching_core	desync_coreutils_64_O0_logname	d2_heavy	obfuscated	118573	43.923278	0.208761	-	0.088504	0.105178	true	obfuscated	obfuscated	obfuscated	-	-	-	packed	packed	packed	obfuscated	-
switching_core	desync_coreutils_64_O0_logname	d3_max	obfuscated	126777	45.511459	0.220661	-	0.087870	0.105178	true	obfuscated	obfuscated	obfuscated	-	-	-	packed	packed	packed	obfuscated	-
switching_core	desync_coreutils_64_O0_runcon	pilot	obfuscated	39491	21.956092	0.163940	-	0.102627	0.105178	true	obfuscated	obfuscated	obfuscated	-	-	-	packed	packed	packed	obfuscated	-
switching_core	desync_coreutils_64_O0_runcon	d1_med	obfuscated	54456	27.475238	0.166264	-	0.097670	0.105178	true	obfuscated	obfuscated	obfuscated	-	-	-	packed	packed	packed	obfuscated	-
switching_core	desync_coreutils_64_O0_runcon	d2_heavy	obfuscated	127801	44.900905	0.210707	-	0.087795	0.105178	true	obfuscated	obfuscated	obfuscated	-	-	-	packed	packed	packed	obfuscated	-
switching_core	desync_coreutils_64_O0_runcon	d3_max	obfuscated	136665	43.699582	0.219939	-	0.087183	0.105178	true	obfuscated	obfuscated	obfuscated	-	-	-	packed	packed	packed	obfuscated	-
switching_core	desync_coreutils_64_O0_make-prime-list	d1_med	obfuscated	6494	31.312056	0.194377	-	0.151585	0.151585	false	obfuscated	obfuscated	obfuscated	-	-	-	packed	packed	packed	obfuscated	-
switching_core	desync_coreutils_64_O0_make-prime-list	d2_heavy	obfuscated	14593	17.277686	0.226995	-	0.124168	0.124168	false	obfuscated	obfuscated	obfuscated	-	-	-	packed	packed	packed	obfuscated	-
switching_core	desync_coreutils_64_O0_make-prime-list	d3_max	obfuscated	16435	23.662645	0.221888	-	0.120998	0.120998	false	obfuscated	obfuscated	obfuscated	-	-	-	packed	packed	packed	obfuscated	-
switching_core	desync_coreutils_64_O0_factor	pilot	obfuscated	176711	25.781015	0.180687	-	0.085019	0.105178	true	obfuscated	obfuscated	obfuscated	-	-	-	packed	packed	packed	obfuscated	-
switching_core	desync_coreutils_64_O0_od	pilot	obfuscated	184624	21.196562	0.179429	-	0.084677	0.105178	true	obfuscated	obfuscated	obfuscated	-	-	-	packed	packed	packed	obfuscated	-
switching_core	desync_coreutils_64_O0_env	pilot	obfuscated	55432	24.678791	0.169004	-	0.097419	0.105178	true	obfuscated	obfuscated	obfuscated	-	-	-	packed	packed	packed	obfuscated	-
switching_core	desync_coreutils_64_O0_env	d1_med	obfuscated	76197	32.597818	0.188725	-	0.093273	0.105178	true	obfuscated	obfuscated	obfuscated	-	-	-	packed	packed	packed	obfuscated	-
switching_core	desync_coreutils_64_O0_ln	pilot	obfuscated	97707	26.923179	0.183808	-	0.090463	0.105178	true	obfuscated	obfuscated	obfuscated	-	-	-	packed	packed	packed	obfuscated	-
switching_core	desync_coreutils_64_O0_ln	d1_med	obfuscated	131592	33.095440	0.185873	-	0.087526	0.105178	true	obfuscated	obfuscated	obfuscated	-	-	-	packed	packed	packed	obfuscated	-
switching_core	desync_coreutils_64_O0_nl	pilot	obfuscated	50635	23.638695	0.167948	-	0.098724	0.105178	true	obfuscated	obfuscated	obfuscated	-	-	-	packed	packed	packed	obfuscated	-
switching_core	desync_coreutils_64_O0_nl	d1_med	obfuscated	69168	32.189135	0.187996	-	0.094465	0.105178	true	obfuscated	obfuscated	obfuscated	-	-	-	packed	packed	packed	obfuscated	-
switching_core	desync_coreutils_64_O0_vdir	pilot	obfuscated	209495	23.526381	0.177014	-	0.083731	0.105178	true	obfuscated	obfuscated	obfuscated	-	-	-	packed	packed	packed	obfuscated	-
switching_core	desync_coreutils_64_O0_pr	pilot	obfuscated	107648	23.701647	0.183605	-	0.089458	0.105178	true	obfuscated	obfuscated	obfuscated	-	-	-	packed	packed	packed	obfuscated	-
switching_core	desync_coreutils_64_O0_nproc	pilot	obfuscated	41554	23.463287	0.173784	-	0.101787	0.105178	true	obfuscated	obfuscated	obfuscated	-	-	-	packed	packed	packed	obfuscated	-
switching_core	desync_coreutils_64_O0_nproc	d1_med	obfuscated	56992	31.657690	0.190140	-	0.097030	0.105178	true	obfuscated	obfuscated	obfuscated	-	-	-	packed	packed	packed	obfuscated	-
switching_core	desync_coreutils_64_O0_nproc	d2_heavy	obfuscated	132209	45.523798	0.215742	-	0.087483	0.105178	true	obfuscated	obfuscated	obfuscated	-	-	-	packed	packed	packed	obfuscated	-
switching_core	desync_coreutils_64_O0_nproc	d3_max	obfuscated	141563	43.605798	0.221079	-	0.086870	0.105178	true	obfuscated	obfuscated	obfuscated	-	-	-	packed	packed	packed	obfuscated	-
switching_core	dir_upx_nrv__nrv	nrv	packed	43661	0.996939	0.196423	-	0.100992	0.105178	true	packed	packed	packed	-	-	-	packed	packed	packed	packed	-
switching_core	ls_upx_nrv__nrv	nrv	packed	43653	0.997579	0.196491	-	0.100995	0.105178	true	packed	packed	packed	-	-	-	packed	packed	packed	packed	-
switching_core	sha256sum_upx_nrv__nrv	nrv	packed	19523	1.170643	0.204099	-	0.116728	0.116728	false	packed	packed	packed	-	-	-	packed	packed	packed	packed	-
switching_core	base64_upx_nrv__nrv	nrv	packed	16654	1.078340	0.200008	-	0.120657	0.120657	false	packed	packed	packed	-	-	-	packed	packed	packed	packed	-
switching_core	sha256sum_upx_lzma__lzma	lzma	packed	18307	1.132377	0.187630	-	0.118280	0.118280	false	packed	packed	packed	-	-	-	packed	packed	packed	packed	-
switching_core	du_upx_nrv__nrv	nrv	packed	41659	1.052156	0.210597	-	0.101746	0.105178	true	packed	packed	packed	-	-	-	packed	packed	packed	packed	-
switching_core	base64_upx_lzma__lzma	lzma	packed	16137	1.083181	0.185167	-	0.121474	0.121474	false	packed	packed	packed	-	-	-	packed	packed	packed	packed	-
switching_core	dir_upx_lzma__lzma	lzma	packed	38341	0.981954	0.184954	-	0.103124	0.105178	true	packed	packed	packed	-	-	-	packed	packed	packed	packed	-
switching_core	p02_insertsort	tigL	obfuscated	2413	0.424734	0.182646	-	0.204332	0.204332	false	packed	benign	benign	-	-	-	packed	benign	benign	packed	-
switching_core	p02_insertsort	tigM	obfuscated	515	0.381289	0.204437	-	0.361669	0.361669	false	packed	benign	benign	-	-	-	packed	benign	benign	packed	-
switching_core	p02_insertsort	tigH	obfuscated	535	0.375660	0.226734	-	0.356151	0.356151	false	packed	benign	benign	-	-	-	packed	benign	benign	packed	-
switching_core	p06_parser	tigL	obfuscated	2423	0.348376	0.134450	-	0.204053	0.204053	false	packed	benign	benign	-	-	-	packed	benign	benign	packed	-
switching_core	p06_parser	tigM	obfuscated	590	0.307643	0.113876	-	0.342450	0.342450	false	packed	benign	benign	-	-	-	packed	benign	benign	packed	-
switching_core	p06_parser	tigH	obfuscated	634	0.437826	0.160115	-	0.332799	0.332799	false	packed	benign	benign	-	-	-	packed	benign	benign	packed	-
switching_core	p05_vm	tigL	obfuscated	2629	0.542621	0.264272	-	0.198663	0.198663	false	packed	packed	packed	-	-	-	packed	packed	packed	packed	-
switching_core	p05_vm	tigM	obfuscated	733	0.418991	0.037055	-	0.314355	0.314355	false	benign	benign	benign	-	-	-	benign	benign	benign	benign	-
switching_core	p05_vm	tigH	obfuscated	883	0.408307	0.205019	-	0.292566	0.292566	false	packed	benign	benign	-	-	-	packed	benign	benign	packed	-
switching_core	p01_statemachine	tigL	obfuscated	1933	0.486902	0.166394	-	0.220177	0.220177	false	packed	benign	benign	-	-	-	packed	benign	benign	packed	-
switching_core	p01_statemachine	tigM	obfuscated	519	0.386756	0.098327	-	0.360540	0.360540	false	benign	benign	benign	-	-	-	benign	benign	benign	benign	-
switching_core	p01_statemachine	tigH	obfuscated	579	0.389053	0.292710	-	0.345033	0.345033	false	packed	benign	benign	-	-	-	packed	benign	benign	packed	-
switching_core	p10_collatz	tigL	obfuscated	1405	0.383071	0.161842	-	0.246282	0.246282	false	packed	benign	benign	-	-	-	packed	benign	benign	packed	-
switching_core	p10_collatz	tigM	obfuscated	427	0.375459	0.038781	-	0.390392	0.390392	false	benign	benign	benign	-	-	-	benign	benign	benign	benign	-
switching_core	p10_collatz	tigH	obfuscated	525	0.400910	0.251893	-	0.358870	0.358870	false	packed	benign	benign	-	-	-	packed	benign	benign	packed	-
switching_core	p09_matmul	tigL	obfuscated	2327	0.462838	0.137737	-	0.206806	0.206806	false	packed	benign	benign	-	-	-	packed	benign	benign	packed	-
switching_core	p09_matmul	tigM	obfuscated	725	0.310096	-0.027200	-	0.315703	0.315703	false	benign	benign	benign	-	-	-	benign	benign	benign	benign	-
switching_core	p09_matmul	tigH	obfuscated	788	0.431638	0.142237	-	0.305645	0.305645	false	packed	benign	benign	-	-	-	packed	benign	benign	packed	-
switching_core	p12_modpow	tigL	obfuscated	1995	0.442679	0.125098	-	0.217813	0.217813	false	packed	benign	benign	-	-	-	packed	benign	benign	packed	-
switching_core	p12_modpow	tigM	obfuscated	660	0.659223	0.176434	-	0.327555	0.327555	false	packed	benign	benign	-	-	-	packed	benign	benign	packed	-
switching_core	p12_modpow	tigH	obfuscated	565	0.346692	0.290550	-	0.348429	0.348429	false	packed	benign	benign	-	-	-	packed	benign	benign	packed	-
switching_core	p08_binsearch	tigL	obfuscated	2008	0.468914	0.159314	-	0.217331	0.217331	false	packed	benign	benign	-	-	-	packed	benign	benign	packed	-
switching_core	p08_binsearch	tigM	obfuscated	536	0.365991	0.239985	-	0.355883	0.355883	false	packed	benign	benign	-	-	-	packed	benign	benign	packed	-
switching_core	p08_binsearch	tigH	obfuscated	636	0.393080	0.228496	-	0.332384	0.332384	false	packed	benign	benign	-	-	-	packed	benign	benign	packed	-
switching_core	p07_crc	tigL	obfuscated	1560	0.440267	0.145862	-	0.237256	0.237256	false	packed	benign	benign	-	-	-	packed	benign	benign	packed	-
switching_core	p07_crc	tigM	obfuscated	457	0.663390	0.310471	-	0.379672	0.379672	false	packed	benign	benign	-	-	-	packed	benign	benign	packed	-
switching_core	p07_crc	tigH	obfuscated	502	0.403045	0.151281	-	0.365431	0.365431	false	packed	benign	benign	-	-	-	packed	benign	benign	packed	-
corpus_expansion	icc_coreutils_64_O0_mknod	clean	benign	21704	0.813947	0.059456	5.628898	0.114278	0.114278	false	benign	benign	benign	benign	benign	benign	benign	benign	benign	benign	benign
corpus_expansion	icc_coreutils_64_O0_logname	clean	benign	17869	0.877168	0.064681	5.610452	0.118878	0.118878	false	benign	benign	benign	benign	benign	benign	benign	benign	benign	benign	benign
corpus_expansion	icc_coreutils_64_O2_getlimits	clean	benign	29374	0.668835	0.085178	6.155853	0.107953	0.107953	false	benign	benign	benign	benign	benign	benign	benign	benign	benign	benign	benign
corpus_expansion	icc_coreutils_64_O0_pwd	clean	benign	21195	0.933439	0.061015	5.581237	0.114816	0.114816	false	benign	benign	benign	benign	benign	benign	benign	benign	benign	benign	benign
corpus_expansion	gcc_coreutils_64_O2_mktemp	clean	benign	20162	0.679832	0.078947	6.162636	0.115969	0.115969	false	benign	benign	benign	benign	benign	benign	benign	benign	benign	benign	benign
corpus_expansion	gcc_coreutils_64_O2_dirname	clean	benign	14582	0.671965	0.088253	6.223370	0.124189	0.124189	false	benign	benign	benign	benign	benign	benign	benign	benign	benign	benign	benign
corpus_expansion	gcc_coreutils_64_O2_vdir	clean	benign	61575	0.592722	0.098739	6.290703	0.095976	0.105178	true	benign	packed	benign	benign	benign	benign	benign	packed	benign	benign	benign
corpus_expansion	icc_coreutils_64_O3_unexpand	clean	benign	24698	0.600878	0.066117	6.289310	0.111460	0.111460	false	benign	benign	benign	benign	benign	benign	benign	benign	benign	benign	benign
corpus_expansion	icc_coreutils_64_O0_pr	clean	benign	41888	1.112455	0.060266	5.779194	0.101657	0.105178	true	benign	benign	benign	benign	benign	benign	benign	benign	benign	benign	benign
corpus_expansion	icc_coreutils_64_O3_numfmt	clean	benign	48776	0.579920	0.064592	6.205231	0.099281	0.105178	true	benign	benign	benign	benign	benign	benign	benign	benign	benign	benign	benign
corpus_expansion	icc_coreutils_64_O0_sha224sum	clean	benign	37285	1.051014	0.040832	5.637531	0.103601	0.105178	true	benign	benign	benign	benign	benign	benign	benign	benign	benign	benign	benign
corpus_expansion	gcc_coreutils_64_O1_tee	clean	benign	14873	0.595258	0.064298	6.199731	0.123649	0.123649	false	benign	benign	benign	benign	benign	benign	benign	benign	benign	benign	benign
corpus_expansion	gcc_coreutils_64_O2_sort	clean	benign	61001	0.658022	0.065909	6.471766	0.096101	0.105178	true	benign	benign	benign	benign	benign	benign	benign	benign	benign	benign	benign
corpus_expansion	icc_coreutils_64_O0_stat	clean	benign	61134	0.810299	0.085764	5.705256	0.096072	0.105178	true	benign	benign	benign	benign	benign	benign	benign	benign	benign	benign	benign
corpus_expansion	icc_coreutils_64_O2_unlink	clean	benign	14590	0.689159	0.094479	6.181740	0.124174	0.124174	false	benign	benign	benign	benign	benign	benign	benign	benign	benign	benign	benign
corpus_expansion	gcc_coreutils_64_O2_runcon	clean	benign	15837	0.666872	0.078084	6.204043	0.121967	0.121967	false	benign	benign	benign	benign	benign	benign	benign	benign	benign	benign	benign
corpus_expansion	icc_coreutils_64_O2_chroot	clean	benign	17356	0.688354	0.077683	6.215405	0.119606	0.119606	false	benign	benign	benign	benign	benign	benign	benign	benign	benign	benign	benign
corpus_expansion	icc_coreutils_64_O1_sha384sum	clean	benign	33619	0.575200	0.040413	6.166215	0.105426	0.105426	false	benign	benign	benign	benign	benign	benign	benign	benign	benign	benign	benign
corpus_expansion	icc_coreutils_64_O1_shred	clean	benign	26752	0.608171	0.034506	6.182940	0.109806	0.109806	false	benign	benign	benign	benign	benign	benign	benign	benign	benign	benign	benign
corpus_expansion	icc_coreutils_64_O3_touch	clean	benign	42929	0.664198	0.103811	6.291241	0.101262	0.105178	true	benign	packed	benign	benign	benign	benign	benign	packed	benign	benign	benign
corpus_expansion	gcc_coreutils_64_O2_rm	clean	benign	33482	0.688903	0.093544	6.154760	0.105500	0.105500	false	benign	benign	benign	benign	benign	benign	benign	benign	benign	benign	benign
corpus_expansion	gcc_coreutils_64_O3_factor	clean	benign	65718	0.733732	0.079461	6.199201	0.095119	0.105178	true	benign	benign	benign	benign	benign	benign	benign	benign	benign	benign	benign
corpus_expansion	icc_coreutils_64_O2_pinky	clean	benign	18056	0.730509	0.080912	6.228545	0.118620	0.118620	false	benign	benign	benign	benign	benign	benign	benign	benign	benign	benign	benign
corpus_expansion	gcc_coreutils_64_O1_hostid	clean	benign	13721	0.594778	0.067570	6.144950	0.125887	0.125887	false	benign	benign	benign	benign	benign	benign	benign	benign	benign	benign	benign
corpus_expansion	gcc_coreutils_64_O1_dircolors	clean	benign	16599	0.703878	0.082273	6.156944	0.120742	0.120742	false	benign	benign	benign	benign	benign	benign	benign	benign	benign	benign	benign
corpus_expansion	icc_coreutils_64_O0_tr	clean	benign	29638	0.872724	0.066956	5.661268	0.107780	0.107780	false	benign	benign	benign	benign	benign	benign	benign	benign	benign	benign	benign
corpus_expansion	icc_coreutils_64_O3_vdir	clean	benign	81851	0.587440	0.096751	6.295867	0.092428	0.105178	true	benign	packed	benign	benign	benign	benign	benign	packed	benign	benign	benign
corpus_expansion	icc_coreutils_64_O0_users	clean	benign	18951	0.830564	0.065363	5.599541	0.117440	0.117440	false	benign	benign	benign	benign	benign	benign	benign	benign	benign	benign	benign
corpus_expansion	gcc_coreutils_64_O0_uname	clean	benign	18430	0.795376	0.053600	5.623018	0.118116	0.118116	false	benign	benign	benign	benign	benign	benign	benign	benign	benign	benign	benign
corpus_expansion	gcc_coreutils_64_O0_dircolors	clean	benign	21566	1.085555	0.071549	5.597506	0.114422	0.114422	false	benign	benign	benign	benign	benign	benign	benign	benign	benign	benign	benign
corpus_expansion	gcc_coreutils_64_O1_printenv	clean	benign	13694	0.573379	0.068792	6.139112	0.125943	0.125943	false	benign	benign	benign	benign	benign	benign	benign	benign	benign	benign	benign
corpus_expansion	icc_coreutils_64_O0_sha384sum	clean	benign	49010	0.635652	0.102877	5.788289	0.099209	0.105178	true	benign	packed	benign	benign	benign	benign	benign	packed	benign	benign	benign
corpus_expansion	gcc_coreutils_64_O3_logname	clean	benign	22628	0.639488	0.068697	6.139613	0.113349	0.113349	false	benign	benign	benign	benign	benign	benign	benign	benign	benign	benign	benign
corpus_expansion	gcc_coreutils_64_O3_sha512sum	clean	benign	43017	0.632451	0.077653	6.215693	0.101229	0.105178	true	benign	benign	benign	benign	benign	benign	benign	benign	benign	benign	benign
corpus_expansion	gcc_coreutils_64_O2_mknod	clean	benign	17714	0.656595	0.076739	6.169124	0.119094	0.119094	false	benign	benign	benign	benign	benign	benign	benign	benign	benign	benign	benign
corpus_expansion	icc_coreutils_64_O0_getlimits	clean	benign	30393	0.869643	0.050190	5.710674	0.107298	0.107298	false	benign	benign	benign	benign	benign	benign	benign	benign	benign	benign	benign
corpus_expansion	gcc_coreutils_64_O1_tsort	clean	benign	16850	0.689268	0.058589	6.198529	0.120357	0.120357	false	benign	benign	benign	benign	benign	benign	benign	benign	benign	benign	benign
corpus_expansion	gcc_coreutils_64_O3_stdbuf	clean	benign	50265	0.640700	0.086297	6.230029	0.098832	0.105178	true	benign	benign	benign	benign	benign	benign	benign	benign	benign	benign	benign
corpus_expansion	icc_coreutils_64_O1_nohup	clean	benign	15802	0.616230	0.074601	6.165855	0.122025	0.122025	false	benign	benign	benign	benign	benign	benign	benign	benign	benign	benign	benign
corpus_expansion	icc_coreutils_64_O1_df	clean	benign	62880	0.533885	0.031961	6.187398	0.095697	0.105178	true	benign	benign	benign	benign	benign	benign	benign	benign	benign	benign	benign
corpus_expansion	gcc_coreutils_64_O1_getlimits	clean	benign	28890	0.585305	0.049090	6.217104	0.108276	0.108276	false	benign	benign	benign	benign	benign	benign	benign	benign	benign	benign	benign
corpus_expansion	icc_coreutils_64_O2_numfmt	clean	benign	38597	0.595863	0.080874	6.204946	0.103011	0.105178	true	benign	benign	benign	benign	benign	benign	benign	benign	benign	benign	benign
corpus_expansion	icc_coreutils_64_O0_cp	clean	benign	97616	0.799304	0.071801	5.740622	0.090472	0.105178	true	benign	benign	benign	benign	benign	benign	benign	benign	benign	benign	benign
corpus_expansion	icc_coreutils_64_O3_sha256sum	clean	benign	38138	0.573977	0.037411	6.351234	0.103214	0.105178	true	benign	benign	benign	benign	benign	benign	benign	benign	benign	benign	benign
corpus_expansion	icc_coreutils_64_O1_chgrp	clean	benign	31467	0.636856	0.065799	6.201160	0.106643	0.106643	false	benign	benign	benign	benign	benign	benign	benign	benign	benign	benign	benign
corpus_expansion	gcc_coreutils_64_O0_echo	clean	benign	13169	0.988683	0.093141	5.646423	0.127062	0.127062	false	benign	benign	benign	benign	benign	benign	benign	benign	benign	benign	benign
corpus_expansion	icc_coreutils_64_O1_timeout	clean	benign	29483	0.554889	0.041597	6.218681	0.107881	0.107881	false	benign	benign	benign	benign	benign	benign	benign	benign	benign	benign	benign
corpus_expansion	gcc_coreutils_64_O2_users	clean	benign	15357	0.668130	0.090994	6.180007	0.122784	0.122784	false	benign	benign	benign	benign	benign	benign	benign	benign	benign	benign	benign
corpus_expansion	gcc_coreutils_64_O0_false	clean	benign	11947	0.953707	0.079868	5.606153	0.129948	0.129948	false	benign	benign	benign	benign	benign	benign	benign	benign	benign	benign	benign
corpus_expansion	gcc_coreutils_64_O0_id	clean	benign	21826	0.920140	0.055086	5.664498	0.114152	0.114152	false	benign	benign	benign	benign	benign	benign	benign	benign	benign	benign	benign
corpus_expansion	gcc_coreutils_64_O2_ln	clean	benign	30608	0.642576	0.082764	6.159149	0.107165	0.107165	false	benign	benign	benign	benign	benign	benign	benign	benign	benign	benign	benign
corpus_expansion	gcc_coreutils_64_O2_comm	clean	benign	18157	0.732801	0.079116	6.247245	0.118482	0.118482	false	benign	benign	benign	benign	benign	benign	benign	benign	benign	benign	benign
corpus_expansion	gcc_coreutils_64_O3_head	clean	benign	29006	0.597774	0.080011	6.246379	0.108198	0.108198	false	benign	benign	benign	benign	benign	benign	benign	benign	benign	benign	benign
corpus_expansion	gcc_coreutils_64_O0_head	clean	benign	26224	1.169607	0.069322	5.607072	0.110213	0.110213	false	benign	benign	benign	benign	benign	benign	benign	benign	benign	benign	benign
corpus_expansion	icc_coreutils_64_O3_fold	clean	benign	25144	0.546042	0.073261	6.232742	0.111084	0.111084	false	benign	benign	benign	benign	benign	benign	benign	benign	benign	benign	benign
corpus_expansion	gcc_coreutils_64_O1_tty	clean	benign	13533	0.597168	0.070152	6.161569	0.126279	0.126279	false	benign	benign	benign	benign	benign	benign	benign	benign	benign	benign	benign
corpus_expansion	gcc_coreutils_64_O3_tsort	clean	benign	28420	0.649350	0.055982	6.202046	0.108598	0.108598	false	benign	benign	benign	benign	benign	benign	benign	benign	benign	benign	benign
corpus_expansion	icc_coreutils_64_O2_expr	clean	benign	70098	0.633564	0.068115	6.223750	0.094297	0.105178	true	benign	benign	benign	benign	benign	benign	benign	benign	benign	benign	benign
corpus_expansion	icc_coreutils_64_O1_id	clean	benign	16941	0.609539	0.059319	6.180308	0.120219	0.120219	false	benign	benign	benign	benign	benign	benign	benign	benign	benign	benign	benign
corpus_expansion	icc_coreutils_64_O0_od	clean	benign	50367	0.999252	0.102132	5.729468	0.098802	0.105178	true	benign	packed	benign	benign	benign	benign	benign	packed	benign	benign	benign
corpus_expansion	icc_coreutils_64_O3_chroot	clean	benign	25854	0.577471	0.067757	6.176277	0.110505	0.110505	false	benign	benign	benign	benign	benign	benign	benign	benign	benign	benign	benign
corpus_expansion	icc_coreutils_64_O1_sha256sum	clean	benign	28949	0.563057	0.042322	6.320701	0.108236	0.108236	false	benign	benign	benign	benign	benign	benign	benign	benign	benign	benign	benign
corpus_expansion	icc_coreutils_64_O2_unexpand	clean	benign	16476	0.652922	0.077916	6.188837	0.120934	0.120934	false	benign	benign	benign	benign	benign	benign	benign	benign	benign	benign	benign
corpus_expansion	icc_coreutils_64_O0_factor	clean	benign	67217	0.908477	0.088775	5.760423	0.094829	0.105178	true	benign	benign	benign	benign	benign	benign	benign	benign	benign	benign	benign
corpus_expansion	icc_coreutils_64_O1_cp	clean	benign	79947	0.513217	0.028786	6.146618	0.092703	0.105178	true	benign	benign	benign	benign	benign	benign	benign	benign	benign	benign	benign
corpus_expansion	icc_coreutils_64_O2_mknod	clean	benign	17714	0.656595	0.076739	6.169124	0.119094	0.119094	false	benign	benign	benign	benign	benign	benign	benign	benign	benign	benign	benign
corpus_expansion	gcc_coreutils_64_O0_nohup	clean	benign	20210	1.041787	0.062322	5.612343	0.115914	0.115914	false	benign	benign	benign	benign	benign	benign	benign	benign	benign	benign	benign
corpus_expansion	gcc_coreutils_64_O3_setuidgid	clean	benign	25564	0.581421	0.071556	6.211521	0.110738	0.110738	false	benign	benign	benign	benign	benign	benign	benign	benign	benign	benign	benign
corpus_expansion	icc_coreutils_64_O1_mktemp	clean	benign	19482	0.676276	0.047272	6.181607	0.116778	0.116778	false	benign	benign	benign	benign	benign	benign	benign	benign	benign	benign	benign
corpus_expansion	icc_coreutils_64_O3_mv	clean	benign	88097	0.664418	0.072554	6.223356	0.091591	0.105178	true	benign	benign	benign	benign	benign	benign	benign	benign	benign	benign	benign
corpus_expansion	gcc_coreutils_64_O0_sum	clean	benign	23994	0.926831	0.066031	5.722606	0.112075	0.112075	false	benign	benign	benign	benign	benign	benign	benign	benign	benign	benign	benign
corpus_expansion	icc_coreutils_64_O2_comm	clean	benign	18157	0.732801	0.079116	6.247245	0.118482	0.118482	false	benign	benign	benign	benign	benign	benign	benign	benign	benign	benign	benign
corpus_expansion	gcc_coreutils_64_O3_mv	clean	benign	88097	0.664418	0.072554	6.223356	0.091591	0.105178	true	benign	benign	benign	benign	benign	benign	benign	benign	benign	benign	benign
corpus_expansion	icc_coreutils_64_O0_make-prime-list	clean	benign	2640	0.767884	0.078679	5.701042	0.198393	0.198393	false	benign	benign	benign	benign	benign	benign	benign	benign	benign	benign	benign
corpus_expansion	icc_coreutils_64_O3_[	clean	benign	19053	0.661470	0.075418	6.226095	0.117310	0.117310	false	benign	benign	benign	benign	benign	benign	benign	benign	benign	benign	benign
corpus_expansion	gcc_coreutils_64_O2_du	clean	benign	65172	0.686749	0.085869	6.183706	0.095227	0.105178	true	benign	benign	benign	benign	benign	benign	benign	benign	benign	benign	benign
corpus_expansion	gcc_coreutils_64_O3_printf	clean	benign	30682	0.646893	0.099137	6.214916	0.107119	0.107119	false	benign	benign	benign	benign	benign	benign	benign	benign	benign	benign	benign
corpus_expansion	gcc_coreutils_64_O3_wc	clean	benign	28396	0.620742	0.071194	6.247086	0.108614	0.108614	false	benign	benign	benign	benign	benign	benign	benign	benign	benign	benign	benign
corpus_expansion	gcc_coreutils_64_O2_join	clean	benign	23538	0.653207	0.106023	6.304758	0.112488	0.112488	false	packed	benign	benign	benign	benign	benign	packed	benign	benign	packed	benign
corpus_expansion	gcc_coreutils_64_O0_getlimits	clean	benign	30393	0.869643	0.050190	5.710674	0.107298	0.107298	false	benign	benign	benign	benign	benign	benign	benign	benign	benign	benign	benign
corpus_expansion	gcc_coreutils_64_O2_kill	clean	benign	16081	0.646146	0.078728	6.153182	0.121565	0.121565	false	benign	benign	benign	benign	benign	benign	benign	benign	benign	benign	benign
corpus_expansion	icc_coreutils_64_O2_tac	clean	benign	69043	0.653207	0.066015	6.300328	0.094488	0.105178	true	benign	benign	benign	benign	benign	benign	benign	benign	benign	benign	benign
corpus_expansion	gcc_coreutils_64_O3_stat	clean	benign	54476	0.636811	0.071261	6.217201	0.097665	0.105178	true	benign	benign	benign	benign	benign	benign	benign	benign	benign	benign	benign
corpus_expansion	icc_coreutils_64_O0_paste	clean	benign	20328	0.907388	0.046471	5.724161	0.115778	0.115778	false	benign	benign	benign	benign	benign	benign	benign	benign	benign	benign	benign
corpus_expansion	icc_coreutils_64_O0_sort	clean	benign	80142	0.969199	0.073855	5.784308	0.092674	0.105178	true	benign	benign	benign	benign	benign	benign	benign	benign	benign	benign	benign
corpus_expansion	icc_coreutils_64_O1_rmdir	clean	benign	26850	0.531838	0.041668	6.178488	0.109732	0.109732	false	benign	benign	benign	benign	benign	benign	benign	benign	benign	benign	benign
corpus_expansion	icc_coreutils_64_O2_factor	clean	benign	53149	0.710983	0.085511	6.162821	0.098018	0.105178	true	benign	benign	benign	benign	benign	benign	benign	benign	benign	benign	benign
corpus_expansion	icc_coreutils_64_O1_cut	clean	benign	23617	0.633975	0.080203	6.128351	0.112416	0.112416	false	benign	benign	benign	benign	benign	benign	benign	benign	benign	benign	benign
corpus_expansion	icc_coreutils_64_O2_readlink	clean	benign	22844	0.613815	0.081502	6.214588	0.113140	0.113140	false	benign	benign	benign	benign	benign	benign	benign	benign	benign	benign	benign
corpus_expansion	gcc_coreutils_64_O3_[	clean	benign	19053	0.661470	0.075418	6.226095	0.117310	0.117310	false	benign	benign	benign	benign	benign	benign	benign	benign	benign	benign	benign
corpus_expansion	icc_coreutils_64_O0_hostid	clean	benign	17803	0.821525	0.063878	5.577872	0.118970	0.118970	false	benign	benign	benign	benign	benign	benign	benign	benign	benign	benign	benign
corpus_expansion	gcc_coreutils_64_O3_uptime	clean	benign	30570	0.563460	0.061364	6.190950	0.107188	0.107188	false	benign	benign	benign	benign	benign	benign	benign	benign	benign	benign	benign
corpus_expansion	gcc_coreutils_64_O0_hostid	clean	benign	17803	0.821525	0.063878	5.577872	0.118970	0.118970	false	benign	benign	benign	benign	benign	benign	benign	benign	benign	benign	benign
corpus_expansion	gcc_coreutils_64_O3_expr	clean	benign	102618	0.631252	0.070315	6.299895	0.089948	0.105178	true	benign	benign	benign	benign	benign	benign	benign	benign	benign	benign	benign
corpus_expansion	gcc_coreutils_64_O0_tr	clean	benign	29638	0.872724	0.066956	5.661268	0.107780	0.107780	false	benign	benign	benign	benign	benign	benign	benign	benign	benign	benign	benign
corpus_expansion	gcc_coreutils_64_O2_seq	clean	benign	29263	0.613930	0.074297	6.308445	0.108027	0.108027	false	benign	benign	benign	benign	benign	benign	benign	benign	benign	benign	benign
corpus_expansion	icc_coreutils_64_O2_false	clean	benign	10153	0.654416	0.117406	6.186658	0.135094	0.135094	false	packed	benign	benign	benign	benign	benign	packed	benign	benign	packed	benign
corpus_expansion	icc_coreutils_64_O1_csplit	clean	benign	72304	0.688190	0.040992	6.210255	0.093912	0.105178	true	benign	benign	benign	benign	benign	benign	benign	benign	benign	benign	benign
corpus_expansion	gcc_coreutils_64_O1_shuf	clean	benign	25037	0.591194	0.063442	6.199117	0.111173	0.111173	false	benign	benign	benign	benign	benign	benign	benign	benign	benign	benign	benign
corpus_expansion	gcc_coreutils_64_O0_stat	clean	benign	61134	0.810299	0.085764	5.705256	0.096072	0.105178	true	benign	benign	benign	benign	benign	benign	benign	benign	benign	benign	benign
corpus_expansion	gcc_coreutils_64_O1_fold	clean	benign	15447	0.657349	0.078872	6.186827	0.122628	0.122628	false	benign	benign	benign	benign	benign	benign	benign	benign	benign	benign	benign
corpus_expansion	gcc_coreutils_64_O2_stdbuf	clean	benign	41281	0.613313	0.078970	6.154161	0.101895	0.105178	true	benign	benign	benign	benign	benign	benign	benign	benign	benign	benign	benign
corpus_expansion	gcc_coreutils_64_O1_chmod	clean	benign	30625	0.632930	0.066042	6.304194	0.107154	0.107154	false	benign	benign	benign	benign	benign	benign	benign	benign	benign	benign	benign
corpus_expansion	gcc_coreutils_64_O1_rmdir	clean	benign	26850	0.531838	0.041668	6.178488	0.109732	0.109732	false	benign	benign	benign	benign	benign	benign	benign	benign	benign	benign	benign
corpus_expansion	icc_coreutils_64_O1_[	clean	benign	15342	0.714160	0.067771	6.181169	0.122811	0.122811	false	benign	benign	benign	benign	benign	benign	benign	benign	benign	benign	benign
corpus_expansion	gcc_coreutils_64_O3_tail	clean	benign	46951	0.558377	0.063783	6.289790	0.099859	0.105178	true	benign	benign	benign	benign	benign	benign	benign	benign	benign	benign	benign
corpus_expansion	gcc_coreutils_64_O2_nohup	clean	benign	16270	0.623562	0.070198	6.167000	0.121260	0.121260	false	benign	benign	benign	benign	benign	benign	benign	benign	benign	benign	benign
corpus_expansion	gcc_coreutils_64_O3_split	clean	benign	48745	0.634664	0.093443	6.165191	0.099290	0.105178	true	benign	benign	benign	benign	benign	benign	benign	benign	benign	benign	benign
corpus_expansion	gcc_coreutils_64_O0_cp	clean	benign	97616	0.799304	0.071801	5.740622	0.090472	0.105178	true	benign	benign	benign	benign	benign	benign	benign	benign	benign	benign	benign
corpus_expansion	icc_coreutils_64_O0_id	clean	benign	21826	0.920140	0.055086	5.664498	0.114152	0.114152	false	benign	benign	benign	benign	benign	benign	benign	benign	benign	benign	benign
corpus_expansion	icc_coreutils_64_O2_runcon	clean	benign	15837	0.666872	0.078084	6.204043	0.121967	0.121967	false	benign	benign	benign	benign	benign	benign	benign	benign	benign	benign	benign
corpus_expansion	gcc_coreutils_64_O2_md5sum	clean	benign	21092	0.765144	0.075886	6.471591	0.114927	0.114927	false	benign	benign	benign	benign	benign	benign	benign	benign	benign	benign	benign
corpus_expansion	icc_coreutils_64_O3_paste	clean	benign	24675	0.586409	0.060687	6.180708	0.111480	0.111480	false	benign	benign	benign	benign	benign	benign	benign	benign	benign	benign	benign
corpus_expansion	gcc_coreutils_64_O0_yes	clean	benign	17951	0.869867	0.066333	5.670198	0.118764	0.118764	false	benign	benign	benign	benign	benign	benign	benign	benign	benign	benign	benign
corpus_expansion	icc_coreutils_64_O3_sha224sum	clean	benign	38141	0.573017	0.037690	6.351234	0.103213	0.105178	true	benign	benign	benign	benign	benign	benign	benign	benign	benign	benign	benign
corpus_expansion	gcc_coreutils_64_O3_chroot	clean	benign	25854	0.577471	0.067757	6.176277	0.110505	0.110505	false	benign	benign	benign	benign	benign	benign	benign	benign	benign	benign	benign
corpus_expansion	gcc_coreutils_64_O2_uniq	clean	benign	20609	0.706409	0.085172	6.201352	0.115460	0.115460	false	benign	benign	benign	benign	benign	benign	benign	benign	benign	benign	benign
corpus_expansion	gcc_coreutils_64_O2_printf	clean	benign	26970	0.614731	0.096079	6.214141	0.109642	0.109642	false	benign	benign	benign	benign	benign	benign	benign	benign	benign	benign	benign
corpus_expansion	gcc_coreutils_64_O3_printenv	clean	benign	22529	0.625796	0.061300	6.199826	0.113446	0.113446	false	benign	benign	benign	benign	benign	benign	benign	benign	benign	benign	benign
corpus_expansion	gcc_coreutils_64_O1_tr	clean	benign	22152	0.626313	0.042340	6.108528	0.113821	0.113821	false	benign	benign	benign	benign	benign	benign	benign	benign	benign	benign	benign
corpus_expansion	gcc_coreutils_64_O3_true	clean	benign	12451	0.527869	0.104440	6.216828	0.128706	0.128706	false	benign	benign	benign	benign	benign	benign	benign	benign	benign	benign	benign
corpus_expansion	icc_coreutils_64_O2_realpath	clean	benign	36801	0.630164	0.090764	6.150154	0.103826	0.105178	true	benign	benign	benign	benign	benign	benign	benign	benign	benign	benign	benign
corpus_expansion	icc_coreutils_64_O3_chcon	clean	benign	45612	0.714220	0.115358	6.253456	0.100305	0.105178	true	packed	packed	packed	benign	benign	benign	packed	packed	packed	packed	benign
corpus_expansion	gcc_coreutils_64_O0_setuidgid	clean	benign	21193	0.892257	0.061036	5.566423	0.114818	0.114818	false	benign	benign	benign	benign	benign	benign	benign	benign	benign	benign	benign
corpus_expansion	gcc_coreutils_64_O1_stty	clean	benign	35053	0.539168	0.035028	6.172740	0.104678	0.105178	true	benign	benign	benign	benign	benign	benign	benign	benign	benign	benign	benign
corpus_expansion	gcc_coreutils_64_O0_mktemp	clean	benign	26654	0.768569	0.065958	5.586071	0.109881	0.109881	false	benign	benign	benign	benign	benign	benign	benign	benign	benign	benign	benign
corpus_expansion	icc_coreutils_64_O0_pinky	clean	benign	22227	1.110134	0.091470	5.655081	0.113745	0.113745	false	benign	benign	benign	benign	benign	benign	benign	benign	benign	benign	benign
corpus_expansion	icc_coreutils_64_O0_dir	clean	benign	76661	0.833172	0.074731	5.677662	0.093200	0.105178	true	benign	benign	benign	benign	benign	benign	benign	benign	benign	benign	benign
corpus_expansion	gcc_coreutils_64_O1_chgrp	clean	benign	31467	0.636856	0.065799	6.201160	0.106643	0.106643	false	benign	benign	benign	benign	benign	benign	benign	benign	benign	benign	benign
corpus_expansion	icc_coreutils_64_O0_printf	clean	benign	35843	1.328502	0.126967	5.613846	0.104285	0.105178	true	packed	packed	packed	benign	benign	benign	packed	packed	packed	packed	benign
corpus_expansion	icc_coreutils_64_O1_rm	clean	benign	32011	0.630073	0.072160	6.177047	0.106324	0.106324	false	benign	benign	benign	benign	benign	benign	benign	benign	benign	benign	benign
corpus_expansion	gcc_coreutils_64_O1_mkdir	clean	benign	31290	0.532644	0.041706	6.236955	0.106749	0.106749	false	benign	benign	benign	benign	benign	benign	benign	benign	benign	benign	benign
corpus_expansion	icc_coreutils_64_O1_seq	clean	benign	29984	0.532819	0.035527	6.159796	0.107557	0.107557	false	benign	benign	benign	benign	benign	benign	benign	benign	benign	benign	benign
corpus_expansion	icc_coreutils_64_O1_numfmt	clean	benign	38310	0.602584	0.101840	6.173644	0.103138	0.105178	true	benign	benign	benign	benign	benign	benign	benign	benign	benign	benign	benign
corpus_expansion	gcc_coreutils_64_O3_timeout	clean	benign	38103	0.647475	0.082934	6.185204	0.103230	0.105178	true	benign	benign	benign	benign	benign	benign	benign	benign	benign	benign	benign
corpus_expansion	icc_coreutils_64_O2_who	clean	benign	30261	0.600081	0.066787	6.155115	0.107381	0.107381	false	benign	benign	benign	benign	benign	benign	benign	benign	benign	benign	benign
corpus_expansion	icc_coreutils_64_O3_pinky	clean	benign	26434	0.574459	0.073782	6.200066	0.110050	0.110050	false	benign	benign	benign	benign	benign	benign	benign	benign	benign	benign	benign
corpus_expansion	gcc_coreutils_64_O3_dir	clean	benign	81851	0.587440	0.096751	6.295867	0.092428	0.105178	true	benign	packed	benign	benign	benign	benign	benign	packed	benign	benign	benign
corpus_expansion	gcc_coreutils_64_O2_whoami	clean	benign	14572	0.662372	0.087858	6.160539	0.124208	0.124208	false	benign	benign	benign	benign	benign	benign	benign	benign	benign	benign	benign
corpus_expansion	icc_coreutils_64_O3_hostid	clean	benign	22587	0.669287	0.088355	6.140806	0.113389	0.113389	false	benign	benign	benign	benign	benign	benign	benign	benign	benign	benign	benign
corpus_expansion	icc_coreutils_64_O2_nice	clean	benign	16296	0.660549	0.086269	6.185741	0.121219	0.121219	false	benign	benign	benign	benign	benign	benign	benign	benign	benign	benign	benign
corpus_expansion	gcc_coreutils_64_O0_sleep	clean	benign	19242	0.912654	0.067671	5.777764	0.117074	0.117074	false	benign	benign	benign	benign	benign	benign	benign	benign	benign	benign	benign
corpus_expansion	gcc_coreutils_64_O1_sha1sum	clean	benign	23210	0.651289	0.066315	6.266927	0.112792	0.112792	false	benign	benign	benign	benign	benign	benign	benign	benign	benign	benign	benign
corpus_expansion	gcc_coreutils_64_O2_pinky	clean	benign	18056	0.730509	0.080912	6.228545	0.118620	0.118620	false	benign	benign	benign	benign	benign	benign	benign	benign	benign	benign	benign
corpus_expansion	icc_coreutils_64_O2_date	clean	benign	33335	0.588453	0.064094	6.203087	0.105580	0.105580	false	benign	benign	benign	benign	benign	benign	benign	benign	benign	benign	benign
corpus_expansion	icc_coreutils_64_O2_expand	clean	benign	15994	0.625781	0.078006	6.178643	0.121707	0.121707	false	benign	benign	benign	benign	benign	benign	benign	benign	benign	benign	benign
corpus_expansion	icc_coreutils_64_O3_df	clean	benign	74432	0.683081	0.092113	6.211195	0.093557	0.105178	true	benign	benign	benign	benign	benign	benign	benign	benign	benign	benign	benign
corpus_expansion	gcc_coreutils_64_O3_stty	clean	benign	44108	0.603517	0.068164	6.243047	0.100831	0.105178	true	benign	benign	benign	benign	benign	benign	benign	benign	benign	benign	benign
corpus_expansion	icc_coreutils_64_O0_csplit	clean	benign	111676	0.771545	0.065181	5.568281	0.089090	0.105178	true	benign	benign	benign	benign	benign	benign	benign	benign	benign	benign	benign
corpus_expansion	icc_coreutils_64_O0_unexpand	clean	benign	20423	0.955462	0.079293	5.592114	0.115670	0.115670	false	benign	benign	benign	benign	benign	benign	benign	benign	benign	benign	benign
corpus_expansion	icc_coreutils_64_O3_true	clean	benign	12451	0.527869	0.104440	6.216828	0.128706	0.128706	false	benign	benign	benign	benign	benign	benign	benign	benign	benign	benign	benign
corpus_expansion	gcc_coreutils_64_O3_fmt	clean	benign	28945	0.659647	0.079179	6.413580	0.108239	0.108239	false	benign	benign	benign	benign	benign	benign	benign	benign	benign	benign	benign
corpus_expansion	gcc_coreutils_64_O0_du	clean	benign	75646	0.871844	0.082364	5.843456	0.093361	0.105178	true	benign	benign	benign	benign	benign	benign	benign	benign	benign	benign	benign
corpus_expansion	gcc_coreutils_64_O2_dd	clean	benign	30892	0.618305	0.063621	6.273282	0.106990	0.106990	false	benign	benign	benign	benign	benign	benign	benign	benign	benign	benign	benign
corpus_expansion	gcc_coreutils_64_O0_ln	clean	benign	39267	0.765090	0.052343	5.636259	0.102722	0.105178	true	benign	benign	benign	benign	benign	benign	benign	benign	benign	benign	benign
corpus_expansion	gcc_coreutils_64_O2_touch	clean	benign	33132	0.597576	0.066376	6.194548	0.105691	0.105691	false	benign	benign	benign	benign	benign	benign	benign	benign	benign	benign	benign
corpus_expansion	gcc_coreutils_64_O1_touch	clean	benign	33625	0.546810	0.067824	6.234050	0.105423	0.105423	false	benign	benign	benign	benign	benign	benign	benign	benign	benign	benign	benign
corpus_expansion	gcc_coreutils_64_O3_basename	clean	benign	22963	0.617043	0.057585	6.196346	0.113026	0.113026	false	benign	benign	benign	benign	benign	benign	benign	benign	benign	benign	benign
corpus_expansion	icc_coreutils_64_O2_head	clean	benign	20529	0.695012	0.074979	6.185107	0.115550	0.115550	false	benign	benign	benign	benign	benign	benign	benign	benign	benign	benign	benign
corpus_expansion	gcc_coreutils_64_O1_ginstall	clean	benign	72962	0.532402	0.030667	6.239078	0.093800	0.105178	true	benign	benign	benign	benign	benign	benign	benign	benign	benign	benign	benign
corpus_expansion	icc_coreutils_64_O1_chroot	clean	benign	16257	0.564843	0.056870	6.188646	0.121281	0.121281	false	benign	benign	benign	benign	benign	benign	benign	benign	benign	benign	benign
corpus_expansion	icc_coreutils_64_O1_expand	clean	benign	15312	0.621178	0.080665	6.143512	0.122863	0.122863	false	benign	benign	benign	benign	benign	benign	benign	benign	benign	benign	benign
corpus_expansion	icc_coreutils_64_O0_ls	clean	benign	76661	0.833172	0.074731	5.677662	0.093200	0.105178	true	benign	benign	benign	benign	benign	benign	benign	benign	benign	benign	benign
corpus_expansion	icc_coreutils_64_O0_[	clean	benign	21568	1.179357	0.064324	5.736242	0.114420	0.114420	false	benign	benign	benign	benign	benign	benign	benign	benign	benign	benign	benign
corpus_expansion	icc_coreutils_64_O2_nproc	clean	benign	15718	0.645382	0.094314	6.158670	0.122166	0.122166	false	benign	benign	benign	benign	benign	benign	benign	benign	benign	benign	benign
corpus_expansion	icc_coreutils_64_O2_sum	clean	benign	19665	0.739949	0.058439	6.220406	0.116556	0.116556	false	benign	benign	benign	benign	benign	benign	benign	benign	benign	benign	benign
corpus_expansion	icc_coreutils_64_O3_logname	clean	benign	22628	0.639488	0.068697	6.139613	0.113349	0.113349	false	benign	benign	benign	benign	benign	benign	benign	benign	benign	benign	benign
corpus_expansion	icc_coreutils_64_O3_chown	clean	benign	45368	0.710946	0.102493	6.248004	0.100389	0.105178	true	benign	packed	benign	benign	benign	benign	benign	packed	benign	benign	benign
corpus_expansion	gcc_coreutils_64_O3_env	clean	benign	22860	0.622685	0.058953	6.192669	0.113125	0.113125	false	benign	benign	benign	benign	benign	benign	benign	benign	benign	benign	benign
corpus_expansion	gcc_coreutils_64_O1_chown	clean	benign	32479	0.642583	0.066295	6.182782	0.106056	0.106056	false	benign	benign	benign	benign	benign	benign	benign	benign	benign	benign	benign
corpus_expansion	gcc_coreutils_64_O1_groups	clean	benign	15151	0.625594	0.078187	6.185755	0.123147	0.123147	false	benign	benign	benign	benign	benign	benign	benign	benign	benign	benign	benign
corpus_expansion	icc_coreutils_64_O0_yes	clean	benign	17951	0.869867	0.066333	5.670198	0.118764	0.118764	false	benign	benign	benign	benign	benign	benign	benign	benign	benign	benign	benign
corpus_expansion	gcc_coreutils_64_O0_whoami	clean	benign	17954	0.894350	0.066781	5.612604	0.118760	0.118760	false	benign	benign	benign	benign	benign	benign	benign	benign	benign	benign	benign
corpus_expansion	icc_coreutils_64_O2_dircolors	clean	benign	17082	0.715490	0.081929	6.171612	0.120008	0.120008	false	benign	benign	benign	benign	benign	benign	benign	benign	benign	benign	benign
corpus_expansion	icc_coreutils_64_O1_od	clean	benign	37812	0.584162	0.053155	6.432638	0.103360	0.105178	true	benign	benign	benign	benign	benign	benign	benign	benign	benign	benign	benign
corpus_expansion	icc_coreutils_64_O0_sum	clean	benign	23994	0.926831	0.066031	5.722606	0.112075	0.112075	false	benign	benign	benign	benign	benign	benign	benign	benign	benign	benign	benign
corpus_expansion	icc_coreutils_64_O2_make-prime-list	clean	benign	1881	0.512460	0.066124	6.190680	0.222249	0.222249	false	benign	benign	benign	benign	benign	benign	benign	benign	benign	benign	benign
corpus_expansion	gcc_coreutils_64_O1_numfmt	clean	benign	38310	0.602584	0.101840	6.173644	0.103138	0.105178	true	benign	benign	benign	benign	benign	benign	benign	benign	benign	benign	benign
corpus_expansion	gcc_coreutils_64_O0_csplit	clean	benign	111676	0.771545	0.065181	5.568281	0.089090	0.105178	true	benign	benign	benign	benign	benign	benign	benign	benign	benign	benign	benign
corpus_expansion	icc_coreutils_64_O0_basename	clean	benign	18567	0.904534	0.062220	5.691837	0.117936	0.117936	false	benign	benign	benign	benign	benign	benign	benign	benign	benign	benign	benign
corpus_expansion	gcc_coreutils_64_O3_fold	clean	benign	25144	0.546042	0.073261	6.232742	0.111084	0.111084	false	benign	benign	benign	benign	benign	benign	benign	benign	benign	benign	benign
corpus_expansion	gcc_coreutils_64_O2_paste	clean	benign	16498	0.652241	0.075299	6.178741	0.120899	0.120899	false	benign	benign	benign	benign	benign	benign	benign	benign	benign	benign	benign
corpus_expansion	icc_coreutils_64_O2_md5sum	clean	benign	21092	0.765144	0.075886	6.471591	0.114927	0.114927	false	benign	benign	benign	benign	benign	benign	benign	benign	benign	benign	benign
corpus_expansion	gcc_coreutils_64_O3_hostid	clean	benign	22587	0.669287	0.088355	6.140806	0.113389	0.113389	false	benign	benign	benign	benign	benign	benign	benign	benign	benign	benign	benign
corpus_expansion	icc_coreutils_64_O0_readlink	clean	benign	29433	0.890952	0.076374	5.634532	0.107914	0.107914	false	benign	benign	benign	benign	benign	benign	benign	benign	benign	benign	benign
corpus_expansion	icc_coreutils_64_O1_mkfifo	clean	benign	15146	0.603325	0.068114	6.263465	0.123156	0.123156	false	benign	benign	benign	benign	benign	benign	benign	benign	benign	benign	benign
corpus_expansion	gcc_coreutils_64_O2_cut	clean	benign	24090	0.610760	0.084696	6.255889	0.111989	0.111989	false	benign	benign	benign	benign	benign	benign	benign	benign	benign	benign	benign
corpus_expansion	icc_coreutils_64_O3_uptime	clean	benign	30570	0.563460	0.061364	6.190950	0.107188	0.107188	false	benign	benign	benign	benign	benign	benign	benign	benign	benign	benign	benign
corpus_expansion	icc_coreutils_64_O2_yes	clean	benign	14649	0.666497	0.089697	6.191867	0.124063	0.124063	false	benign	benign	benign	benign	benign	benign	benign	benign	benign	benign	benign
corpus_expansion	icc_coreutils_64_O1_fold	clean	benign	15447	0.657349	0.078872	6.186827	0.122628	0.122628	false	benign	benign	benign	benign	benign	benign	benign	benign	benign	benign	benign
corpus_expansion	gcc_coreutils_64_O0_expr	clean	benign	104645	0.821039	0.059972	5.575767	0.089747	0.105178	true	benign	benign	benign	benign	benign	benign	benign	benign	benign	benign	benign
corpus_expansion	icc_coreutils_64_O3_false	clean	benign	12454	0.522944	0.100534	6.217306	0.128699	0.128699	false	benign	benign	benign	benign	benign	benign	benign	benign	benign	benign	benign
corpus_expansion	icc_coreutils_64_O1_du	clean	benign	61932	0.603271	0.052124	6.185795	0.095899	0.105178	true	benign	benign	benign	benign	benign	benign	benign	benign	benign	benign	benign
corpus_expansion	icc_coreutils_64_O3_echo	clean	benign	13718	0.555332	0.106293	6.193840	0.125893	0.125893	false	packed	benign	benign	benign	benign	benign	packed	benign	benign	packed	benign
corpus_expansion	gcc_coreutils_64_O1_kill	clean	benign	15555	0.590148	0.056281	6.103446	0.122442	0.122442	false	benign	benign	benign	benign	benign	benign	benign	benign	benign	benign	benign
corpus_expansion	icc_coreutils_64_O0_nproc	clean	benign	19290	0.956351	0.066749	5.716579	0.117014	0.117014	false	benign	benign	benign	benign	benign	benign	benign	benign	benign	benign	benign
corpus_expansion	gcc_coreutils_64_O3_date	clean	benign	42995	0.608528	0.081445	6.326079	0.101237	0.105178	true	benign	benign	benign	benign	benign	benign	benign	benign	benign	benign	benign
corpus_expansion	icc_coreutils_64_O2_users	clean	benign	15357	0.668130	0.090994	6.180007	0.122784	0.122784	false	benign	benign	benign	benign	benign	benign	benign	benign	benign	benign	benign
corpus_expansion	icc_coreutils_64_O3_tail	clean	benign	46951	0.558377	0.063783	6.289790	0.099859	0.105178	true	benign	benign	benign	benign	benign	benign	benign	benign	benign	benign	benign
corpus_expansion	gcc_coreutils_64_O0_tsort	clean	benign	22031	0.954635	0.071009	5.575250	0.113943	0.113943	false	benign	benign	benign	benign	benign	benign	benign	benign	benign	benign	benign
corpus_expansion	gcc_coreutils_64_O2_sha256sum	clean	benign	29301	0.591481	0.040461	6.303530	0.108001	0.108001	false	benign	benign	benign	benign	benign	benign	benign	benign	benign	benign	benign
corpus_expansion	icc_coreutils_64_O0_tac	clean	benign	103705	0.841126	0.061547	5.610588	0.089839	0.105178	true	benign	benign	benign	benign	benign	benign	benign	benign	benign	benign	benign
corpus_expansion	gcc_coreutils_64_O0_shred	clean	benign	35631	0.814066	0.079208	5.595904	0.104389	0.105178	true	benign	benign	benign	benign	benign	benign	benign	benign	benign	benign	benign
corpus_expansion	icc_coreutils_64_O3_unlink	clean	benign	22698	0.635491	0.082826	6.129091	0.113281	0.113281	false	benign	benign	benign	benign	benign	benign	benign	benign	benign	benign	benign
corpus_expansion	icc_coreutils_64_O1_split	clean	benign	39123	0.537974	0.027521	6.168874	0.102784	0.105178	true	benign	benign	benign	benign	benign	benign	benign	benign	benign	benign	benign
corpus_expansion	gcc_coreutils_64_O0_sort	clean	benign	80142	0.969199	0.073855	5.784308	0.092674	0.105178	true	benign	benign	benign	benign	benign	benign	benign	benign	benign	benign	benign
corpus_expansion	icc_coreutils_64_O1_make-prime-list	clean	benign	1958	0.472180	0.117863	6.098567	0.219210	0.219210	false	packed	benign	benign	benign	benign	benign	packed	benign	benign	packed	benign
corpus_expansion	gcc_coreutils_64_O3_truncate	clean	benign	39158	0.677405	0.080898	6.135154	0.102769	0.105178	true	benign	benign	benign	benign	benign	benign	benign	benign	benign	benign	benign
corpus_expansion	gcc_coreutils_64_O1_mv	clean	benign	75550	0.558785	0.041268	6.205737	0.093376	0.105178	true	benign	benign	benign	benign	benign	benign	benign	benign	benign	benign	benign
corpus_expansion	gcc_coreutils_64_O0_chgrp	clean	benign	42332	1.007486	0.084199	5.790488	0.101487	0.105178	true	benign	benign	benign	benign	benign	benign	benign	benign	benign	benign	benign
corpus_expansion	gcc_coreutils_64_O3_test	clean	benign	16575	0.583109	0.080206	6.222351	0.120779	0.120779	false	benign	benign	benign	benign	benign	benign	benign	benign	benign	benign	benign
corpus_expansion	gcc_coreutils_64_O1_paste	clean	benign	15668	0.612995	0.069182	6.117346	0.122250	0.122250	false	benign	benign	benign	benign	benign	benign	benign	benign	benign	benign	benign
corpus_expansion	icc_coreutils_64_O2_csplit	clean	benign	76132	0.669180	0.072882	6.209081	0.093283	0.105178	true	benign	benign	benign	benign	benign	benign	benign	benign	benign	benign	benign
corpus_expansion	icc_coreutils_64_O3_link	clean	benign	22760	0.646420	0.073418	6.175058	0.113221	0.113221	false	benign	benign	benign	benign	benign	benign	benign	benign	benign	benign	benign
corpus_expansion	icc_coreutils_64_O1_setuidgid	clean	benign	16168	0.594171	0.062371	6.148939	0.121424	0.121424	false	benign	benign	benign	benign	benign	benign	benign	benign	benign	benign	benign
corpus_expansion	gcc_coreutils_64_O2_fmt	clean	benign	19828	0.737304	0.087344	6.423439	0.116361	0.116361	false	benign	benign	benign	benign	benign	benign	benign	benign	benign	benign	benign
corpus_expansion	gcc_coreutils_64_O3_chmod	clean	benign	42559	0.671521	0.090022	6.273841	0.101401	0.105178	true	benign	benign	benign	benign	benign	benign	benign	benign	benign	benign	benign
corpus_expansion	icc_coreutils_64_O3_sha512sum	clean	benign	43017	0.632451	0.077653	6.215693	0.101229	0.105178	true	benign	benign	benign	benign	benign	benign	benign	benign	benign	benign	benign
corpus_expansion	gcc_coreutils_64_O3_od	clean	benign	46566	0.610178	0.085450	6.404938	0.099985	0.105178	true	benign	benign	benign	benign	benign	benign	benign	benign	benign	benign	benign
corpus_expansion	icc_coreutils_64_O3_tac	clean	benign	97424	0.592373	0.062009	6.282096	0.090493	0.105178	true	benign	benign	benign	benign	benign	benign	benign	benign	benign	benign	benign
corpus_expansion	icc_coreutils_64_O0_groups	clean	benign	19951	0.994927	0.045779	5.653574	0.116216	0.116216	false	benign	benign	benign	benign	benign	benign	benign	benign	benign	benign	benign
corpus_expansion	icc_coreutils_64_O2_groups	clean	benign	15811	0.661486	0.084048	6.198934	0.122010	0.122010	false	benign	benign	benign	benign	benign	benign	benign	benign	benign	benign	benign
corpus_expansion	gcc_coreutils_64_O0_rm	clean	benign	42924	0.981913	0.080946	5.828827	0.101264	0.105178	true	benign	benign	benign	benign	benign	benign	benign	benign	benign	benign	benign
corpus_expansion	icc_coreutils_64_O3_uniq	clean	benign	30168	0.586627	0.069860	6.312151	0.107440	0.107440	false	benign	benign	benign	benign	benign	benign	benign	benign	benign	benign	benign
corpus_expansion	gcc_coreutils_64_O1_env	clean	benign	14054	0.633543	0.075289	6.123443	0.125212	0.125212	false	benign	benign	benign	benign	benign	benign	benign	benign	benign	benign	benign
corpus_expansion	icc_coreutils_64_O1_unexpand	clean	benign	15783	0.591607	0.063812	6.157139	0.122057	0.122057	false	benign	benign	benign	benign	benign	benign	benign	benign	benign	benign	benign
corpus_expansion	gcc_coreutils_64_O2_cat	clean	benign	29904	0.635178	0.073646	6.142903	0.107608	0.107608	false	benign	benign	benign	benign	benign	benign	benign	benign	benign	benign	benign
corpus_expansion	icc_coreutils_64_O2_dd	clean	benign	30892	0.618305	0.063621	6.273282	0.106990	0.106990	false	benign	benign	benign	benign	benign	benign	benign	benign	benign	benign	benign
corpus_expansion	gcc_coreutils_64_O0_who	clean	benign	41015	0.860906	0.115107	5.899799	0.102001	0.105178	true	packed	packed	packed	benign	benign	benign	packed	packed	packed	packed	benign
corpus_expansion	gcc_coreutils_64_O1_ptx	clean	benign	88763	0.624967	0.025852	6.231277	0.091507	0.105178	true	benign	benign	benign	benign	benign	benign	benign	benign	benign	benign	benign
corpus_expansion	icc_coreutils_64_O1_hostid	clean	benign	13721	0.594778	0.067570	6.144950	0.125887	0.125887	false	benign	benign	benign	benign	benign	benign	benign	benign	benign	benign	benign
corpus_expansion	icc_coreutils_64_O1_yes	clean	benign	13830	0.595263	0.078201	6.154288	0.125663	0.125663	false	benign	benign	benign	benign	benign	benign	benign	benign	benign	benign	benign
corpus_expansion	icc_coreutils_64_O0_realpath	clean	benign	41374	0.924550	0.073631	5.681629	0.101858	0.105178	true	benign	benign	benign	benign	benign	benign	benign	benign	benign	benign	benign
corpus_expansion	icc_coreutils_64_O1_sum	clean	benign	18611	0.648319	0.060142	6.191489	0.117878	0.117878	false	benign	benign	benign	benign	benign	benign	benign	benign	benign	benign	benign
corpus_expansion	gcc_coreutils_64_O3_dirname	clean	benign	22676	0.614947	0.064135	6.362160	0.113302	0.113302	false	benign	benign	benign	benign	benign	benign	benign	benign	benign	benign	benign
corpus_expansion	icc_coreutils_64_O1_test	clean	benign	13614	0.754432	0.070436	6.101616	0.126109	0.126109	false	benign	benign	benign	benign	benign	benign	benign	benign	benign	benign	benign
corpus_expansion	icc_coreutils_64_O1_wc	clean	benign	19353	0.685314	0.073265	6.190157	0.116936	0.116936	false	benign	benign	benign	benign	benign	benign	benign	benign	benign	benign	benign
corpus_expansion	icc_coreutils_64_O3_mknod	clean	benign	26161	0.596379	0.074496	6.316018	0.110262	0.110262	false	benign	benign	benign	benign	benign	benign	benign	benign	benign	benign	benign
corpus_expansion	gcc_coreutils_64_O3_tee	clean	benign	23787	0.581081	0.059728	6.192721	0.112261	0.112261	false	benign	benign	benign	benign	benign	benign	benign	benign	benign	benign	benign
corpus_expansion	gcc_coreutils_64_O0_kill	clean	benign	20233	1.019245	0.052562	5.773954	0.115887	0.115887	false	benign	benign	benign	benign	benign	benign	benign	benign	benign	benign	benign
corpus_expansion	gcc_coreutils_64_O2_false	clean	benign	10153	0.654416	0.117406	6.186658	0.135094	0.135094	false	packed	benign	benign	benign	benign	benign	packed	benign	benign	packed	benign
corpus_expansion	gcc_coreutils_64_O3_sha224sum	clean	benign	38141	0.573017	0.037690	6.351234	0.103213	0.105178	true	benign	benign	benign	benign	benign	benign	benign	benign	benign	benign	benign
corpus_expansion	gcc_coreutils_64_O3_getlimits	clean	benign	37694	0.618895	0.068294	6.107791	0.103414	0.105178	true	benign	benign	benign	benign	benign	benign	benign	benign	benign	benign	benign
corpus_expansion	icc_coreutils_64_O0_env	clean	benign	18439	0.972754	0.055801	5.616060	0.118104	0.118104	false	benign	benign	benign	benign	benign	benign	benign	benign	benign	benign	benign
corpus_expansion	icc_coreutils_64_O2_stdbuf	clean	benign	41281	0.613313	0.078970	6.154161	0.101895	0.105178	true	benign	benign	benign	benign	benign	benign	benign	benign	benign	benign	benign
corpus_expansion	icc_coreutils_64_O0_cut	clean	benign	31082	0.818947	0.074769	5.608528	0.106874	0.106874	false	benign	benign	benign	benign	benign	benign	benign	benign	benign	benign	benign
corpus_expansion	gcc_coreutils_64_O2_stat	clean	benign	44558	0.623347	0.085047	6.208057	0.100671	0.105178	true	benign	benign	benign	benign	benign	benign	benign	benign	benign	benign	benign
corpus_expansion	icc_coreutils_64_O1_runcon	clean	benign	15173	0.579444	0.067962	6.203873	0.123108	0.123108	false	benign	benign	benign	benign	benign	benign	benign	benign	benign	benign	benign
corpus_expansion	gcc_coreutils_64_O2_csplit	clean	benign	76132	0.669180	0.072882	6.209081	0.093283	0.105178	true	benign	benign	benign	benign	benign	benign	benign	benign	benign	benign	benign
corpus_expansion	icc_coreutils_64_O1_realpath	clean	benign	35715	0.531472	0.036260	6.158844	0.104348	0.105178	true	benign	benign	benign	benign	benign	benign	benign	benign	benign	benign	benign
corpus_expansion	icc_coreutils_64_O2_dir	clean	benign	61575	0.592722	0.098739	6.290703	0.095976	0.105178	true	benign	packed	benign	benign	benign	benign	benign	packed	benign	benign	benign
corpus_expansion	gcc_coreutils_64_O2_tail	clean	benign	35603	0.602486	0.056009	6.243824	0.104403	0.105178	true	benign	benign	benign	benign	benign	benign	benign	benign	benign	benign	benign
corpus_expansion	icc_coreutils_64_O3_sha384sum	clean	benign	43016	0.631647	0.076174	6.215693	0.101229	0.105178	true	benign	benign	benign	benign	benign	benign	benign	benign	benign	benign	benign
corpus_expansion	icc_coreutils_64_O0_split	clean	benign	44071	0.776817	0.063380	5.691638	0.100844	0.105178	true	benign	benign	benign	benign	benign	benign	benign	benign	benign	benign	benign
corpus_expansion	gcc_coreutils_64_O2_sha1sum	clean	benign	23697	0.667178	0.083148	6.222066	0.112343	0.112343	false	benign	benign	benign	benign	benign	benign	benign	benign	benign	benign	benign
corpus_expansion	gcc_coreutils_64_O0_uptime	clean	benign	28101	0.802198	0.075368	5.705164	0.108820	0.108820	false	benign	benign	benign	benign	benign	benign	benign	benign	benign	benign	benign
corpus_expansion	gcc_coreutils_64_O3_false	clean	benign	12454	0.522944	0.100534	6.217306	0.128699	0.128699	false	benign	benign	benign	benign	benign	benign	benign	benign	benign	benign	benign
corpus_expansion	icc_coreutils_64_O1_uname	clean	benign	14168	0.629524	0.080430	6.169732	0.124986	0.124986	false	benign	benign	benign	benign	benign	benign	benign	benign	benign	benign	benign
corpus_expansion	icc_coreutils_64_O3_sha1sum	clean	benign	31561	0.580359	0.066457	6.290959	0.106587	0.106587	false	benign	benign	benign	benign	benign	benign	benign	benign	benign	benign	benign
corpus_expansion	icc_coreutils_64_O2_uname	clean	benign	14878	0.694976	0.093361	6.192288	0.123640	0.123640	false	benign	benign	benign	benign	benign	benign	benign	benign	benign	benign	benign
corpus_expansion	gcc_coreutils_64_O1_du	clean	benign	61932	0.603271	0.052124	6.185795	0.095899	0.105178	true	benign	benign	benign	benign	benign	benign	benign	benign	benign	benign	benign
corpus_expansion	icc_coreutils_64_O0_tee	clean	benign	19580	1.001603	0.062924	5.685460	0.116659	0.116659	false	benign	benign	benign	benign	benign	benign	benign	benign	benign	benign	benign
corpus_expansion	gcc_coreutils_64_O2_dircolors	clean	benign	17082	0.715490	0.081929	6.171612	0.120008	0.120008	false	benign	benign	benign	benign	benign	benign	benign	benign	benign	benign	benign
corpus_expansion	gcc_coreutils_64_O0_logname	clean	benign	17869	0.877168	0.064681	5.610452	0.118878	0.118878	false	benign	benign	benign	benign	benign	benign	benign	benign	benign	benign	benign
corpus_expansion	gcc_coreutils_64_O3_paste	clean	benign	24675	0.586409	0.060687	6.180708	0.111480	0.111480	false	benign	benign	benign	benign	benign	benign	benign	benign	benign	benign	benign
corpus_expansion	gcc_coreutils_64_O2_groups	clean	benign	15811	0.661486	0.084048	6.198934	0.122010	0.122010	false	benign	benign	benign	benign	benign	benign	benign	benign	benign	benign	benign
corpus_expansion	gcc_coreutils_64_O3_shred	clean	benign	38146	0.587438	0.079275	6.238374	0.103211	0.105178	true	benign	benign	benign	benign	benign	benign	benign	benign	benign	benign	benign
corpus_expansion	icc_coreutils_64_O3_fmt	clean	benign	28945	0.659647	0.079179	6.413580	0.108239	0.108239	false	benign	benign	benign	benign	benign	benign	benign	benign	benign	benign	benign
corpus_expansion	gcc_coreutils_64_O0_[	clean	benign	21568	1.179357	0.064324	5.736242	0.114420	0.114420	false	benign	benign	benign	benign	benign	benign	benign	benign	benign	benign	benign
corpus_expansion	gcc_coreutils_64_O2_yes	clean	benign	14649	0.666497	0.089697	6.191867	0.124063	0.124063	false	benign	benign	benign	benign	benign	benign	benign	benign	benign	benign	benign
corpus_expansion	icc_coreutils_64_O2_mktemp	clean	benign	20162	0.679832	0.078947	6.162636	0.115969	0.115969	false	benign	benign	benign	benign	benign	benign	benign	benign	benign	benign	benign
corpus_expansion	icc_coreutils_64_O2_join	clean	benign	23538	0.653207	0.106023	6.304758	0.112488	0.112488	false	packed	benign	benign	benign	benign	benign	packed	benign	benign	packed	benign
corpus_expansion	gcc_coreutils_64_O1_mktemp	clean	benign	19482	0.676276	0.047272	6.181607	0.116778	0.116778	false	benign	benign	benign	benign	benign	benign	benign	benign	benign	benign	benign
corpus_expansion	icc_coreutils_64_O0_test	clean	benign	19451	1.198921	0.094146	5.757250	0.116816	0.116816	false	benign	benign	benign	benign	benign	benign	benign	benign	benign	benign	benign
corpus_expansion	gcc_coreutils_64_O0_printenv	clean	benign	17978	0.851956	0.055764	5.640473	0.118727	0.118727	false	benign	benign	benign	benign	benign	benign	benign	benign	benign	benign	benign
corpus_expansion	icc_coreutils_64_O2_logname	clean	benign	14506	0.662017	0.095090	6.167529	0.124333	0.124333	false	benign	benign	benign	benign	benign	benign	benign	benign	benign	benign	benign
corpus_expansion	gcc_coreutils_64_O2_unlink	clean	benign	14590	0.689159	0.094479	6.181740	0.124174	0.124174	false	benign	benign	benign	benign	benign	benign	benign	benign	benign	benign	benign
corpus_expansion	gcc_coreutils_64_O1_chroot	clean	benign	16257	0.564843	0.056870	6.188646	0.121281	0.121281	false	benign	benign	benign	benign	benign	benign	benign	benign	benign	benign	benign
corpus_expansion	gcc_coreutils_64_O3_ptx	clean	benign	123548	0.641107	0.066946	6.279193	0.088112	0.105178	true	benign	benign	benign	benign	benign	benign	benign	benign	benign	benign	benign
corpus_expansion	gcc_coreutils_64_O2_hostid	clean	benign	14465	0.683750	0.086873	6.160157	0.124411	0.124411	false	benign	benign	benign	benign	benign	benign	benign	benign	benign	benign	benign
corpus_expansion	icc_coreutils_64_O1_shuf	clean	benign	25037	0.591194	0.063442	6.199117	0.111173	0.111173	false	benign	benign	benign	benign	benign	benign	benign	benign	benign	benign	benign
corpus_expansion	icc_coreutils_64_O1_dir	clean	benign	57339	0.543613	0.069718	6.254639	0.096946	0.105178	true	benign	benign	benign	benign	benign	benign	benign	benign	benign	benign	benign
corpus_expansion	icc_coreutils_64_O1_tr	clean	benign	22152	0.626313	0.042340	6.108528	0.113821	0.113821	false	benign	benign	benign	benign	benign	benign	benign	benign	benign	benign	benign
corpus_expansion	gcc_coreutils_64_O0_md5sum	clean	benign	27560	1.277832	0.087046	5.574171	0.109207	0.109207	false	benign	benign	benign	benign	benign	benign	benign	benign	benign	benign	benign
corpus_expansion	gcc_coreutils_64_O0_unexpand	clean	benign	20423	0.955462	0.079293	5.592114	0.115670	0.115670	false	benign	benign	benign	benign	benign	benign	benign	benign	benign	benign	benign
corpus_expansion	icc_coreutils_64_O2_sync	clean	benign	14482	0.680330	0.090395	6.186690	0.124378	0.124378	false	benign	benign	benign	benign	benign	benign	benign	benign	benign	benign	benign
corpus_expansion	icc_coreutils_64_O0_nice	clean	benign	19573	0.901575	0.063670	5.605103	0.116667	0.116667	false	benign	benign	benign	benign	benign	benign	benign	benign	benign	benign	benign
corpus_expansion	gcc_coreutils_64_O3_chcon	clean	benign	45612	0.714220	0.115358	6.253456	0.100305	0.105178	true	packed	packed	packed	benign	benign	benign	packed	packed	packed	packed	benign
corpus_expansion	icc_coreutils_64_O2_cat	clean	benign	29904	0.635178	0.073646	6.142903	0.107608	0.107608	false	benign	benign	benign	benign	benign	benign	benign	benign	benign	benign	benign
corpus_expansion	icc_coreutils_64_O1_comm	clean	benign	17306	0.585786	0.064057	6.184308	0.119679	0.119679	false	benign	benign	benign	benign	benign	benign	benign	benign	benign	benign	benign
corpus_expansion	icc_coreutils_64_O3_expand	clean	benign	24284	0.585897	0.071707	6.188017	0.111818	0.111818	false	benign	benign	benign	benign	benign	benign	benign	benign	benign	benign	benign
corpus_expansion	icc_coreutils_64_O0_chmod	clean	benign	41684	0.882863	0.077443	5.828295	0.101737	0.105178	true	benign	benign	benign	benign	benign	benign	benign	benign	benign	benign	benign
corpus_expansion	gcc_coreutils_64_O0_printf	clean	benign	35843	1.328502	0.126967	5.613846	0.104285	0.105178	true	packed	packed	packed	benign	benign	benign	packed	packed	packed	packed	benign
corpus_expansion	icc_coreutils_64_O2_printf	clean	benign	26970	0.614731	0.096079	6.214141	0.109642	0.109642	false	benign	benign	benign	benign	benign	benign	benign	benign	benign	benign	benign
corpus_expansion	gcc_coreutils_64_O0_touch	clean	benign	43136	1.153961	0.079695	5.713090	0.101185	0.105178	true	benign	benign	benign	benign	benign	benign	benign	benign	benign	benign	benign
corpus_expansion	gcc_coreutils_64_O3_unexpand	clean	benign	24698	0.600878	0.066117	6.289310	0.111460	0.111460	false	benign	benign	benign	benign	benign	benign	benign	benign	benign	benign	benign
corpus_expansion	icc_coreutils_64_O3_groups	clean	benign	24379	0.583891	0.070329	6.226732	0.111735	0.111735	false	benign	benign	benign	benign	benign	benign	benign	benign	benign	benign	benign
corpus_expansion	icc_coreutils_64_O0_sleep	clean	benign	19242	0.912654	0.067671	5.777764	0.117074	0.117074	false	benign	benign	benign	benign	benign	benign	benign	benign	benign	benign	benign
corpus_expansion	icc_coreutils_64_O2_chgrp	clean	benign	33337	0.704018	0.094808	6.231500	0.105579	0.105579	false	benign	benign	benign	benign	benign	benign	benign	benign	benign	benign	benign
corpus_expansion	gcc_coreutils_64_O2_unexpand	clean	benign	16476	0.652922	0.077916	6.188837	0.120934	0.120934	false	benign	benign	benign	benign	benign	benign	benign	benign	benign	benign	benign
corpus_expansion	desync_coreutils_64_O0_logname	pilot	obfuscated	37038	21.961265	0.159419	6.012177	0.103715	0.105178	true	obfuscated	obfuscated	obfuscated	obfuscated	obfuscated	obfuscated	packed	packed	packed	obfuscated	obfuscated
corpus_expansion	desync_coreutils_64_O0_logname	d1_med	obfuscated	50633	28.924116	0.181606	6.109685	0.098724	0.105178	true	obfuscated	obfuscated	obfuscated	obfuscated	obfuscated	obfuscated	packed	packed	packed	obfuscated	obfuscated
corpus_expansion	desync_coreutils_64_O0_logname	d2_heavy	obfuscated	118573	43.923278	0.208761	6.273546	0.088504	0.105178	true	obfuscated	obfuscated	obfuscated	obfuscated	obfuscated	obfuscated	packed	packed	packed	obfuscated	obfuscated
corpus_expansion	desync_coreutils_64_O0_logname	d3_max	obfuscated	126777	45.511459	0.220661	6.611280	0.087870	0.105178	true	obfuscated	obfuscated	obfuscated	obfuscated	obfuscated	obfuscated	packed	packed	packed	obfuscated	obfuscated
corpus_expansion	desync_coreutils_64_O0_runcon	pilot	obfuscated	39491	21.956092	0.163940	6.046622	0.102627	0.105178	true	obfuscated	obfuscated	obfuscated	obfuscated	obfuscated	obfuscated	packed	packed	packed	obfuscated	obfuscated
corpus_expansion	desync_coreutils_64_O0_runcon	d1_med	obfuscated	54456	27.475238	0.166264	6.108841	0.097670	0.105178	true	obfuscated	obfuscated	obfuscated	obfuscated	obfuscated	obfuscated	packed	packed	packed	obfuscated	obfuscated
corpus_expansion	desync_coreutils_64_O0_runcon	d2_heavy	obfuscated	127801	44.900905	0.210707	6.290844	0.087795	0.105178	true	obfuscated	obfuscated	obfuscated	obfuscated	obfuscated	obfuscated	packed	packed	packed	obfuscated	obfuscated
corpus_expansion	desync_coreutils_64_O0_runcon	d3_max	obfuscated	136665	43.699582	0.219939	6.539158	0.087183	0.105178	true	obfuscated	obfuscated	obfuscated	obfuscated	obfuscated	obfuscated	packed	packed	packed	obfuscated	obfuscated
corpus_expansion	desync_coreutils_64_O0_make-prime-list	d1_med	obfuscated	6494	31.312056	0.194377	6.011465	0.151585	0.151585	false	obfuscated	obfuscated	obfuscated	obfuscated	obfuscated	obfuscated	packed	packed	packed	obfuscated	obfuscated
corpus_expansion	desync_coreutils_64_O0_make-prime-list	d2_heavy	obfuscated	14593	17.277686	0.226995	6.222478	0.124168	0.124168	false	obfuscated	obfuscated	obfuscated	obfuscated	obfuscated	obfuscated	packed	packed	packed	obfuscated	obfuscated
corpus_expansion	desync_coreutils_64_O0_make-prime-list	d3_max	obfuscated	16435	23.662645	0.221888	6.492326	0.120998	0.120998	false	obfuscated	obfuscated	obfuscated	obfuscated	obfuscated	obfuscated	packed	packed	packed	obfuscated	obfuscated
corpus_expansion	desync_coreutils_64_O0_factor	pilot	obfuscated	176711	25.781015	0.180687	6.086423	0.085019	0.105178	true	obfuscated	obfuscated	obfuscated	obfuscated	obfuscated	obfuscated	packed	packed	packed	obfuscated	obfuscated
corpus_expansion	desync_coreutils_64_O0_od	pilot	obfuscated	184624	21.196562	0.179429	6.186649	0.084677	0.105178	true	obfuscated	obfuscated	obfuscated	obfuscated	obfuscated	obfuscated	packed	packed	packed	obfuscated	obfuscated
corpus_expansion	desync_coreutils_64_O0_env	pilot	obfuscated	55432	24.678791	0.169004	6.037310	0.097419	0.105178	true	obfuscated	obfuscated	obfuscated	obfuscated	obfuscated	obfuscated	packed	packed	packed	obfuscated	obfuscated
corpus_expansion	desync_coreutils_64_O0_env	d1_med	obfuscated	76197	32.597818	0.188725	6.137333	0.093273	0.105178	true	obfuscated	obfuscated	obfuscated	obfuscated	obfuscated	obfuscated	packed	packed	packed	obfuscated	obfuscated
corpus_expansion	desync_coreutils_64_O0_ln	pilot	obfuscated	97707	26.923179	0.183808	6.079331	0.090463	0.105178	true	obfuscated	obfuscated	obfuscated	obfuscated	obfuscated	obfuscated	packed	packed	packed	obfuscated	obfuscated
corpus_expansion	desync_coreutils_64_O0_ln	d1_med	obfuscated	131592	33.095440	0.185873	6.166534	0.087526	0.105178	true	obfuscated	obfuscated	obfuscated	obfuscated	obfuscated	obfuscated	packed	packed	packed	obfuscated	obfuscated
corpus_expansion	desync_coreutils_64_O0_nl	pilot	obfuscated	50635	23.638695	0.167948	6.037030	0.098724	0.105178	true	obfuscated	obfuscated	obfuscated	obfuscated	obfuscated	obfuscated	packed	packed	packed	obfuscated	obfuscated
corpus_expansion	desync_coreutils_64_O0_nl	d1_med	obfuscated	69168	32.189135	0.187996	6.098812	0.094465	0.105178	true	obfuscated	obfuscated	obfuscated	obfuscated	obfuscated	obfuscated	packed	packed	packed	obfuscated	obfuscated
corpus_expansion	desync_coreutils_64_O0_vdir	pilot	obfuscated	209495	23.526381	0.177014	6.089434	0.083731	0.105178	true	obfuscated	obfuscated	obfuscated	obfuscated	obfuscated	obfuscated	packed	packed	packed	obfuscated	obfuscated
corpus_expansion	desync_coreutils_64_O0_pr	pilot	obfuscated	107648	23.701647	0.183605	6.068819	0.089458	0.105178	true	obfuscated	obfuscated	obfuscated	obfuscated	obfuscated	obfuscated	packed	packed	packed	obfuscated	obfuscated
corpus_expansion	desync_coreutils_64_O0_nproc	pilot	obfuscated	41554	23.463287	0.173784	6.066488	0.101787	0.105178	true	obfuscated	obfuscated	obfuscated	obfuscated	obfuscated	obfuscated	packed	packed	packed	obfuscated	obfuscated
corpus_expansion	desync_coreutils_64_O0_nproc	d1_med	obfuscated	56992	31.657690	0.190140	6.126789	0.097030	0.105178	true	obfuscated	obfuscated	obfuscated	obfuscated	obfuscated	obfuscated	packed	packed	packed	obfuscated	obfuscated
corpus_expansion	desync_coreutils_64_O0_nproc	d2_heavy	obfuscated	132209	45.523798	0.215742	6.314196	0.087483	0.105178	true	obfuscated	obfuscated	obfuscated	obfuscated	obfuscated	obfuscated	packed	packed	packed	obfuscated	obfuscated
corpus_expansion	desync_coreutils_64_O0_nproc	d3_max	obfuscated	141563	43.605798	0.221079	6.557337	0.086870	0.105178	true	obfuscated	obfuscated	obfuscated	obfuscated	obfuscated	obfuscated	packed	packed	packed	obfuscated	obfuscated
corpus_expansion	desync_coreutils_64_O0_sum	pilot	obfuscated	70654	23.521511	0.168314	6.076526	0.094198	0.105178	true	obfuscated	obfuscated	obfuscated	obfuscated	obfuscated	obfuscated	packed	packed	packed	obfuscated	obfuscated
corpus_expansion	desync_coreutils_64_O0_sum	d1_med	obfuscated	95009	31.168465	0.180234	6.120327	0.090762	0.105178	true	obfuscated	obfuscated	obfuscated	obfuscated	obfuscated	obfuscated	packed	packed	packed	obfuscated	obfuscated
corpus_expansion	desync_coreutils_64_O0_sync	pilot	obfuscated	40209	24.572548	0.177892	6.022391	0.102327	0.105178	true	obfuscated	obfuscated	obfuscated	obfuscated	obfuscated	obfuscated	packed	packed	packed	obfuscated	obfuscated
corpus_expansion	desync_coreutils_64_O0_sync	d1_med	obfuscated	55341	33.287397	0.196042	6.107978	0.097442	0.105178	true	obfuscated	obfuscated	obfuscated	obfuscated	obfuscated	obfuscated	packed	packed	packed	obfuscated	obfuscated
corpus_expansion	desync_coreutils_64_O0_sync	d2_heavy	obfuscated	129751	43.571925	0.213171	6.333219	0.087655	0.105178	true	obfuscated	obfuscated	obfuscated	obfuscated	obfuscated	obfuscated	packed	packed	packed	obfuscated	obfuscated
corpus_expansion	desync_coreutils_64_O0_sync	d3_max	obfuscated	138195	45.024899	0.219068	6.647159	0.087084	0.105178	true	obfuscated	obfuscated	obfuscated	obfuscated	obfuscated	obfuscated	packed	packed	packed	obfuscated	obfuscated
corpus_expansion	desync_coreutils_64_O0_join	pilot	obfuscated	70157	26.156342	0.181416	6.046080	0.094287	0.105178	true	obfuscated	obfuscated	obfuscated	obfuscated	obfuscated	obfuscated	packed	packed	packed	obfuscated	obfuscated
corpus_expansion	desync_coreutils_64_O0_join	d1_med	obfuscated	95864	33.241287	0.186125	6.172968	0.090666	0.105178	true	obfuscated	obfuscated	obfuscated	obfuscated	obfuscated	obfuscated	packed	packed	packed	obfuscated	obfuscated
corpus_expansion	desync_coreutils_64_O0_wc	pilot	obfuscated	78664	25.003905	0.174330	6.025626	0.092893	0.105178	true	obfuscated	obfuscated	obfuscated	obfuscated	obfuscated	obfuscated	packed	packed	packed	obfuscated	obfuscated
corpus_expansion	desync_coreutils_64_O0_wc	d1_med	obfuscated	104853	33.705106	0.188765	6.165962	0.089726	0.105178	true	obfuscated	obfuscated	obfuscated	obfuscated	obfuscated	obfuscated	packed	packed	packed	obfuscated	obfuscated
corpus_expansion	desync_coreutils_64_O0_uniq	pilot	obfuscated	54170	24.525440	0.175752	6.077203	0.097745	0.105178	true	obfuscated	obfuscated	obfuscated	obfuscated	obfuscated	obfuscated	packed	packed	packed	obfuscated	obfuscated
corpus_expansion	desync_coreutils_64_O0_uniq	d1_med	obfuscated	73545	30.239868	0.184303	6.169533	0.093703	0.105178	true	obfuscated	obfuscated	obfuscated	obfuscated	obfuscated	obfuscated	packed	packed	packed	obfuscated	obfuscated
corpus_expansion	desync_coreutils_64_O0_chroot	pilot	obfuscated	55162	25.305979	0.175192	6.058173	0.097488	0.105178	true	obfuscated	obfuscated	obfuscated	obfuscated	obfuscated	obfuscated	packed	packed	packed	obfuscated	obfuscated
corpus_expansion	desync_coreutils_64_O0_chroot	d1_med	obfuscated	74787	32.632181	0.192040	6.201961	0.093499	0.105178	true	obfuscated	obfuscated	obfuscated	obfuscated	obfuscated	obfuscated	packed	packed	packed	obfuscated	obfuscated
corpus_expansion	desync_coreutils_64_O0_tail	pilot	obfuscated	130672	25.894622	0.185947	6.106717	0.087590	0.105178	true	obfuscated	obfuscated	obfuscated	obfuscated	obfuscated	obfuscated	packed	packed	packed	obfuscated	obfuscated
corpus_expansion	desync_coreutils_64_O0_numfmt	pilot	obfuscated	79480	24.269323	0.175506	6.154597	0.092771	0.105178	true	obfuscated	obfuscated	obfuscated	obfuscated	obfuscated	obfuscated	packed	packed	packed	obfuscated	obfuscated
corpus_expansion	desync_coreutils_64_O0_numfmt	d1_med	obfuscated	107390	32.134136	0.189152	6.249637	0.089483	0.105178	true	obfuscated	obfuscated	obfuscated	obfuscated	obfuscated	obfuscated	packed	packed	packed	obfuscated	obfuscated
corpus_expansion	desync_coreutils_64_O0_tac	pilot	obfuscated	51903	25.031726	0.169642	6.055009	0.098361	0.105178	true	obfuscated	obfuscated	obfuscated	obfuscated	obfuscated	obfuscated	packed	packed	packed	obfuscated	obfuscated
corpus_expansion	desync_coreutils_64_O0_tac	d1_med	obfuscated	71558	31.082179	0.180376	6.136952	0.094040	0.105178	true	obfuscated	obfuscated	obfuscated	obfuscated	obfuscated	obfuscated	packed	packed	packed	obfuscated	obfuscated
corpus_expansion	desync_coreutils_64_O0_split	pilot	obfuscated	91902	24.662780	0.173318	6.034661	0.091123	0.105178	true	obfuscated	obfuscated	obfuscated	obfuscated	obfuscated	obfuscated	packed	packed	packed	obfuscated	obfuscated
corpus_expansion	desync_coreutils_64_O0_split	d1_med	obfuscated	124151	33.229649	0.185259	6.137791	0.088066	0.105178	true	obfuscated	obfuscated	obfuscated	obfuscated	obfuscated	obfuscated	packed	packed	packed	obfuscated	obfuscated
corpus_expansion	desync_coreutils_64_O0_nice	pilot	obfuscated	41297	23.702371	0.170404	6.040477	0.101888	0.105178	true	obfuscated	obfuscated	obfuscated	obfuscated	obfuscated	obfuscated	packed	packed	packed	obfuscated	obfuscated
corpus_expansion	desync_coreutils_64_O0_nice	d1_med	obfuscated	56963	29.419656	0.181579	6.141167	0.097037	0.105178	true	obfuscated	obfuscated	obfuscated	obfuscated	obfuscated	obfuscated	packed	packed	packed	obfuscated	obfuscated
corpus_expansion	desync_coreutils_64_O0_nice	d2_heavy	obfuscated	132610	45.064815	0.216737	6.285519	0.087456	0.105178	true	obfuscated	obfuscated	obfuscated	obfuscated	obfuscated	obfuscated	packed	packed	packed	obfuscated	obfuscated
corpus_expansion	desync_coreutils_64_O0_nice	d3_max	obfuscated	141539	42.012047	0.214639	6.591538	0.086871	0.105178	true	obfuscated	obfuscated	obfuscated	obfuscated	obfuscated	obfuscated	packed	packed	packed	obfuscated	obfuscated
corpus_expansion	desync_coreutils_64_O0_shuf	pilot	obfuscated	90314	24.843618	0.174989	6.045313	0.091314	0.105178	true	obfuscated	obfuscated	obfuscated	obfuscated	obfuscated	obfuscated	packed	packed	packed	obfuscated	obfuscated
corpus_expansion	desync_coreutils_64_O0_shuf	d1_med	obfuscated	123020	32.570527	0.193148	6.113020	0.088153	0.105178	true	obfuscated	obfuscated	obfuscated	obfuscated	obfuscated	obfuscated	packed	packed	packed	obfuscated	obfuscated
corpus_expansion	desync_coreutils_64_O0_nohup	pilot	obfuscated	44030	23.845622	0.173202	6.027934	0.100859	0.105178	true	obfuscated	obfuscated	obfuscated	obfuscated	obfuscated	obfuscated	packed	packed	packed	obfuscated	obfuscated
corpus_expansion	desync_coreutils_64_O0_nohup	d1_med	obfuscated	60747	33.596215	0.192584	6.111891	0.096158	0.105178	true	obfuscated	obfuscated	obfuscated	obfuscated	obfuscated	obfuscated	packed	packed	packed	obfuscated	obfuscated
corpus_expansion	desync_coreutils_64_O0_nohup	d2_heavy	obfuscated	142387	47.133355	0.217499	6.317208	0.086819	0.105178	true	obfuscated	obfuscated	obfuscated	obfuscated	obfuscated	obfuscated	packed	packed	packed	obfuscated	obfuscated
corpus_expansion	desync_coreutils_64_O0_csplit	pilot	obfuscated	71967	25.723646	0.172386	6.041450	0.093970	0.105178	true	obfuscated	obfuscated	obfuscated	obfuscated	obfuscated	obfuscated	packed	packed	packed	obfuscated	obfuscated
corpus_expansion	desync_coreutils_64_O0_csplit	d1_med	obfuscated	97730	33.530683	0.188979	6.090544	0.090460	0.105178	true	obfuscated	obfuscated	obfuscated	obfuscated	obfuscated	obfuscated	packed	packed	packed	obfuscated	obfuscated
corpus_expansion	desync_coreutils_64_O0_du	pilot	obfuscated	168640	25.582224	0.183052	6.121970	0.085392	0.105178	true	obfuscated	obfuscated	obfuscated	obfuscated	obfuscated	obfuscated	packed	packed	packed	obfuscated	obfuscated
corpus_expansion	desync_coreutils_64_O0_df	pilot	obfuscated	230756	22.707950	0.181508	6.203508	0.083047	0.105178	true	obfuscated	obfuscated	obfuscated	obfuscated	obfuscated	obfuscated	packed	packed	packed	obfuscated	obfuscated
corpus_expansion	desync_coreutils_64_O0_cp	pilot	obfuscated	179308	26.495680	0.185422	6.075134	0.084904	0.105178	true	obfuscated	obfuscated	obfuscated	obfuscated	obfuscated	obfuscated	packed	packed	packed	obfuscated	obfuscated
corpus_expansion	desync_coreutils_64_O0_expand	pilot	obfuscated	46546	24.940979	0.181584	6.021206	0.099992	0.105178	true	obfuscated	obfuscated	obfuscated	obfuscated	obfuscated	obfuscated	packed	packed	packed	obfuscated	obfuscated
corpus_expansion	desync_coreutils_64_O0_expand	d1_med	obfuscated	63294	30.621784	0.177843	6.073867	0.095610	0.105178	true	obfuscated	obfuscated	obfuscated	obfuscated	obfuscated	obfuscated	packed	packed	packed	obfuscated	obfuscated
corpus_expansion	desync_coreutils_64_O0_uname	pilot	obfuscated	37931	23.248562	0.170947	6.027814	0.103307	0.105178	true	obfuscated	obfuscated	obfuscated	obfuscated	obfuscated	obfuscated	packed	packed	packed	obfuscated	obfuscated
corpus_expansion	desync_coreutils_64_O0_uname	d1_med	obfuscated	51953	30.403393	0.185703	6.110423	0.098347	0.105178	true	obfuscated	obfuscated	obfuscated	obfuscated	obfuscated	obfuscated	packed	packed	packed	obfuscated	obfuscated
corpus_expansion	desync_coreutils_64_O0_uname	d2_heavy	obfuscated	121596	44.627491	0.218602	6.282183	0.088263	0.105178	true	obfuscated	obfuscated	obfuscated	obfuscated	obfuscated	obfuscated	packed	packed	packed	obfuscated	obfuscated
corpus_expansion	desync_coreutils_64_O0_uname	d3_max	obfuscated	129949	43.227803	0.223887	6.640931	0.087641	0.105178	true	obfuscated	obfuscated	obfuscated	obfuscated	obfuscated	obfuscated	packed	packed	packed	obfuscated	obfuscated
corpus_expansion	desync_coreutils_64_O0_who	pilot	obfuscated	160643	21.903586	0.182522	6.212312	0.085789	0.105178	true	obfuscated	obfuscated	obfuscated	obfuscated	obfuscated	obfuscated	packed	packed	packed	obfuscated	obfuscated
corpus_expansion	desync_coreutils_64_O0_sort	pilot	obfuscated	203942	26.891225	0.192498	6.073872	0.083927	0.105178	true	obfuscated	obfuscated	obfuscated	obfuscated	obfuscated	obfuscated	packed	packed	packed	obfuscated	obfuscated
corpus_expansion	desync_coreutils_64_O0_tty	pilot	obfuscated	36007	21.879069	0.161601	6.030161	0.104205	0.105178	true	obfuscated	obfuscated	obfuscated	obfuscated	obfuscated	obfuscated	packed	packed	packed	obfuscated	obfuscated
corpus_expansion	desync_coreutils_64_O0_tty	d1_med	obfuscated	49495	28.985239	0.178874	6.126635	0.099062	0.105178	true	obfuscated	obfuscated	obfuscated	obfuscated	obfuscated	obfuscated	packed	packed	packed	obfuscated	obfuscated
corpus_expansion	desync_coreutils_64_O0_tty	d2_heavy	obfuscated	115662	44.972404	0.210615	6.318641	0.088745	0.105178	true	obfuscated	obfuscated	obfuscated	obfuscated	obfuscated	obfuscated	packed	packed	packed	obfuscated	obfuscated
corpus_expansion	desync_coreutils_64_O0_tty	d3_max	obfuscated	123543	41.971820	0.218304	6.596501	0.088113	0.105178	true	obfuscated	obfuscated	obfuscated	obfuscated	obfuscated	obfuscated	packed	packed	packed	obfuscated	obfuscated
corpus_expansion	desync_coreutils_64_O0_printenv	pilot	obfuscated	36715	22.615423	0.170838	6.025765	0.103866	0.105178	true	obfuscated	obfuscated	obfuscated	obfuscated	obfuscated	obfuscated	packed	packed	packed	obfuscated	obfuscated
corpus_expansion	desync_coreutils_64_O0_printenv	d1_med	obfuscated	50281	27.377972	0.164598	6.105898	0.098827	0.105178	true	obfuscated	obfuscated	obfuscated	obfuscated	obfuscated	obfuscated	packed	packed	packed	obfuscated	obfuscated
corpus_expansion	desync_coreutils_64_O0_printenv	d2_heavy	obfuscated	117396	44.387899	0.207995	6.323415	0.088601	0.105178	true	obfuscated	obfuscated	obfuscated	obfuscated	obfuscated	obfuscated	packed	packed	packed	obfuscated	obfuscated
corpus_expansion	desync_coreutils_64_O0_printenv	d3_max	obfuscated	125466	42.104733	0.212904	6.579873	0.087967	0.105178	true	obfuscated	obfuscated	obfuscated	obfuscated	obfuscated	obfuscated	packed	packed	packed	obfuscated	obfuscated
corpus_expansion	desync_coreutils_64_O0_dd	pilot	obfuscated	192362	22.983124	0.184735	6.218563	0.084363	0.105178	true	obfuscated	obfuscated	obfuscated	obfuscated	obfuscated	obfuscated	packed	packed	packed	obfuscated	obfuscated
corpus_expansion	desync_coreutils_64_O0_mkfifo	pilot	obfuscated	43919	22.637392	0.180341	6.019642	0.100899	0.105178	true	obfuscated	obfuscated	obfuscated	obfuscated	obfuscated	obfuscated	packed	packed	packed	obfuscated	obfuscated
corpus_expansion	desync_coreutils_64_O0_mkfifo	d1_med	obfuscated	59902	31.727345	0.192855	6.127688	0.096347	0.105178	true	obfuscated	obfuscated	obfuscated	obfuscated	obfuscated	obfuscated	packed	packed	packed	obfuscated	obfuscated
corpus_expansion	desync_coreutils_64_O0_mkfifo	d2_heavy	obfuscated	139261	44.945716	0.216575	6.316581	0.087015	0.105178	true	obfuscated	obfuscated	obfuscated	obfuscated	obfuscated	obfuscated	packed	packed	packed	obfuscated	obfuscated
corpus_expansion	desync_coreutils_64_O0_sha224sum	pilot	obfuscated	85540	26.398017	0.189331	6.110339	0.091922	0.105178	true	obfuscated	obfuscated	obfuscated	obfuscated	obfuscated	obfuscated	packed	packed	packed	obfuscated	obfuscated
corpus_expansion	desync_coreutils_64_O0_sha224sum	d1_med	obfuscated	112220	32.759753	0.201584	6.128851	0.089042	0.105178	true	obfuscated	obfuscated	obfuscated	obfuscated	obfuscated	obfuscated	packed	packed	packed	obfuscated	obfuscated
corpus_expansion	desync_coreutils_64_O0_cat	pilot	obfuscated	48625	24.242705	0.167816	6.052091	0.099327	0.105178	true	obfuscated	obfuscated	obfuscated	obfuscated	obfuscated	obfuscated	packed	packed	packed	obfuscated	obfuscated
corpus_expansion	desync_coreutils_64_O0_cat	d1_med	obfuscated	67235	31.249480	0.191819	6.148535	0.094825	0.105178	true	obfuscated	obfuscated	obfuscated	obfuscated	obfuscated	obfuscated	packed	packed	packed	obfuscated	obfuscated
corpus_expansion	desync_coreutils_64_O0_fmt	pilot	obfuscated	54774	25.747593	0.180800	6.094166	0.097588	0.105178	true	obfuscated	obfuscated	obfuscated	obfuscated	obfuscated	obfuscated	packed	packed	packed	obfuscated	obfuscated
corpus_expansion	desync_coreutils_64_O0_fmt	d1_med	obfuscated	73665	33.299161	0.187644	6.155250	0.093683	0.105178	true	obfuscated	obfuscated	obfuscated	obfuscated	obfuscated	obfuscated	packed	packed	packed	obfuscated	obfuscated
corpus_expansion	desync_coreutils_64_O0_head	pilot	obfuscated	60104	24.831062	0.184203	6.073847	0.096301	0.105178	true	obfuscated	obfuscated	obfuscated	obfuscated	obfuscated	obfuscated	packed	packed	packed	obfuscated	obfuscated
corpus_expansion	desync_coreutils_64_O0_head	d1_med	obfuscated	82054	32.203335	0.189657	6.202463	0.092399	0.105178	true	obfuscated	obfuscated	obfuscated	obfuscated	obfuscated	obfuscated	packed	packed	packed	obfuscated	obfuscated
corpus_expansion	desync_coreutils_64_O0_sha384sum	pilot	obfuscated	96420	19.757811	0.182463	6.124744	0.090604	0.105178	true	obfuscated	obfuscated	obfuscated	obfuscated	obfuscated	obfuscated	packed	packed	packed	obfuscated	obfuscated
corpus_expansion	desync_coreutils_64_O0_sha384sum	d1_med	obfuscated	124445	27.116646	0.196405	6.162667	0.088044	0.105178	true	obfuscated	obfuscated	obfuscated	obfuscated	obfuscated	obfuscated	packed	packed	packed	obfuscated	obfuscated
corpus_expansion	desync_coreutils_64_O0_uptime	pilot	obfuscated	75484	21.959393	0.174630	6.046745	0.093387	0.105178	true	obfuscated	obfuscated	obfuscated	obfuscated	obfuscated	obfuscated	packed	packed	packed	obfuscated	obfuscated
corpus_expansion	desync_coreutils_64_O0_uptime	d1_med	obfuscated	101598	28.310192	0.181882	6.123719	0.090052	0.105178	true	obfuscated	obfuscated	obfuscated	obfuscated	obfuscated	obfuscated	packed	packed	packed	obfuscated	obfuscated
corpus_expansion	desync_coreutils_64_O0_chgrp	pilot	obfuscated	97844	25.366857	0.175233	6.074253	0.090448	0.105178	true	obfuscated	obfuscated	obfuscated	obfuscated	obfuscated	obfuscated	packed	packed	packed	obfuscated	obfuscated
corpus_expansion	desync_coreutils_64_O0_chgrp	d1_med	obfuscated	132728	32.728958	0.189297	6.193190	0.087447	0.105178	true	obfuscated	obfuscated	obfuscated	obfuscated	obfuscated	obfuscated	packed	packed	packed	obfuscated	obfuscated
corpus_expansion	desync_coreutils_64_O0_paste	pilot	obfuscated	45252	24.290792	0.175326	6.037446	0.100429	0.105178	true	obfuscated	obfuscated	obfuscated	obfuscated	obfuscated	obfuscated	packed	packed	packed	obfuscated	obfuscated
corpus_expansion	desync_coreutils_64_O0_paste	d1_med	obfuscated	62125	32.702021	0.184563	6.146678	0.095857	0.105178	true	obfuscated	obfuscated	obfuscated	obfuscated	obfuscated	obfuscated	packed	packed	packed	obfuscated	obfuscated
corpus_expansion	desync_coreutils_64_O0_paste	d2_heavy	obfuscated	145699	46.871799	0.218550	6.298477	0.086618	0.105178	true	obfuscated	obfuscated	obfuscated	obfuscated	obfuscated	obfuscated	packed	packed	packed	obfuscated	obfuscated
corpus_expansion	desync_coreutils_64_O0_stty	pilot	obfuscated	177722	22.409844	0.185401	6.144683	0.084974	0.105178	true	obfuscated	obfuscated	obfuscated	obfuscated	obfuscated	obfuscated	packed	packed	packed	obfuscated	obfuscated
corpus_expansion	desync_coreutils_64_O0_seq	pilot	obfuscated	151803	21.780539	0.179431	6.219251	0.086265	0.105178	true	obfuscated	obfuscated	obfuscated	obfuscated	obfuscated	obfuscated	packed	packed	packed	obfuscated	obfuscated
corpus_expansion	desync_coreutils_64_O0_tr	pilot	obfuscated	69569	25.538603	0.187848	6.048954	0.094392	0.105178	true	obfuscated	obfuscated	obfuscated	obfuscated	obfuscated	obfuscated	packed	packed	packed	obfuscated	obfuscated
corpus_expansion	desync_coreutils_64_O0_tr	d1_med	obfuscated	94551	31.622840	0.191173	6.192358	0.090814	0.105178	true	obfuscated	obfuscated	obfuscated	obfuscated	obfuscated	obfuscated	packed	packed	packed	obfuscated	obfuscated
corpus_expansion	desync_coreutils_64_O0_[	pilot	obfuscated	161219	21.838265	0.179908	6.249190	0.085760	0.105178	true	obfuscated	obfuscated	obfuscated	obfuscated	obfuscated	obfuscated	packed	packed	packed	obfuscated	obfuscated
corpus_expansion	desync_coreutils_64_O0_date	pilot	obfuscated	249597	20.745961	0.181620	6.218126	0.082515	0.105178	true	obfuscated	obfuscated	obfuscated	obfuscated	obfuscated	obfuscated	packed	packed	packed	obfuscated	obfuscated
corpus_expansion	desync_coreutils_64_O0_groups	pilot	obfuscated	42414	24.588810	0.174748	6.037169	0.101456	0.105178	true	obfuscated	obfuscated	obfuscated	obfuscated	obfuscated	obfuscated	packed	packed	packed	obfuscated	obfuscated
corpus_expansion	desync_coreutils_64_O0_groups	d1_med	obfuscated	58162	33.516651	0.189502	6.099201	0.096749	0.105178	true	obfuscated	obfuscated	obfuscated	obfuscated	obfuscated	obfuscated	packed	packed	packed	obfuscated	obfuscated
corpus_expansion	desync_coreutils_64_O0_groups	d2_heavy	obfuscated	135762	46.639440	0.217999	6.325298	0.087243	0.105178	true	obfuscated	obfuscated	obfuscated	obfuscated	obfuscated	obfuscated	packed	packed	packed	obfuscated	obfuscated
corpus_expansion	desync_coreutils_64_O0_groups	d3_max	obfuscated	144610	45.318726	0.222234	6.619763	0.086683	0.105178	true	obfuscated	obfuscated	obfuscated	obfuscated	obfuscated	obfuscated	packed	packed	packed	obfuscated	obfuscated
corpus_expansion	desync_coreutils_64_O0_b2sum	pilot	obfuscated	112367	26.031204	0.179075	6.022697	0.089029	0.105178	true	obfuscated	obfuscated	obfuscated	obfuscated	obfuscated	obfuscated	packed	packed	packed	obfuscated	obfuscated
corpus_expansion	desync_coreutils_64_O0_id	pilot	obfuscated	55189	25.570523	0.177852	6.090854	0.097481	0.105178	true	obfuscated	obfuscated	obfuscated	obfuscated	obfuscated	obfuscated	packed	packed	packed	obfuscated	obfuscated
corpus_expansion	desync_coreutils_64_O0_id	d1_med	obfuscated	75725	32.799782	0.184378	6.100308	0.093348	0.105178	true	obfuscated	obfuscated	obfuscated	obfuscated	obfuscated	obfuscated	packed	packed	packed	obfuscated	obfuscated
corpus_expansion	desync_coreutils_64_O0_basename	pilot	obfuscated	38692	22.754723	0.168516	6.029202	0.102970	0.105178	true	obfuscated	obfuscated	obfuscated	obfuscated	obfuscated	obfuscated	packed	packed	packed	obfuscated	obfuscated
corpus_expansion	desync_coreutils_64_O0_basename	d1_med	obfuscated	53509	30.012686	0.175573	6.108257	0.097921	0.105178	true	obfuscated	obfuscated	obfuscated	obfuscated	obfuscated	obfuscated	packed	packed	packed	obfuscated	obfuscated
corpus_expansion	desync_coreutils_64_O0_basename	d2_heavy	obfuscated	125576	45.704094	0.217598	6.314018	0.087959	0.105178	true	obfuscated	obfuscated	obfuscated	obfuscated	obfuscated	obfuscated	packed	packed	packed	obfuscated	obfuscated
corpus_expansion	desync_coreutils_64_O0_basename	d3_max	obfuscated	134291	43.617765	0.212756	6.613648	0.087341	0.105178	true	obfuscated	obfuscated	obfuscated	obfuscated	obfuscated	obfuscated	packed	packed	packed	obfuscated	obfuscated
corpus_expansion	desync_coreutils_64_O0_pinky	pilot	obfuscated	57474	24.479234	0.168892	6.030828	0.096914	0.105178	true	obfuscated	obfuscated	obfuscated	obfuscated	obfuscated	obfuscated	packed	packed	packed	obfuscated	obfuscated
corpus_expansion	desync_coreutils_64_O0_pinky	d1_med	obfuscated	77877	30.682297	0.181812	6.095959	0.093012	0.105178	true	obfuscated	obfuscated	obfuscated	obfuscated	obfuscated	obfuscated	packed	packed	packed	obfuscated	obfuscated
corpus_expansion	desync_coreutils_64_O0_realpath	pilot	obfuscated	65757	24.085977	0.178488	6.128792	0.095111	0.105178	true	obfuscated	obfuscated	obfuscated	obfuscated	obfuscated	obfuscated	packed	packed	packed	obfuscated	obfuscated
corpus_expansion	desync_coreutils_64_O0_realpath	d1_med	obfuscated	89248	29.915136	0.181061	6.140789	0.091446	0.105178	true	obfuscated	obfuscated	obfuscated	obfuscated	obfuscated	obfuscated	packed	packed	packed	obfuscated	obfuscated
corpus_expansion	desync_coreutils_64_O0_base64	pilot	obfuscated	53160	25.891782	0.179845	6.035221	0.098015	0.105178	true	obfuscated	obfuscated	obfuscated	obfuscated	obfuscated	obfuscated	packed	packed	packed	obfuscated	obfuscated
corpus_expansion	desync_coreutils_64_O0_base64	d1_med	obfuscated	73296	33.258381	0.194993	6.186120	0.093744	0.105178	true	obfuscated	obfuscated	obfuscated	obfuscated	obfuscated	obfuscated	packed	packed	packed	obfuscated	obfuscated
corpus_expansion	desync_coreutils_64_O0_mktemp	pilot	obfuscated	44310	23.299637	0.175050	6.035226	0.100759	0.105178	true	obfuscated	obfuscated	obfuscated	obfuscated	obfuscated	obfuscated	packed	packed	packed	obfuscated	obfuscated
corpus_expansion	desync_coreutils_64_O0_mktemp	d1_med	obfuscated	60954	30.789430	0.180355	6.099020	0.096112	0.105178	true	obfuscated	obfuscated	obfuscated	obfuscated	obfuscated	obfuscated	packed	packed	packed	obfuscated	obfuscated
corpus_expansion	desync_coreutils_64_O0_mktemp	d2_heavy	obfuscated	142799	45.401642	0.209525	6.314277	0.086793	0.105178	true	obfuscated	obfuscated	obfuscated	obfuscated	obfuscated	obfuscated	packed	packed	packed	obfuscated	obfuscated
corpus_expansion	desync_coreutils_64_O0_readlink	pilot	obfuscated	62163	22.645094	0.171399	6.046682	0.095849	0.105178	true	obfuscated	obfuscated	obfuscated	obfuscated	obfuscated	obfuscated	packed	packed	packed	obfuscated	obfuscated
corpus_expansion	desync_coreutils_64_O0_readlink	d1_med	obfuscated	85004	29.645437	0.182210	6.121492	0.091994	0.105178	true	obfuscated	obfuscated	obfuscated	obfuscated	obfuscated	obfuscated	packed	packed	packed	obfuscated	obfuscated
corpus_expansion	desync_coreutils_64_O0_kill	pilot	obfuscated	43159	24.025752	0.175579	6.024610	0.101176	0.105178	true	obfuscated	obfuscated	obfuscated	obfuscated	obfuscated	obfuscated	packed	packed	packed	obfuscated	obfuscated
corpus_expansion	desync_coreutils_64_O0_kill	d1_med	obfuscated	59057	31.873192	0.181430	6.118608	0.096540	0.105178	true	obfuscated	obfuscated	obfuscated	obfuscated	obfuscated	obfuscated	packed	packed	packed	obfuscated	obfuscated
corpus_expansion	desync_coreutils_64_O0_kill	d2_heavy	obfuscated	137629	45.565850	0.209806	6.318642	0.087120	0.105178	true	obfuscated	obfuscated	obfuscated	obfuscated	obfuscated	obfuscated	packed	packed	packed	obfuscated	obfuscated
corpus_expansion	desync_coreutils_64_O0_chmod	pilot	obfuscated	95374	26.238563	0.176078	6.089647	0.090721	0.105178	true	obfuscated	obfuscated	obfuscated	obfuscated	obfuscated	obfuscated	packed	packed	packed	obfuscated	obfuscated
corpus_expansion	desync_coreutils_64_O0_chmod	d1_med	obfuscated	128889	33.093884	0.198538	6.184154	0.087717	0.105178	true	obfuscated	obfuscated	obfuscated	obfuscated	obfuscated	obfuscated	packed	packed	packed	obfuscated	obfuscated
corpus_expansion	desync_coreutils_64_O0_basenc	pilot	obfuscated	72849	25.365088	0.176870	6.091377	0.093819	0.105178	true	obfuscated	obfuscated	obfuscated	obfuscated	obfuscated	obfuscated	packed	packed	packed	obfuscated	obfuscated
corpus_expansion	desync_coreutils_64_O0_basenc	d1_med	obfuscated	99287	32.192451	0.188700	6.163996	0.090293	0.105178	true	obfuscated	obfuscated	obfuscated	obfuscated	obfuscated	obfuscated	packed	packed	packed	obfuscated	obfuscated
corpus_expansion	desync_coreutils_64_O0_printf	pilot	obfuscated	154108	20.819338	0.176597	6.206255	0.086137	0.105178	true	obfuscated	obfuscated	obfuscated	obfuscated	obfuscated	obfuscated	packed	packed	packed	obfuscated	obfuscated
corpus_expansion	desync_coreutils_64_O0_install	pilot	obfuscated	297366	25.446121	0.190570	6.192200	0.081401	0.105178	true	obfuscated	obfuscated	obfuscated	obfuscated	obfuscated	obfuscated	packed	packed	packed	obfuscated	obfuscated
corpus_expansion	desync_coreutils_64_O0_true	pilot	obfuscated	35303	22.080015	0.163945	6.038726	0.104552	0.105178	true	obfuscated	obfuscated	obfuscated	obfuscated	obfuscated	obfuscated	packed	packed	packed	obfuscated	obfuscated
corpus_expansion	desync_coreutils_64_O0_true	d1_med	obfuscated	48655	28.320403	0.177920	6.091738	0.099318	0.105178	true	obfuscated	obfuscated	obfuscated	obfuscated	obfuscated	obfuscated	packed	packed	packed	obfuscated	obfuscated
corpus_expansion	desync_coreutils_64_O0_true	d2_heavy	obfuscated	113436	44.484794	0.211967	6.331640	0.088936	0.105178	true	obfuscated	obfuscated	obfuscated	obfuscated	obfuscated	obfuscated	packed	packed	packed	obfuscated	obfuscated
corpus_expansion	desync_coreutils_64_O0_true	d3_max	obfuscated	121332	43.799711	0.217367	6.561056	0.088284	0.105178	true	obfuscated	obfuscated	obfuscated	obfuscated	obfuscated	obfuscated	packed	packed	packed	obfuscated	obfuscated
corpus_expansion	desync_coreutils_64_O0_false	pilot	obfuscated	35507	21.554829	0.161587	6.004065	0.104451	0.105178	true	obfuscated	obfuscated	obfuscated	obfuscated	obfuscated	obfuscated	packed	packed	packed	obfuscated	obfuscated
corpus_expansion	desync_coreutils_64_O0_false	d1_med	obfuscated	48750	27.862617	0.186305	6.078496	0.099289	0.105178	true	obfuscated	obfuscated	obfuscated	obfuscated	obfuscated	obfuscated	packed	packed	packed	obfuscated	obfuscated
corpus_expansion	desync_coreutils_64_O0_false	d2_heavy	obfuscated	113434	44.424176	0.216226	6.308447	0.088936	0.105178	true	obfuscated	obfuscated	obfuscated	obfuscated	obfuscated	obfuscated	packed	packed	packed	obfuscated	obfuscated
corpus_expansion	desync_coreutils_64_O0_false	d3_max	obfuscated	121184	41.191768	0.213767	6.568742	0.088295	0.105178	true	obfuscated	obfuscated	obfuscated	obfuscated	obfuscated	obfuscated	packed	packed	packed	obfuscated	obfuscated
corpus_expansion	desync_coreutils_64_O0_sha1sum	pilot	obfuscated	70413	24.713160	0.186330	6.027660	0.094241	0.105178	true	obfuscated	obfuscated	obfuscated	obfuscated	obfuscated	obfuscated	packed	packed	packed	obfuscated	obfuscated
corpus_expansion	desync_coreutils_64_O0_sha1sum	d1_med	obfuscated	95381	31.687439	0.196635	6.122750	0.090720	0.105178	true	obfuscated	obfuscated	obfuscated	obfuscated	obfuscated	obfuscated	packed	packed	packed	obfuscated	obfuscated
corpus_expansion	desync_coreutils_64_O0_users	pilot	obfuscated	49650	24.063396	0.173261	6.029840	0.099015	0.105178	true	obfuscated	obfuscated	obfuscated	obfuscated	obfuscated	obfuscated	packed	packed	packed	obfuscated	obfuscated
corpus_expansion	desync_coreutils_64_O0_users	d1_med	obfuscated	67110	32.677377	0.190507	6.088277	0.094849	0.105178	true	obfuscated	obfuscated	obfuscated	obfuscated	obfuscated	obfuscated	packed	packed	packed	obfuscated	obfuscated
corpus_expansion	desync_coreutils_64_O0_sleep	pilot	obfuscated	41871	22.106103	0.167861	6.035930	0.101664	0.105178	true	obfuscated	obfuscated	obfuscated	obfuscated	obfuscated	obfuscated	packed	packed	packed	obfuscated	obfuscated
corpus_expansion	desync_coreutils_64_O0_sleep	d1_med	obfuscated	57055	28.458770	0.171511	6.185700	0.097015	0.105178	true	obfuscated	obfuscated	obfuscated	obfuscated	obfuscated	obfuscated	packed	packed	packed	obfuscated	obfuscated
corpus_expansion	desync_coreutils_64_O0_sleep	d2_heavy	obfuscated	132799	44.413604	0.212491	6.330112	0.087443	0.105178	true	obfuscated	obfuscated	obfuscated	obfuscated	obfuscated	obfuscated	packed	packed	packed	obfuscated	obfuscated
corpus_expansion	desync_coreutils_64_O0_sleep	d3_max	obfuscated	142231	42.864913	0.214692	6.576069	0.086828	0.105178	true	obfuscated	obfuscated	obfuscated	obfuscated	obfuscated	obfuscated	packed	packed	packed	obfuscated	obfuscated
corpus_expansion	desync_coreutils_64_O0_getlimits	d1_med	obfuscated	63039	28.589029	0.168861	6.100966	0.095664	0.105178	true	obfuscated	obfuscated	obfuscated	obfuscated	obfuscated	obfuscated	packed	packed	packed	obfuscated	obfuscated
corpus_expansion	desync_coreutils_64_O0_dirname	pilot	obfuscated	37621	22.324953	0.171200	6.004582	0.103447	0.105178	true	obfuscated	obfuscated	obfuscated	obfuscated	obfuscated	obfuscated	packed	packed	packed	obfuscated	obfuscated
corpus_expansion	desync_coreutils_64_O0_dirname	d1_med	obfuscated	51384	30.918310	0.182977	6.064084	0.098508	0.105178	true	obfuscated	obfuscated	obfuscated	obfuscated	obfuscated	obfuscated	packed	packed	packed	obfuscated	obfuscated
corpus_expansion	desync_coreutils_64_O0_dirname	d2_heavy	obfuscated	120230	45.718861	0.218319	6.275449	0.088371	0.105178	true	obfuscated	obfuscated	obfuscated	obfuscated	obfuscated	obfuscated	packed	packed	packed	obfuscated	obfuscated
corpus_expansion	desync_coreutils_64_O0_dirname	d3_max	obfuscated	129291	43.152943	0.219648	6.562796	0.087688	0.105178	true	obfuscated	obfuscated	obfuscated	obfuscated	obfuscated	obfuscated	packed	packed	packed	obfuscated	obfuscated
corpus_expansion	desync_coreutils_64_O0_pwd	pilot	obfuscated	42490	23.536471	0.167872	6.020013	0.101427	0.105178	true	obfuscated	obfuscated	obfuscated	obfuscated	obfuscated	obfuscated	packed	packed	packed	obfuscated	obfuscated
corpus_expansion	desync_coreutils_64_O0_pwd	d1_med	obfuscated	58560	30.398031	0.184801	6.134769	0.096656	0.105178	true	obfuscated	obfuscated	obfuscated	obfuscated	obfuscated	obfuscated	packed	packed	packed	obfuscated	obfuscated
corpus_expansion	desync_coreutils_64_O0_pwd	d2_heavy	obfuscated	137972	45.106824	0.217163	6.285379	0.087098	0.105178	true	obfuscated	obfuscated	obfuscated	obfuscated	obfuscated	obfuscated	packed	packed	packed	obfuscated	obfuscated
corpus_expansion	desync_coreutils_64_O0_ls	pilot	obfuscated	209551	23.496582	0.173627	6.066168	0.083729	0.105178	true	obfuscated	obfuscated	obfuscated	obfuscated	obfuscated	obfuscated	packed	packed	packed	obfuscated	obfuscated
corpus_expansion	desync_coreutils_64_O0_unexpand	pilot	obfuscated	47508	25.405787	0.174867	6.022863	0.099679	0.105178	true	obfuscated	obfuscated	obfuscated	obfuscated	obfuscated	obfuscated	packed	packed	packed	obfuscated	obfuscated
corpus_expansion	desync_coreutils_64_O0_unexpand	d1_med	obfuscated	64912	31.690702	0.187351	6.127167	0.095279	0.105178	true	obfuscated	obfuscated	obfuscated	obfuscated	obfuscated	obfuscated	packed	packed	packed	obfuscated	obfuscated
corpus_expansion	desync_coreutils_64_O0_sha256sum	pilot	obfuscated	85354	26.174553	0.185633	6.077193	0.091947	0.105178	true	obfuscated	obfuscated	obfuscated	obfuscated	obfuscated	obfuscated	packed	packed	packed	obfuscated	obfuscated
corpus_expansion	desync_coreutils_64_O0_sha256sum	d1_med	obfuscated	112520	32.957715	0.202978	6.132872	0.089016	0.105178	true	obfuscated	obfuscated	obfuscated	obfuscated	obfuscated	obfuscated	packed	packed	packed	obfuscated	obfuscated
corpus_expansion	desync_coreutils_64_O0_stdbuf	pilot	obfuscated	148858	21.678601	0.184785	6.214582	0.086432	0.105178	true	obfuscated	obfuscated	obfuscated	obfuscated	obfuscated	obfuscated	packed	packed	packed	obfuscated	obfuscated
corpus_expansion	desync_coreutils_64_O0_expr	pilot	obfuscated	162211	26.603406	0.182153	6.071113	0.085709	0.105178	true	obfuscated	obfuscated	obfuscated	obfuscated	obfuscated	obfuscated	packed	packed	packed	obfuscated	obfuscated
corpus_expansion	desync_coreutils_64_O0_truncate	pilot	obfuscated	46670	23.974578	0.172186	6.034821	0.099951	0.105178	true	obfuscated	obfuscated	obfuscated	obfuscated	obfuscated	obfuscated	packed	packed	packed	obfuscated	obfuscated
corpus_expansion	desync_coreutils_64_O0_truncate	d1_med	obfuscated	63775	32.236484	0.192354	6.165660	0.095511	0.105178	true	obfuscated	obfuscated	obfuscated	obfuscated	obfuscated	obfuscated	packed	packed	packed	obfuscated	obfuscated
corpus_expansion	desync_coreutils_64_O0_rm	pilot	obfuscated	103316	25.193295	0.176173	6.119874	0.089878	0.105178	true	obfuscated	obfuscated	obfuscated	obfuscated	obfuscated	obfuscated	packed	packed	packed	obfuscated	obfuscated
corpus_expansion	desync_coreutils_64_O0_chcon	pilot	obfuscated	101544	27.267285	0.177061	6.090268	0.090058	0.105178	true	obfuscated	obfuscated	obfuscated	obfuscated	obfuscated	obfuscated	packed	packed	packed	obfuscated	obfuscated
corpus_expansion	desync_coreutils_64_O0_stat	pilot	obfuscated	224051	22.489191	0.184531	6.245008	0.083252	0.105178	true	obfuscated	obfuscated	obfuscated	obfuscated	obfuscated	obfuscated	packed	packed	packed	obfuscated	obfuscated
corpus_expansion	desync_coreutils_64_O0_rmdir	pilot	obfuscated	140938	20.743166	0.183315	6.240347	0.086909	0.105178	true	obfuscated	obfuscated	obfuscated	obfuscated	obfuscated	obfuscated	packed	packed	packed	obfuscated	obfuscated
corpus_expansion	desync_coreutils_64_O0_echo	pilot	obfuscated	38384	22.347195	0.164757	6.015115	0.103105	0.105178	true	obfuscated	obfuscated	obfuscated	obfuscated	obfuscated	obfuscated	packed	packed	packed	obfuscated	obfuscated
corpus_expansion	desync_coreutils_64_O0_echo	d1_med	obfuscated	53186	28.743905	0.178085	6.231283	0.098008	0.105178	true	obfuscated	obfuscated	obfuscated	obfuscated	obfuscated	obfuscated	packed	packed	packed	obfuscated	obfuscated
corpus_expansion	desync_coreutils_64_O0_echo	d2_heavy	obfuscated	123351	45.242756	0.211890	6.256508	0.088127	0.105178	true	obfuscated	obfuscated	obfuscated	obfuscated	obfuscated	obfuscated	packed	packed	packed	obfuscated	obfuscated
corpus_expansion	desync_coreutils_64_O0_echo	d3_max	obfuscated	131693	42.834541	0.218979	6.625111	0.087519	0.105178	true	obfuscated	obfuscated	obfuscated	obfuscated	obfuscated	obfuscated	packed	packed	packed	obfuscated	obfuscated
corpus_expansion	desync_coreutils_64_O0_md5sum	pilot	obfuscated	67967	24.889405	0.178903	6.023932	0.094687	0.105178	true	obfuscated	obfuscated	obfuscated	obfuscated	obfuscated	obfuscated	packed	packed	packed	obfuscated	obfuscated
corpus_expansion	desync_coreutils_64_O0_md5sum	d1_med	obfuscated	92396	31.978950	0.198970	6.130735	0.091064	0.105178	true	obfuscated	obfuscated	obfuscated	obfuscated	obfuscated	obfuscated	packed	packed	packed	obfuscated	obfuscated
corpus_expansion	desync_coreutils_64_O0_test	pilot	obfuscated	155548	21.271319	0.181651	6.233603	0.086058	0.105178	true	obfuscated	obfuscated	obfuscated	obfuscated	obfuscated	obfuscated	packed	packed	packed	obfuscated	obfuscated
corpus_expansion	desync_coreutils_64_O0_hostid	pilot	obfuscated	36783	22.067015	0.163747	5.993661	0.103834	0.105178	true	obfuscated	obfuscated	obfuscated	obfuscated	obfuscated	obfuscated	packed	packed	packed	obfuscated	obfuscated
corpus_expansion	desync_coreutils_64_O0_hostid	d1_med	obfuscated	50407	29.734021	0.181134	6.091607	0.098790	0.105178	true	obfuscated	obfuscated	obfuscated	obfuscated	obfuscated	obfuscated	packed	packed	packed	obfuscated	obfuscated
corpus_expansion	desync_coreutils_64_O0_hostid	d2_heavy	obfuscated	117502	45.335958	0.212385	6.323722	0.088592	0.105178	true	obfuscated	obfuscated	obfuscated	obfuscated	obfuscated	obfuscated	packed	packed	packed	obfuscated	obfuscated
corpus_expansion	desync_coreutils_64_O0_hostid	d3_max	obfuscated	125650	43.198560	0.215586	6.616503	0.087954	0.105178	true	obfuscated	obfuscated	obfuscated	obfuscated	obfuscated	obfuscated	packed	packed	packed	obfuscated	obfuscated
corpus_expansion	desync_coreutils_64_O0_cksum	pilot	obfuscated	270060	23.510372	0.195731	6.126254	0.082002	0.105178	true	obfuscated	obfuscated	obfuscated	obfuscated	obfuscated	obfuscated	packed	packed	packed	obfuscated	obfuscated
corpus_expansion	desync_coreutils_64_O0_touch	pilot	obfuscated	224029	21.004614	0.180555	6.257764	0.083253	0.105178	true	obfuscated	obfuscated	obfuscated	obfuscated	obfuscated	obfuscated	packed	packed	packed	obfuscated	obfuscated
corpus_expansion	desync_coreutils_64_O0_sha512sum	pilot	obfuscated	97279	19.674156	0.183901	6.127898	0.090509	0.105178	true	obfuscated	obfuscated	obfuscated	obfuscated	obfuscated	obfuscated	packed	packed	packed	obfuscated	obfuscated
corpus_expansion	desync_coreutils_64_O0_sha512sum	d1_med	obfuscated	125163	26.068861	0.196710	6.160567	0.087990	0.105178	true	obfuscated	obfuscated	obfuscated	obfuscated	obfuscated	obfuscated	packed	packed	packed	obfuscated	obfuscated
corpus_expansion	desync_coreutils_64_O0_fold	pilot	obfuscated	45262	24.166941	0.165948	6.004886	0.100425	0.105178	true	obfuscated	obfuscated	obfuscated	obfuscated	obfuscated	obfuscated	packed	packed	packed	obfuscated	obfuscated
corpus_expansion	desync_coreutils_64_O0_fold	d1_med	obfuscated	61611	30.573364	0.181040	6.090194	0.095968	0.105178	true	obfuscated	obfuscated	obfuscated	obfuscated	obfuscated	obfuscated	packed	packed	packed	obfuscated	obfuscated
corpus_expansion	desync_coreutils_64_O0_fold	d2_heavy	obfuscated	144063	45.065968	0.216447	6.303359	0.086716	0.105178	true	obfuscated	obfuscated	obfuscated	obfuscated	obfuscated	obfuscated	packed	packed	packed	obfuscated	obfuscated
corpus_expansion	desync_coreutils_64_O0_mkdir	pilot	obfuscated	158256	21.782172	0.184525	6.237227	0.085914	0.105178	true	obfuscated	obfuscated	obfuscated	obfuscated	obfuscated	obfuscated	packed	packed	packed	obfuscated	obfuscated
corpus_expansion	desync_coreutils_64_O0_pathchk	pilot	obfuscated	41060	24.454115	0.177852	6.005304	0.101983	0.105178	true	obfuscated	obfuscated	obfuscated	obfuscated	obfuscated	obfuscated	packed	packed	packed	obfuscated	obfuscated
corpus_expansion	desync_coreutils_64_O0_pathchk	d1_med	obfuscated	56524	31.405228	0.187133	6.107010	0.097145	0.105178	true	obfuscated	obfuscated	obfuscated	obfuscated	obfuscated	obfuscated	packed	packed	packed	obfuscated	obfuscated
corpus_expansion	desync_coreutils_64_O0_pathchk	d2_heavy	obfuscated	131780	47.306726	0.219407	6.317995	0.087513	0.105178	true	obfuscated	obfuscated	obfuscated	obfuscated	obfuscated	obfuscated	packed	packed	packed	obfuscated	obfuscated
corpus_expansion	desync_coreutils_64_O0_pathchk	d3_max	obfuscated	141514	44.797070	0.223638	6.543218	0.086873	0.105178	true	obfuscated	obfuscated	obfuscated	obfuscated	obfuscated	obfuscated	packed	packed	packed	obfuscated	obfuscated
corpus_expansion	desync_coreutils_64_O0_whoami	pilot	obfuscated	37197	22.629183	0.171183	6.013758	0.103641	0.105178	true	obfuscated	obfuscated	obfuscated	obfuscated	obfuscated	obfuscated	packed	packed	packed	obfuscated	obfuscated
corpus_expansion	desync_coreutils_64_O0_whoami	d1_med	obfuscated	51006	27.852634	0.180827	6.098831	0.098616	0.105178	true	obfuscated	obfuscated	obfuscated	obfuscated	obfuscated	obfuscated	packed	packed	packed	obfuscated	obfuscated
corpus_expansion	desync_coreutils_64_O0_whoami	d2_heavy	obfuscated	119057	44.295475	0.212877	6.303714	0.088465	0.105178	true	obfuscated	obfuscated	obfuscated	obfuscated	obfuscated	obfuscated	packed	packed	packed	obfuscated	obfuscated
corpus_expansion	desync_coreutils_64_O0_whoami	d3_max	obfuscated	127180	42.756571	0.212736	6.559480	0.087841	0.105178	true	obfuscated	obfuscated	obfuscated	obfuscated	obfuscated	obfuscated	packed	packed	packed	obfuscated	obfuscated
corpus_expansion	desync_coreutils_64_O0_chown	pilot	obfuscated	100562	26.420989	0.178640	6.080205	0.090159	0.105178	true	obfuscated	obfuscated	obfuscated	obfuscated	obfuscated	obfuscated	packed	packed	packed	obfuscated	obfuscated
corpus_expansion	desync_coreutils_64_O0_chown	d1_med	obfuscated	136852	31.623531	0.185249	6.183182	0.087171	0.105178	true	obfuscated	obfuscated	obfuscated	obfuscated	obfuscated	obfuscated	packed	packed	packed	obfuscated	obfuscated
boundaries_meta	icc_coreutils_64_O0_mknod	clean	benign	21704	0.813947	0.059456	5.628898	0.114278	0.114278	false	benign	benign	benign	benign	benign	benign	benign	benign	benign	benign	benign
boundaries_meta	icc_coreutils_64_O0_logname	clean	benign	17869	0.877168	0.064681	5.610452	0.118878	0.118878	false	benign	benign	benign	benign	benign	benign	benign	benign	benign	benign	benign
boundaries_meta	icc_coreutils_64_O2_getlimits	clean	benign	29374	0.668835	0.085178	6.155853	0.107953	0.107953	false	benign	benign	benign	benign	benign	benign	benign	benign	benign	benign	benign
boundaries_meta	icc_coreutils_64_O0_pwd	clean	benign	21195	0.933439	0.061015	5.581237	0.114816	0.114816	false	benign	benign	benign	benign	benign	benign	benign	benign	benign	benign	benign
boundaries_meta	gcc_coreutils_64_O2_mktemp	clean	benign	20162	0.679832	0.078947	6.162636	0.115969	0.115969	false	benign	benign	benign	benign	benign	benign	benign	benign	benign	benign	benign
boundaries_meta	gcc_coreutils_64_O2_dirname	clean	benign	14582	0.671965	0.088253	6.223370	0.124189	0.124189	false	benign	benign	benign	benign	benign	benign	benign	benign	benign	benign	benign
boundaries_meta	gcc_coreutils_64_O2_vdir	clean	benign	61575	0.592722	0.098739	6.290703	0.095976	0.105178	true	benign	packed	benign	benign	benign	benign	benign	packed	benign	benign	benign
boundaries_meta	icc_coreutils_64_O3_unexpand	clean	benign	24698	0.600878	0.066117	6.289310	0.111460	0.111460	false	benign	benign	benign	benign	benign	benign	benign	benign	benign	benign	benign
boundaries_meta	icc_coreutils_64_O0_pr	clean	benign	41888	1.112455	0.060266	5.779194	0.101657	0.105178	true	benign	benign	benign	benign	benign	benign	benign	benign	benign	benign	benign
boundaries_meta	icc_coreutils_64_O3_numfmt	clean	benign	48776	0.579920	0.064592	6.205231	0.099281	0.105178	true	benign	benign	benign	benign	benign	benign	benign	benign	benign	benign	benign
boundaries_meta	icc_coreutils_64_O0_sha224sum	clean	benign	37285	1.051014	0.040832	5.637531	0.103601	0.105178	true	benign	benign	benign	benign	benign	benign	benign	benign	benign	benign	benign
boundaries_meta	gcc_coreutils_64_O1_tee	clean	benign	14873	0.595258	0.064298	6.199731	0.123649	0.123649	false	benign	benign	benign	benign	benign	benign	benign	benign	benign	benign	benign
boundaries_meta	gcc_coreutils_64_O2_sort	clean	benign	61001	0.658022	0.065909	6.471766	0.096101	0.105178	true	benign	benign	benign	benign	benign	benign	benign	benign	benign	benign	benign
boundaries_meta	icc_coreutils_64_O0_stat	clean	benign	61134	0.810299	0.085764	5.705256	0.096072	0.105178	true	benign	benign	benign	benign	benign	benign	benign	benign	benign	benign	benign
boundaries_meta	icc_coreutils_64_O2_unlink	clean	benign	14590	0.689159	0.094479	6.181740	0.124174	0.124174	false	benign	benign	benign	benign	benign	benign	benign	benign	benign	benign	benign
boundaries_meta	gcc_coreutils_64_O2_runcon	clean	benign	15837	0.666872	0.078084	6.204043	0.121967	0.121967	false	benign	benign	benign	benign	benign	benign	benign	benign	benign	benign	benign
boundaries_meta	icc_coreutils_64_O2_chroot	clean	benign	17356	0.688354	0.077683	6.215405	0.119606	0.119606	false	benign	benign	benign	benign	benign	benign	benign	benign	benign	benign	benign
boundaries_meta	icc_coreutils_64_O1_sha384sum	clean	benign	33619	0.575200	0.040413	6.166215	0.105426	0.105426	false	benign	benign	benign	benign	benign	benign	benign	benign	benign	benign	benign
boundaries_meta	icc_coreutils_64_O1_shred	clean	benign	26752	0.608171	0.034506	6.182940	0.109806	0.109806	false	benign	benign	benign	benign	benign	benign	benign	benign	benign	benign	benign
boundaries_meta	icc_coreutils_64_O3_touch	clean	benign	42929	0.664198	0.103811	6.291241	0.101262	0.105178	true	benign	packed	benign	benign	benign	benign	benign	packed	benign	benign	benign
boundaries_meta	desync_coreutils_64_O0_logname	pilot	obfuscated	37038	21.961265	0.159419	6.012177	0.103715	0.105178	true	obfuscated	obfuscated	obfuscated	obfuscated	obfuscated	obfuscated	packed	packed	packed	obfuscated	obfuscated
boundaries_meta	desync_coreutils_64_O0_logname	d1_med	obfuscated	50633	28.924116	0.181606	6.109685	0.098724	0.105178	true	obfuscated	obfuscated	obfuscated	obfuscated	obfuscated	obfuscated	packed	packed	packed	obfuscated	obfuscated
boundaries_meta	desync_coreutils_64_O0_logname	d2_heavy	obfuscated	118573	43.923278	0.208761	6.273546	0.088504	0.105178	true	obfuscated	obfuscated	obfuscated	obfuscated	obfuscated	obfuscated	packed	packed	packed	obfuscated	obfuscated
boundaries_meta	desync_coreutils_64_O0_logname	d3_max	obfuscated	126777	45.511459	0.220661	6.611280	0.087870	0.105178	true	obfuscated	obfuscated	obfuscated	obfuscated	obfuscated	obfuscated	packed	packed	packed	obfuscated	obfuscated
boundaries_meta	desync_coreutils_64_O0_runcon	pilot	obfuscated	39491	21.956092	0.163940	6.046622	0.102627	0.105178	true	obfuscated	obfuscated	obfuscated	obfuscated	obfuscated	obfuscated	packed	packed	packed	obfuscated	obfuscated
boundaries_meta	desync_coreutils_64_O0_runcon	d1_med	obfuscated	54456	27.475238	0.166264	6.108841	0.097670	0.105178	true	obfuscated	obfuscated	obfuscated	obfuscated	obfuscated	obfuscated	packed	packed	packed	obfuscated	obfuscated
boundaries_meta	desync_coreutils_64_O0_runcon	d2_heavy	obfuscated	127801	44.900905	0.210707	6.290844	0.087795	0.105178	true	obfuscated	obfuscated	obfuscated	obfuscated	obfuscated	obfuscated	packed	packed	packed	obfuscated	obfuscated
boundaries_meta	desync_coreutils_64_O0_runcon	d3_max	obfuscated	136665	43.699582	0.219939	6.539158	0.087183	0.105178	true	obfuscated	obfuscated	obfuscated	obfuscated	obfuscated	obfuscated	packed	packed	packed	obfuscated	obfuscated
boundaries_meta	desync_coreutils_64_O0_make-prime-list	d1_med	obfuscated	6494	31.312056	0.194377	6.011465	0.151585	0.151585	false	obfuscated	obfuscated	obfuscated	obfuscated	obfuscated	obfuscated	packed	packed	packed	obfuscated	obfuscated
boundaries_meta	desync_coreutils_64_O0_make-prime-list	d2_heavy	obfuscated	14593	17.277686	0.226995	6.222478	0.124168	0.124168	false	obfuscated	obfuscated	obfuscated	obfuscated	obfuscated	obfuscated	packed	packed	packed	obfuscated	obfuscated
boundaries_meta	desync_coreutils_64_O0_make-prime-list	d3_max	obfuscated	16435	23.662645	0.221888	6.492326	0.120998	0.120998	false	obfuscated	obfuscated	obfuscated	obfuscated	obfuscated	obfuscated	packed	packed	packed	obfuscated	obfuscated
boundaries_meta	desync_coreutils_64_O0_factor	pilot	obfuscated	176711	25.781015	0.180687	6.086423	0.085019	0.105178	true	obfuscated	obfuscated	obfuscated	obfuscated	obfuscated	obfuscated	packed	packed	packed	obfuscated	obfuscated
boundaries_meta	desync_coreutils_64_O0_od	pilot	obfuscated	184624	21.196562	0.179429	6.186649	0.084677	0.105178	true	obfuscated	obfuscated	obfuscated	obfuscated	obfuscated	obfuscated	packed	packed	packed	obfuscated	obfuscated
boundaries_meta	desync_coreutils_64_O0_env	pilot	obfuscated	55432	24.678791	0.169004	6.037310	0.097419	0.105178	true	obfuscated	obfuscated	obfuscated	obfuscated	obfuscated	obfuscated	packed	packed	packed	obfuscated	obfuscated
boundaries_meta	desync_coreutils_64_O0_env	d1_med	obfuscated	76197	32.597818	0.188725	6.137333	0.093273	0.105178	true	obfuscated	obfuscated	obfuscated	obfuscated	obfuscated	obfuscated	packed	packed	packed	obfuscated	obfuscated
boundaries_meta	desync_coreutils_64_O0_ln	pilot	obfuscated	97707	26.923179	0.183808	6.079331	0.090463	0.105178	true	obfuscated	obfuscated	obfuscated	obfuscated	obfuscated	obfuscated	packed	packed	packed	obfuscated	obfuscated
boundaries_meta	desync_coreutils_64_O0_ln	d1_med	obfuscated	131592	33.095440	0.185873	6.166534	0.087526	0.105178	true	obfuscated	obfuscated	obfuscated	obfuscated	obfuscated	obfuscated	packed	packed	packed	obfuscated	obfuscated
boundaries_meta	desync_coreutils_64_O0_nl	pilot	obfuscated	50635	23.638695	0.167948	6.037030	0.098724	0.105178	true	obfuscated	obfuscated	obfuscated	obfuscated	obfuscated	obfuscated	packed	packed	packed	obfuscated	obfuscated
boundaries_meta	desync_coreutils_64_O0_nl	d1_med	obfuscated	69168	32.189135	0.187996	6.098812	0.094465	0.105178	true	obfuscated	obfuscated	obfuscated	obfuscated	obfuscated	obfuscated	packed	packed	packed	obfuscated	obfuscated
boundaries_meta	desync_coreutils_64_O0_vdir	pilot	obfuscated	209495	23.526381	0.177014	6.089434	0.083731	0.105178	true	obfuscated	obfuscated	obfuscated	obfuscated	obfuscated	obfuscated	packed	packed	packed	obfuscated	obfuscated
boundaries_meta	desync_coreutils_64_O0_pr	pilot	obfuscated	107648	23.701647	0.183605	6.068819	0.089458	0.105178	true	obfuscated	obfuscated	obfuscated	obfuscated	obfuscated	obfuscated	packed	packed	packed	obfuscated	obfuscated
boundaries_meta	desync_coreutils_64_O0_nproc	pilot	obfuscated	41554	23.463287	0.173784	6.066488	0.101787	0.105178	true	obfuscated	obfuscated	obfuscated	obfuscated	obfuscated	obfuscated	packed	packed	packed	obfuscated	obfuscated
boundaries_meta	desync_coreutils_64_O0_nproc	d1_med	obfuscated	56992	31.657690	0.190140	6.126789	0.097030	0.105178	true	obfuscated	obfuscated	obfuscated	obfuscated	obfuscated	obfuscated	packed	packed	packed	obfuscated	obfuscated
boundaries_meta	desync_coreutils_64_O0_nproc	d2_heavy	obfuscated	132209	45.523798	0.215742	6.314196	0.087483	0.105178	true	obfuscated	obfuscated	obfuscated	obfuscated	obfuscated	obfuscated	packed	packed	packed	obfuscated	obfuscated
boundaries_meta	desync_coreutils_64_O0_nproc	d3_max	obfuscated	141563	43.605798	0.221079	6.557337	0.086870	0.105178	true	obfuscated	obfuscated	obfuscated	obfuscated	obfuscated	obfuscated	packed	packed	packed	obfuscated	obfuscated
boundaries_meta	dir_upx_nrv__nrv	nrv	packed	43661	0.996939	0.196423	7.710283	0.100992	0.105178	true	packed	packed	packed	packed	packed	packed	packed	packed	packed	packed	packed
boundaries_meta	ls_upx_nrv__nrv	nrv	packed	43653	0.997579	0.196491	7.710283	0.100995	0.105178	true	packed	packed	packed	packed	packed	packed	packed	packed	packed	packed	packed
boundaries_meta	sha256sum_upx_nrv__nrv	nrv	packed	19523	1.170643	0.204099	7.698607	0.116728	0.116728	false	packed	packed	packed	packed	packed	packed	packed	packed	packed	packed	packed
boundaries_meta	base64_upx_nrv__nrv	nrv	packed	16654	1.078340	0.200008	7.726527	0.120657	0.120657	false	packed	packed	packed	packed	packed	packed	packed	packed	packed	packed	packed
boundaries_meta	sha256sum_upx_lzma__lzma	lzma	packed	18307	1.132377	0.187630	7.846364	0.118280	0.118280	false	packed	packed	packed	packed	packed	packed	packed	packed	packed	packed	packed
boundaries_meta	du_upx_nrv__nrv	nrv	packed	41659	1.052156	0.210597	7.757852	0.101746	0.105178	true	packed	packed	packed	packed	packed	packed	packed	packed	packed	packed	packed
boundaries_meta	base64_upx_lzma__lzma	lzma	packed	16137	1.083181	0.185167	7.835292	0.121474	0.121474	false	packed	packed	packed	packed	packed	packed	packed	packed	packed	packed	packed
boundaries_meta	dir_upx_lzma__lzma	lzma	packed	38341	0.981954	0.184954	7.848441	0.103124	0.105178	true	packed	packed	packed	packed	packed	packed	packed	packed	packed	packed	packed
boundaries_meta	p05_vm_baseline	vmlegit	benign	577	0.511007	0.017808	5.954572	0.345511	0.345511	false	benign	benign	benign	benign	benign	benign	benign	benign	benign	benign	benign
boundaries_meta	p05_vm_virt	vmlegit	benign	2630	0.491396	0.188375	5.364217	0.198639	0.198639	false	packed	benign	benign	benign	benign	benign	packed	benign	benign	packed	benign
boundaries_meta	vmbig	vmlegit	benign	1787	0.515323	0.129709	6.060316	0.226222	0.226222	false	packed	benign	benign	benign	benign	benign	packed	benign	benign	packed	benign
boundaries_meta	p02_insertsort	tigL	obfuscated	2406	0.452046	0.193675	5.751729	0.204529	0.204529	false	packed	benign	benign	benign	benign	benign	packed	benign	benign	packed	benign
boundaries_meta	p02_insertsort	tigM	obfuscated	515	0.381366	0.204449	5.964889	0.361669	0.361669	false	packed	benign	benign	benign	benign	benign	packed	benign	benign	packed	benign
boundaries_meta	p02_insertsort	tigH	obfuscated	535	0.375660	0.226734	5.807527	0.356151	0.356151	false	packed	benign	benign	benign	benign	benign	packed	benign	benign	packed	benign
boundaries_meta	p06_parser	tigL	obfuscated	2407	0.335605	0.118127	5.703983	0.204500	0.204500	false	packed	benign	benign	benign	benign	benign	packed	benign	benign	packed	benign
boundaries_meta	p06_parser	tigM	obfuscated	590	0.307643	0.113876	5.921906	0.342450	0.342450	false	packed	benign	benign	benign	benign	benign	packed	benign	benign	packed	benign
boundaries_meta	p06_parser	tigH	obfuscated	634	0.437838	0.160115	5.794470	0.332799	0.332799	false	packed	benign	benign	benign	benign	benign	packed	benign	benign	packed	benign
boundaries_meta	p05_vm	tigL	obfuscated	2626	0.508071	0.189088	5.369572	0.198737	0.198737	false	packed	benign	benign	benign	benign	benign	packed	benign	benign	packed	benign
boundaries_meta	p05_vm	tigM	obfuscated	733	0.419122	0.037075	6.147391	0.314355	0.314355	false	benign	benign	benign	benign	benign	benign	benign	benign	benign	benign	benign
boundaries_meta	p05_vm	tigH	obfuscated	883	0.408307	0.205019	5.729304	0.292566	0.292566	false	packed	benign	benign	benign	benign	benign	packed	benign	benign	packed	benign
boundaries_meta	p01_statemachine	tigL	obfuscated	1932	0.497878	0.209367	5.769774	0.220216	0.220216	false	packed	benign	benign	benign	benign	benign	packed	benign	benign	packed	benign
boundaries_meta	p01_statemachine	tigM	obfuscated	519	0.386334	0.098203	5.943499	0.360540	0.360540	false	benign	benign	benign	benign	benign	benign	benign	benign	benign	benign	benign
boundaries_meta	p01_statemachine	tigH	obfuscated	581	0.388826	0.293424	5.777229	0.344558	0.344558	false	packed	benign	benign	benign	benign	benign	packed	benign	benign	packed	benign
boundaries_meta	p10_collatz	tigL	obfuscated	1408	0.400421	0.143525	5.938856	0.246094	0.246094	false	packed	benign	benign	benign	benign	benign	packed	benign	benign	packed	benign
boundaries_meta	p10_collatz	tigM	obfuscated	428	0.375623	0.039783	5.865909	0.390017	0.390017	false	benign	benign	benign	benign	benign	benign	benign	benign	benign	benign	benign
boundaries_meta	p10_collatz	tigH	obfuscated	524	0.400573	0.251160	5.649499	0.359146	0.359146	false	packed	benign	benign	benign	benign	benign	packed	benign	benign	packed	benign
boundaries_meta	p09_matmul	tigL	obfuscated	2334	0.456193	0.134714	5.846332	0.206600	0.206600	false	packed	benign	benign	benign	benign	benign	packed	benign	benign	packed	benign
boundaries_meta	p09_matmul	tigM	obfuscated	725	0.310842	-0.026607	6.161897	0.315703	0.315703	false	benign	benign	benign	benign	benign	benign	benign	benign	benign	benign	benign
boundaries_meta	p09_matmul	tigH	obfuscated	788	0.431664	0.142244	5.767558	0.305645	0.305645	false	packed	benign	benign	benign	benign	benign	packed	benign	benign	packed	benign
boundaries_meta	p12_modpow	tigL	obfuscated	1972	0.460092	0.163082	5.716258	0.218677	0.218677	false	packed	benign	benign	benign	benign	benign	packed	benign	benign	packed	benign
boundaries_meta	p12_modpow	tigM	obfuscated	661	0.658970	0.177272	5.873001	0.327360	0.327360	false	packed	benign	benign	benign	benign	benign	packed	benign	benign	packed	benign
boundaries_meta	p12_modpow	tigH	obfuscated	566	0.346473	0.285359	5.806700	0.348183	0.348183	false	packed	benign	benign	benign	benign	benign	packed	benign	benign	packed	benign
boundaries_meta	p08_binsearch	tigL	obfuscated	2015	0.439118	0.145787	5.653794	0.217074	0.217074	false	packed	benign	benign	benign	benign	benign	packed	benign	benign	packed	benign
boundaries_meta	p08_binsearch	tigM	obfuscated	535	0.366135	0.239070	5.988457	0.356151	0.356151	false	packed	benign	benign	benign	benign	benign	packed	benign	benign	packed	benign
boundaries_meta	p08_binsearch	tigH	obfuscated	637	0.393238	0.228827	5.854835	0.332177	0.332177	false	packed	benign	benign	benign	benign	benign	packed	benign	benign	packed	benign
boundaries_meta	p07_crc	tigL	obfuscated	1556	0.437063	0.167753	5.785599	0.237472	0.237472	false	packed	benign	benign	benign	benign	benign	packed	benign	benign	packed	benign
boundaries_meta	p07_crc	tigM	obfuscated	456	0.661877	0.274354	6.044043	0.380012	0.380012	false	packed	benign	benign	benign	benign	benign	packed	benign	benign	packed	benign
boundaries_meta	p07_crc	tigH	obfuscated	502	0.403045	0.151281	5.786890	0.365431	0.365431	false	packed	benign	benign	benign	benign	benign	packed	benign	benign	packed	benign
abstention_guard	icc_coreutils_64_O0_mknod	clean	benign	21704	0.813947	0.059456	5.628898	0.114278	0.114278	false	benign	benign	benign	benign	benign	benign	benign	benign	benign	benign	benign
abstention_guard	icc_coreutils_64_O0_logname	clean	benign	17869	0.877168	0.064681	5.610452	0.118878	0.118878	false	benign	benign	benign	benign	benign	benign	benign	benign	benign	benign	benign
abstention_guard	icc_coreutils_64_O2_getlimits	clean	benign	29374	0.668835	0.085178	6.155853	0.107953	0.107953	false	benign	benign	benign	benign	benign	benign	benign	benign	benign	benign	benign
abstention_guard	icc_coreutils_64_O0_pwd	clean	benign	21195	0.933439	0.061015	5.581237	0.114816	0.114816	false	benign	benign	benign	benign	benign	benign	benign	benign	benign	benign	benign
abstention_guard	gcc_coreutils_64_O2_mktemp	clean	benign	20162	0.679832	0.078947	6.162636	0.115969	0.115969	false	benign	benign	benign	benign	benign	benign	benign	benign	benign	benign	benign
abstention_guard	gcc_coreutils_64_O2_dirname	clean	benign	14582	0.671965	0.088253	6.223370	0.124189	0.124189	false	benign	benign	benign	benign	benign	benign	benign	benign	benign	benign	benign
abstention_guard	gcc_coreutils_64_O2_vdir	clean	benign	61575	0.592722	0.098739	6.290703	0.095976	0.105178	true	benign	packed	benign	benign	benign	benign	benign	packed	benign	benign	benign
abstention_guard	icc_coreutils_64_O3_unexpand	clean	benign	24698	0.600878	0.066117	6.289310	0.111460	0.111460	false	benign	benign	benign	benign	benign	benign	benign	benign	benign	benign	benign
abstention_guard	icc_coreutils_64_O0_pr	clean	benign	41888	1.112455	0.060266	5.779194	0.101657	0.105178	true	benign	benign	benign	benign	benign	benign	benign	benign	benign	benign	benign
abstention_guard	icc_coreutils_64_O3_numfmt	clean	benign	48776	0.579920	0.064592	6.205231	0.099281	0.105178	true	benign	benign	benign	benign	benign	benign	benign	benign	benign	benign	benign
abstention_guard	icc_coreutils_64_O0_sha224sum	clean	benign	37285	1.051014	0.040832	5.637531	0.103601	0.105178	true	benign	benign	benign	benign	benign	benign	benign	benign	benign	benign	benign
abstention_guard	gcc_coreutils_64_O1_tee	clean	benign	14873	0.595258	0.064298	6.199731	0.123649	0.123649	false	benign	benign	benign	benign	benign	benign	benign	benign	benign	benign	benign
abstention_guard	gcc_coreutils_64_O2_sort	clean	benign	61001	0.658022	0.065909	6.471766	0.096101	0.105178	true	benign	benign	benign	benign	benign	benign	benign	benign	benign	benign	benign
abstention_guard	icc_coreutils_64_O0_stat	clean	benign	61134	0.810299	0.085764	5.705256	0.096072	0.105178	true	benign	benign	benign	benign	benign	benign	benign	benign	benign	benign	benign
abstention_guard	icc_coreutils_64_O2_unlink	clean	benign	14590	0.689159	0.094479	6.181740	0.124174	0.124174	false	benign	benign	benign	benign	benign	benign	benign	benign	benign	benign	benign
abstention_guard	gcc_coreutils_64_O2_runcon	clean	benign	15837	0.666872	0.078084	6.204043	0.121967	0.121967	false	benign	benign	benign	benign	benign	benign	benign	benign	benign	benign	benign
abstention_guard	icc_coreutils_64_O2_chroot	clean	benign	17356	0.688354	0.077683	6.215405	0.119606	0.119606	false	benign	benign	benign	benign	benign	benign	benign	benign	benign	benign	benign
abstention_guard	icc_coreutils_64_O1_sha384sum	clean	benign	33619	0.575200	0.040413	6.166215	0.105426	0.105426	false	benign	benign	benign	benign	benign	benign	benign	benign	benign	benign	benign
abstention_guard	icc_coreutils_64_O1_shred	clean	benign	26752	0.608171	0.034506	6.182940	0.109806	0.109806	false	benign	benign	benign	benign	benign	benign	benign	benign	benign	benign	benign
abstention_guard	icc_coreutils_64_O3_touch	clean	benign	42929	0.664198	0.103811	6.291241	0.101262	0.105178	true	benign	packed	benign	benign	benign	benign	benign	packed	benign	benign	benign
abstention_guard	desync_coreutils_64_O0_logname	pilot	obfuscated	37038	21.961265	0.159419	6.012177	0.103715	0.105178	true	obfuscated	obfuscated	obfuscated	obfuscated	obfuscated	obfuscated	packed	packed	packed	obfuscated	obfuscated
abstention_guard	desync_coreutils_64_O0_logname	d1_med	obfuscated	50633	28.924116	0.181606	6.109685	0.098724	0.105178	true	obfuscated	obfuscated	obfuscated	obfuscated	obfuscated	obfuscated	packed	packed	packed	obfuscated	obfuscated
abstention_guard	desync_coreutils_64_O0_logname	d2_heavy	obfuscated	118573	43.923278	0.208761	6.273546	0.088504	0.105178	true	obfuscated	obfuscated	obfuscated	obfuscated	obfuscated	obfuscated	packed	packed	packed	obfuscated	obfuscated
abstention_guard	desync_coreutils_64_O0_logname	d3_max	obfuscated	126777	45.511459	0.220661	6.611280	0.087870	0.105178	true	obfuscated	obfuscated	obfuscated	obfuscated	obfuscated	obfuscated	packed	packed	packed	obfuscated	obfuscated
abstention_guard	desync_coreutils_64_O0_runcon	pilot	obfuscated	39491	21.956092	0.163940	6.046622	0.102627	0.105178	true	obfuscated	obfuscated	obfuscated	obfuscated	obfuscated	obfuscated	packed	packed	packed	obfuscated	obfuscated
abstention_guard	desync_coreutils_64_O0_runcon	d1_med	obfuscated	54456	27.475238	0.166264	6.108841	0.097670	0.105178	true	obfuscated	obfuscated	obfuscated	obfuscated	obfuscated	obfuscated	packed	packed	packed	obfuscated	obfuscated
abstention_guard	desync_coreutils_64_O0_runcon	d2_heavy	obfuscated	127801	44.900905	0.210707	6.290844	0.087795	0.105178	true	obfuscated	obfuscated	obfuscated	obfuscated	obfuscated	obfuscated	packed	packed	packed	obfuscated	obfuscated
abstention_guard	desync_coreutils_64_O0_runcon	d3_max	obfuscated	136665	43.699582	0.219939	6.539158	0.087183	0.105178	true	obfuscated	obfuscated	obfuscated	obfuscated	obfuscated	obfuscated	packed	packed	packed	obfuscated	obfuscated
abstention_guard	desync_coreutils_64_O0_make-prime-list	d1_med	obfuscated	6494	31.312056	0.194377	6.011465	0.151585	0.151585	false	obfuscated	obfuscated	obfuscated	obfuscated	obfuscated	obfuscated	packed	packed	packed	obfuscated	obfuscated
abstention_guard	desync_coreutils_64_O0_make-prime-list	d2_heavy	obfuscated	14593	17.277686	0.226995	6.222478	0.124168	0.124168	false	obfuscated	obfuscated	obfuscated	obfuscated	obfuscated	obfuscated	packed	packed	packed	obfuscated	obfuscated
abstention_guard	desync_coreutils_64_O0_make-prime-list	d3_max	obfuscated	16435	23.662645	0.221888	6.492326	0.120998	0.120998	false	obfuscated	obfuscated	obfuscated	obfuscated	obfuscated	obfuscated	packed	packed	packed	obfuscated	obfuscated
abstention_guard	desync_coreutils_64_O0_factor	pilot	obfuscated	176711	25.781015	0.180687	6.086423	0.085019	0.105178	true	obfuscated	obfuscated	obfuscated	obfuscated	obfuscated	obfuscated	packed	packed	packed	obfuscated	obfuscated
wild_debian	apt__apt	-	benign	2128	0.506146	0.137709	5.665572	0.213095	0.213095	false	packed	benign	benign	benign	benign	benign	packed	benign	benign	packed	benign
wild_debian	apt__apt-cache	-	benign	50095	0.882866	0.080446	5.932358	0.098882	0.105178	true	benign	benign	benign	benign	benign	benign	benign	benign	benign	benign	benign
wild_debian	apt__apt-cdrom	-	benign	6141	0.948315	0.137960	5.764966	0.153918	0.153918	false	packed	benign	benign	benign	benign	benign	packed	benign	benign	packed	benign
wild_debian	apt__apt-config	-	benign	7988	0.624971	0.077880	5.936438	0.143485	0.143485	false	benign	benign	benign	benign	benign	benign	benign	benign	benign	benign	benign
wild_debian	apt__apt-get	-	benign	17327	0.786876	0.069096	6.088539	0.119648	0.119648	false	benign	benign	benign	benign	benign	benign	benign	benign	benign	benign	benign
wild_debian	apt__apt-mark	-	benign	25558	0.657738	0.050531	6.118369	0.110743	0.110743	false	benign	benign	benign	benign	benign	benign	benign	benign	benign	benign	benign
wild_debian	aria2__aria2c	-	benign	1044	0.364221	0.243311	5.598884	0.274625	0.274625	false	packed	benign	benign	benign	benign	benign	packed	benign	benign	packed	benign
wild_debian	at__at	-	benign	21646	0.592162	0.076841	6.155466	0.114339	0.114339	false	benign	benign	benign	benign	benign	benign	benign	benign	benign	benign	benign
wild_debian	at__atd	-	benign	7274	0.529397	0.041295	5.715189	0.147044	0.147044	false	benign	benign	benign	benign	benign	benign	benign	benign	benign	benign	benign
wild_debian	bash__clear_console	-	benign	1700	0.546432	0.188826	5.732174	0.230189	0.230189	false	packed	benign	benign	benign	benign	benign	packed	benign	benign	packed	benign
wild_debian	bc__bc	-	benign	44941	0.517617	0.081751	6.323209	0.100536	0.105178	true	benign	benign	benign	benign	benign	benign	benign	benign	benign	benign	benign
wild_debian	binutils-multiarch__x86_64-linux-gnu-addr2line	-	benign	5844	0.554646	0.061049	5.990701	0.156044	0.156044	false	benign	benign	benign	benign	benign	benign	benign	benign	benign	benign	benign
wild_debian	binutils-multiarch__x86_64-linux-gnu-ar	-	benign	20340	0.595652	0.073459	6.052146	0.115764	0.115764	false	benign	benign	benign	benign	benign	benign	benign	benign	benign	benign	benign
wild_debian	binutils-multiarch__x86_64-linux-gnu-gprof	-	benign	63919	0.571395	0.050647	6.124035	0.095481	0.105178	true	benign	benign	benign	benign	benign	benign	benign	benign	benign	benign	benign
wild_debian	binutils-multiarch__x86_64-linux-gnu-nm	-	benign	15135	0.523699	0.059330	6.044257	0.123176	0.123176	false	benign	benign	benign	benign	benign	benign	benign	benign	benign	benign	benign
wild_debian	binutils-multiarch__x86_64-linux-gnu-objcopy	-	benign	81232	0.586278	0.044181	6.249388	0.092516	0.105178	true	benign	benign	benign	benign	benign	benign	benign	benign	benign	benign	benign
wild_debian	binutils-multiarch__x86_64-linux-gnu-objdump	-	benign	196467	0.632942	0.071703	6.476370	0.084204	0.105178	true	benign	benign	benign	benign	benign	benign	benign	benign	benign	benign	benign
wild_debian	binutils-multiarch__x86_64-linux-gnu-ranlib	-	benign	20342	0.594352	0.073312	6.056175	0.115762	0.115762	false	benign	benign	benign	benign	benign	benign	benign	benign	benign	benign	benign
wild_debian	binutils-multiarch__x86_64-linux-gnu-size	-	benign	6076	0.582712	0.099445	5.921425	0.154370	0.154370	false	benign	benign	benign	benign	benign	benign	benign	benign	benign	benign	benign
wild_debian	binutils-multiarch__x86_64-linux-gnu-strings	-	benign	9259	0.633043	0.022869	6.227250	0.138200	0.138200	false	benign	benign	benign	benign	benign	benign	benign	benign	benign	benign	benign
wild_debian	binutils-multiarch__x86_64-linux-gnu-strip	-	benign	81218	0.586931	0.043644	6.249388	0.092518	0.105178	true	benign	benign	benign	benign	benign	benign	benign	benign	benign	benign	benign
wild_debian	boinc-client__boinccmd	-	benign	11925	0.484958	0.033743	5.918308	0.130004	0.130004	false	benign	benign	benign	benign	benign	benign	benign	benign	benign	benign	benign
wild_debian	bsdutils__logger	-	benign	21948	0.513334	0.071329	6.036356	0.114027	0.114027	false	benign	benign	benign	benign	benign	benign	benign	benign	benign	benign	benign
wild_debian	bsdutils__renice	-	benign	2111	0.429007	0.021507	5.813206	0.213673	0.213673	false	benign	benign	benign	benign	benign	benign	benign	benign	benign	benign	benign
wild_debian	bsdutils__script	-	benign	32418	0.579206	0.080479	6.079315	0.106090	0.106090	false	benign	benign	benign	benign	benign	benign	benign	benign	benign	benign	benign
wild_debian	bsdutils__scriptlive	-	benign	26557	0.552638	0.078246	6.065989	0.109955	0.109955	false	benign	benign	benign	benign	benign	benign	benign	benign	benign	benign	benign
wild_debian	bsdutils__scriptreplay	-	benign	18078	0.554075	0.075684	6.030260	0.118590	0.118590	false	benign	benign	benign	benign	benign	benign	benign	benign	benign	benign	benign
wild_debian	bsdutils__wall	-	benign	13523	0.537230	0.072598	6.040232	0.126300	0.126300	false	benign	benign	benign	benign	benign	benign	benign	benign	benign	benign	benign
wild_debian	btrfs-progs__btrfs-find-root	-	benign	228609	0.669795	0.063048	6.521521	0.083111	0.105178	true	benign	benign	benign	benign	benign	benign	benign	benign	benign	benign	benign
wild_debian	btrfs-progs__btrfs-map-logical	-	benign	228902	0.671776	0.063853	6.520735	0.083103	0.105178	true	benign	benign	benign	benign	benign	benign	benign	benign	benign	benign	benign
wild_debian	btrfs-progs__btrfs-select-super	-	benign	227129	0.669541	0.064771	6.512234	0.083157	0.105178	true	benign	benign	benign	benign	benign	benign	benign	benign	benign	benign	benign
wild_debian	btrfs-progs__btrfstune	-	benign	234455	0.665731	0.058068	6.482109	0.082937	0.105178	true	benign	benign	benign	benign	benign	benign	benign	benign	benign	benign	benign
wild_debian	bzip2__bunzip2	-	benign	12088	0.582539	0.048088	6.107356	0.129593	0.129593	false	benign	benign	benign	benign	benign	benign	benign	benign	benign	benign	benign
wild_debian	bzip2__bzip2recover	-	benign	3038	0.424408	0.040181	6.021794	0.189636	0.189636	false	benign	benign	benign	benign	benign	benign	benign	benign	benign	benign	benign
wild_debian	capnproto__capnp	-	benign	76472	0.572886	0.078661	6.068550	0.093230	0.105178	true	benign	benign	benign	benign	benign	benign	benign	benign	benign	benign	benign
wild_debian	capnproto__capnpc-capnp	-	benign	79480	0.560174	0.070820	6.126173	0.092771	0.105178	true	benign	benign	benign	benign	benign	benign	benign	benign	benign	benign	benign
wild_debian	ceph-common__ceph-authtool	-	benign	95368	0.675406	0.069045	6.139271	0.090721	0.105178	true	benign	benign	benign	benign	benign	benign	benign	benign	benign	benign	benign
wild_debian	ceph-common__ceph-conf	-	benign	93589	0.681784	0.067194	6.128988	0.090925	0.105178	true	benign	benign	benign	benign	benign	benign	benign	benign	benign	benign	benign
wild_debian	ceph-common__ceph-dencoder	-	benign	37148	0.692068	0.095785	6.074346	0.103664	0.105178	true	benign	benign	benign	benign	benign	benign	benign	benign	benign	benign	benign
wild_debian	ceph-common__mount.ceph	-	benign	99864	0.692250	0.069186	6.200176	0.090232	0.105178	true	benign	benign	benign	benign	benign	benign	benign	benign	benign	benign	benign
wild_debian	ceph-common__rbd-replay	-	benign	210658	0.658996	0.094717	6.176013	0.083691	0.105178	true	benign	packed	benign	benign	benign	benign	benign	packed	benign	benign	benign
wild_debian	ceph-common__rbd-replay-prep	-	benign	89617	0.624123	0.084517	6.070665	0.091400	0.105178	true	benign	benign	benign	benign	benign	benign	benign	benign	benign	benign	benign
wild_debian	clang-14__clang	-	benign	61452	0.589969	0.048523	6.138285	0.096003	0.105178	true	benign	benign	benign	benign	benign	benign	benign	benign	benign	benign	benign
wild_debian	coreutils__[	-	benign	32384	0.536818	0.066232	6.075485	0.106110	0.106110	false	benign	benign	benign	benign	benign	benign	benign	benign	benign	benign	benign
wild_debian	coreutils__arch	-	benign	14474	0.569788	0.090223	6.045640	0.124394	0.124394	false	benign	benign	benign	benign	benign	benign	benign	benign	benign	benign	benign
wild_debian	coreutils__b2sum	-	benign	29063	0.566623	0.073789	6.054905	0.108160	0.108160	false	benign	benign	benign	benign	benign	benign	benign	benign	benign	benign	benign
wild_debian	coreutils__base32	-	benign	18673	0.540727	0.093822	6.117932	0.117797	0.117797	false	benign	benign	benign	benign	benign	benign	benign	benign	benign	benign	benign
wild_debian	coreutils__base64	-	benign	18392	0.550596	0.090064	6.174972	0.118167	0.118167	false	benign	benign	benign	benign	benign	benign	benign	benign	benign	benign	benign
wild_debian	coreutils__basename	-	benign	14538	0.559369	0.099475	6.055817	0.124272	0.124272	false	benign	benign	benign	benign	benign	benign	benign	benign	benign	benign	benign
wild_debian	coreutils__basenc	-	benign	23517	0.531677	0.113532	6.211647	0.112507	0.112507	false	packed	packed	packed	benign	benign	benign	packed	packed	packed	packed	benign
wild_debian	coreutils__cat	-	benign	17238	0.551513	0.090005	6.044592	0.119778	0.119778	false	benign	benign	benign	benign	benign	benign	benign	benign	benign	benign	benign
wild_debian	coreutils__chcon	-	benign	34508	0.733552	0.073351	6.086372	0.104957	0.105178	true	benign	benign	benign	benign	benign	benign	benign	benign	benign	benign	benign
wild_debian	coreutils__chgrp	-	benign	33920	0.608443	0.087024	6.194356	0.105265	0.105265	false	benign	benign	benign	benign	benign	benign	benign	benign	benign	benign	benign
wild_debian	coreutils__chmod	-	benign	32480	0.572731	0.061609	6.130307	0.106055	0.106055	false	benign	benign	benign	benign	benign	benign	benign	benign	benign	benign	benign
wild_debian	coreutils__chown	-	benign	35416	0.599151	0.084931	6.176939	0.104496	0.105178	true	benign	benign	benign	benign	benign	benign	benign	benign	benign	benign	benign
wild_debian	coreutils__chroot	-	benign	20008	0.531561	0.075260	6.091257	0.116149	0.116149	false	benign	benign	benign	benign	benign	benign	benign	benign	benign	benign	benign
wild_debian	coreutils__cksum	-	benign	85987	0.537995	0.017559	6.415696	0.091863	0.105178	true	benign	benign	benign	benign	benign	benign	benign	benign	benign	benign	benign
wild_debian	coreutils__comm	-	benign	18210	0.528239	0.104114	6.122233	0.118411	0.118411	false	benign	benign	benign	benign	benign	benign	benign	benign	benign	benign	benign
wild_debian	coreutils__cp	-	benign	84620	0.794759	0.084326	6.131977	0.092045	0.105178	true	benign	benign	benign	benign	benign	benign	benign	benign	benign	benign	benign
wild_debian	coreutils__csplit	-	benign	77998	0.611300	0.061830	6.364078	0.092994	0.105178	true	benign	benign	benign	benign	benign	benign	benign	benign	benign	benign	benign
wild_debian	coreutils__cut	-	benign	19802	0.504727	0.079619	6.035182	0.116392	0.116392	false	benign	benign	benign	benign	benign	benign	benign	benign	benign	benign	benign
wild_debian	coreutils__date	-	benign	65823	0.527696	0.069217	6.308204	0.095098	0.105178	true	benign	benign	benign	benign	benign	benign	benign	benign	benign	benign	benign
wild_debian	coreutils__dd	-	benign	46789	0.531976	0.055420	6.154862	0.099912	0.105178	true	benign	benign	benign	benign	benign	benign	benign	benign	benign	benign	benign
wild_debian	coreutils__df	-	benign	54845	0.524873	0.062730	6.169723	0.097569	0.105178	true	benign	benign	benign	benign	benign	benign	benign	benign	benign	benign	benign
wild_debian	coreutils__dir	-	benign	78527	0.542649	0.090069	6.161897	0.092914	0.105178	true	benign	benign	benign	benign	benign	benign	benign	benign	benign	benign	benign
wild_debian	coreutils__dircolors	-	benign	18274	0.537306	0.093345	6.053059	0.118324	0.118324	false	benign	benign	benign	benign	benign	benign	benign	benign	benign	benign	benign
wild_debian	coreutils__dirname	-	benign	14323	0.560389	0.093256	6.079328	0.124684	0.124684	false	benign	benign	benign	benign	benign	benign	benign	benign	benign	benign	benign
wild_debian	coreutils__du	-	benign	112841	0.605385	0.059462	6.324103	0.088988	0.105178	true	benign	benign	benign	benign	benign	benign	benign	benign	benign	benign	benign
wild_debian	coreutils__echo	-	benign	15095	0.534396	0.095906	6.102765	0.123247	0.123247	false	benign	benign	benign	benign	benign	benign	benign	benign	benign	benign	benign
wild_debian	coreutils__env	-	benign	20177	0.541778	0.076617	6.037003	0.115952	0.115952	false	benign	benign	benign	benign	benign	benign	benign	benign	benign	benign	benign
wild_debian	coreutils__expand	-	benign	16674	0.530898	0.087435	6.087624	0.120626	0.120626	false	benign	benign	benign	benign	benign	benign	benign	benign	benign	benign	benign
wild_debian	coreutils__expr	-	benign	77311	0.649509	0.060916	6.346956	0.093099	0.105178	true	benign	benign	benign	benign	benign	benign	benign	benign	benign	benign	benign
wild_debian	coreutils__factor	-	benign	36572	0.582191	0.066906	6.102406	0.103934	0.105178	true	benign	benign	benign	benign	benign	benign	benign	benign	benign	benign	benign
wild_debian	coreutils__false	-	benign	13660	0.529437	0.093210	6.064457	0.126013	0.126013	false	benign	benign	benign	benign	benign	benign	benign	benign	benign	benign	benign
wild_debian	coreutils__fmt	-	benign	19970	0.530522	0.093260	6.188558	0.116193	0.116193	false	benign	benign	benign	benign	benign	benign	benign	benign	benign	benign	benign
wild_debian	coreutils__fold	-	benign	16570	0.549975	0.093040	6.092788	0.120787	0.120787	false	benign	benign	benign	benign	benign	benign	benign	benign	benign	benign	benign
wild_debian	coreutils__groups	-	benign	15404	0.540184	0.091713	6.045288	0.122703	0.122703	false	benign	benign	benign	benign	benign	benign	benign	benign	benign	benign	benign
wild_debian	coreutils__head	-	benign	21130	0.545970	0.074767	6.063520	0.114886	0.114886	false	benign	benign	benign	benign	benign	benign	benign	benign	benign	benign	benign
wild_debian	coreutils__hostid	-	benign	14298	0.563676	0.112123	6.019643	0.124732	0.124732	false	packed	benign	benign	benign	benign	benign	packed	benign	benign	packed	benign
wild_debian	coreutils__id	-	benign	20402	0.515592	0.085554	6.025108	0.115694	0.115694	false	benign	benign	benign	benign	benign	benign	benign	benign	benign	benign	benign
wild_debian	coreutils__install	-	benign	90915	0.760355	0.082009	6.162497	0.091241	0.105178	true	benign	benign	benign	benign	benign	benign	benign	benign	benign	benign	benign
wild_debian	coreutils__join	-	benign	24748	0.546019	0.108456	6.201379	0.111417	0.111417	false	packed	benign	benign	benign	benign	benign	packed	benign	benign	packed	benign
wild_debian	coreutils__link	-	benign	14532	0.550059	0.098278	6.031614	0.124283	0.124283	false	benign	benign	benign	benign	benign	benign	benign	benign	benign	benign	benign
wild_debian	coreutils__ln	-	benign	33153	0.586998	0.075540	6.079201	0.105680	0.105680	false	benign	benign	benign	benign	benign	benign	benign	benign	benign	benign	benign
wild_debian	coreutils__logname	-	benign	14349	0.561109	0.099210	5.982415	0.124633	0.124633	false	benign	benign	benign	benign	benign	benign	benign	benign	benign	benign	benign
wild_debian	coreutils__ls	-	benign	78527	0.542649	0.090069	6.161897	0.092914	0.105178	true	benign	benign	benign	benign	benign	benign	benign	benign	benign	benign	benign
wild_debian	coreutils__md5sum	-	benign	22632	0.540349	0.078964	6.439028	0.113345	0.113345	false	benign	benign	benign	benign	benign	benign	benign	benign	benign	benign	benign
wild_debian	coreutils__mkdir	-	benign	50822	0.547259	0.061839	6.099167	0.098670	0.105178	true	benign	benign	benign	benign	benign	benign	benign	benign	benign	benign	benign
wild_debian	coreutils__mkfifo	-	benign	34992	0.622802	0.077761	6.108931	0.104709	0.105178	true	benign	benign	benign	benign	benign	benign	benign	benign	benign	benign	benign
wild_debian	coreutils__mknod	-	benign	36970	0.570953	0.072906	6.127515	0.103747	0.105178	true	benign	benign	benign	benign	benign	benign	benign	benign	benign	benign	benign
wild_debian	coreutils__mktemp	-	benign	16410	0.526274	0.086946	6.062072	0.121038	0.121038	false	benign	benign	benign	benign	benign	benign	benign	benign	benign	benign	benign
wild_debian	coreutils__mv	-	benign	84871	0.790494	0.081908	6.139548	0.092012	0.105178	true	benign	benign	benign	benign	benign	benign	benign	benign	benign	benign	benign
wild_debian	coreutils__nice	-	benign	15610	0.548872	0.086720	6.043797	0.122349	0.122349	false	benign	benign	benign	benign	benign	benign	benign	benign	benign	benign	benign
wild_debian	coreutils__nl	-	benign	72429	0.612131	0.057891	6.312822	0.093891	0.105178	true	benign	benign	benign	benign	benign	benign	benign	benign	benign	benign	benign
wild_debian	coreutils__nohup	-	benign	16662	0.535031	0.074822	6.063894	0.120644	0.120644	false	benign	benign	benign	benign	benign	benign	benign	benign	benign	benign	benign
wild_debian	coreutils__nproc	-	benign	15756	0.533342	0.094185	6.068057	0.122102	0.122102	false	benign	benign	benign	benign	benign	benign	benign	benign	benign	benign	benign
wild_debian	coreutils__numfmt	-	benign	29941	0.593102	0.091326	6.103408	0.107585	0.107585	false	benign	benign	benign	benign	benign	benign	benign	benign	benign	benign	benign
wild_debian	coreutils__od	-	benign	40230	0.508048	0.054215	6.310698	0.102319	0.105178	true	benign	benign	benign	benign	benign	benign	benign	benign	benign	benign	benign
wild_debian	coreutils__paste	-	benign	16371	0.565068	0.091347	6.018403	0.121099	0.121099	false	benign	benign	benign	benign	benign	benign	benign	benign	benign	benign	benign
wild_debian	coreutils__pathchk	-	benign	15055	0.552925	0.080156	6.061733	0.123319	0.123319	false	benign	benign	benign	benign	benign	benign	benign	benign	benign	benign	benign
wild_debian	coreutils__pinky	-	benign	17909	0.524307	0.085603	6.103615	0.118822	0.118822	false	benign	benign	benign	benign	benign	benign	benign	benign	benign	benign	benign
wild_debian	coreutils__pr	-	benign	41126	0.518260	0.064113	6.250041	0.101956	0.105178	true	benign	benign	benign	benign	benign	benign	benign	benign	benign	benign	benign
wild_debian	coreutils__printenv	-	benign	13996	0.523902	0.092503	6.060159	0.125328	0.125328	false	benign	benign	benign	benign	benign	benign	benign	benign	benign	benign	benign
wild_debian	coreutils__printf	-	benign	32046	0.565780	0.085755	6.089136	0.106304	0.106304	false	benign	benign	benign	benign	benign	benign	benign	benign	benign	benign	benign
wild_debian	coreutils__ptx	-	benign	91505	0.592144	0.057140	6.349890	0.091170	0.105178	true	benign	benign	benign	benign	benign	benign	benign	benign	benign	benign	benign
wild_debian	coreutils__pwd	-	benign	15613	0.551949	0.095716	6.066950	0.122343	0.122343	false	benign	benign	benign	benign	benign	benign	benign	benign	benign	benign	benign
wild_debian	coreutils__readlink	-	benign	21718	0.509387	0.090860	6.084703	0.114264	0.114264	false	benign	benign	benign	benign	benign	benign	benign	benign	benign	benign	benign
wild_debian	coreutils__realpath	-	benign	22678	0.504104	0.088165	6.061826	0.113300	0.113300	false	benign	benign	benign	benign	benign	benign	benign	benign	benign	benign	benign
wild_debian	coreutils__rm	-	benign	34833	0.570208	0.076556	6.175883	0.104790	0.105178	true	benign	benign	benign	benign	benign	benign	benign	benign	benign	benign	benign
wild_debian	coreutils__rmdir	-	benign	27030	0.542480	0.065678	6.074451	0.109597	0.109597	false	benign	benign	benign	benign	benign	benign	benign	benign	benign	benign	benign
wild_debian	coreutils__runcon	-	benign	15843	0.594802	0.094231	6.115183	0.121957	0.121957	false	benign	benign	benign	benign	benign	benign	benign	benign	benign	benign	benign
wild_debian	coreutils__seq	-	benign	31266	0.579189	0.069779	6.105740	0.106763	0.106763	false	benign	benign	benign	benign	benign	benign	benign	benign	benign	benign	benign
wild_debian	coreutils__sha1sum	-	benign	25550	0.556779	0.073725	6.253653	0.110750	0.110750	false	benign	benign	benign	benign	benign	benign	benign	benign	benign	benign	benign
wild_debian	coreutils__sha224sum	-	benign	31413	0.547853	0.044685	6.273207	0.106675	0.106675	false	benign	benign	benign	benign	benign	benign	benign	benign	benign	benign	benign
wild_debian	coreutils__sha256sum	-	benign	31408	0.545463	0.044942	6.273207	0.106678	0.106678	false	benign	benign	benign	benign	benign	benign	benign	benign	benign	benign	benign
wild_debian	coreutils__sha384sum	-	benign	35850	0.554227	0.033413	6.143620	0.104282	0.105178	true	benign	benign	benign	benign	benign	benign	benign	benign	benign	benign	benign
wild_debian	coreutils__sha512sum	-	benign	35851	0.554290	0.033617	6.143620	0.104281	0.105178	true	benign	benign	benign	benign	benign	benign	benign	benign	benign	benign	benign
wild_debian	coreutils__shred	-	benign	29519	0.518859	0.071166	6.093527	0.107858	0.107858	false	benign	benign	benign	benign	benign	benign	benign	benign	benign	benign	benign
wild_debian	coreutils__shuf	-	benign	28076	0.527730	0.083781	6.091464	0.108838	0.108838	false	benign	benign	benign	benign	benign	benign	benign	benign	benign	benign	benign
wild_debian	coreutils__sleep	-	benign	15642	0.548135	0.100337	6.010075	0.122294	0.122294	false	benign	benign	benign	benign	benign	benign	benign	benign	benign	benign	benign
wild_debian	coreutils__sort	-	benign	64675	0.576337	0.061528	6.454403	0.095327	0.105178	true	benign	benign	benign	benign	benign	benign	benign	benign	benign	benign	benign
wild_debian	coreutils__split	-	benign	27344	0.542997	0.070461	6.109295	0.109365	0.109365	false	benign	benign	benign	benign	benign	benign	benign	benign	benign	benign	benign
wild_debian	coreutils__stat	-	benign	54467	0.581803	0.073967	6.138487	0.097667	0.105178	true	benign	benign	benign	benign	benign	benign	benign	benign	benign	benign	benign
wild_debian	coreutils__stdbuf	-	benign	29231	0.519227	0.064463	6.072991	0.108048	0.108048	false	benign	benign	benign	benign	benign	benign	benign	benign	benign	benign	benign
wild_debian	coreutils__stty	-	benign	38993	0.531611	0.052985	6.056147	0.102839	0.105178	true	benign	benign	benign	benign	benign	benign	benign	benign	benign	benign	benign
wild_debian	coreutils__sum	-	benign	21564	0.532000	0.088508	6.101852	0.114424	0.114424	false	benign	benign	benign	benign	benign	benign	benign	benign	benign	benign	benign
wild_debian	coreutils__sync	-	benign	14933	0.544759	0.088906	6.059110	0.123539	0.123539	false	benign	benign	benign	benign	benign	benign	benign	benign	benign	benign	benign
wild_debian	coreutils__tac	-	benign	72190	0.617403	0.060281	6.318051	0.093931	0.105178	true	benign	benign	benign	benign	benign	benign	benign	benign	benign	benign	benign
wild_debian	coreutils__tail	-	benign	38186	0.577270	0.071506	6.083085	0.103193	0.105178	true	benign	benign	benign	benign	benign	benign	benign	benign	benign	benign	benign
wild_debian	coreutils__tee	-	benign	16632	0.520873	0.079833	6.047639	0.120691	0.120691	false	benign	benign	benign	benign	benign	benign	benign	benign	benign	benign	benign
wild_debian	coreutils__test	-	benign	30941	0.555877	0.056010	6.057186	0.106960	0.106960	false	benign	benign	benign	benign	benign	benign	benign	benign	benign	benign	benign
wild_debian	coreutils__timeout	-	benign	17826	0.512487	0.078385	6.096530	0.118937	0.118937	false	benign	benign	benign	benign	benign	benign	benign	benign	benign	benign	benign
wild_debian	coreutils__touch	-	benign	58239	0.542401	0.071333	6.325559	0.096731	0.105178	true	benign	benign	benign	benign	benign	benign	benign	benign	benign	benign	benign
wild_debian	coreutils__tr	-	benign	23639	0.542585	0.096045	6.098479	0.112395	0.112395	false	benign	benign	benign	benign	benign	benign	benign	benign	benign	benign	benign
wild_debian	coreutils__true	-	benign	13657	0.531800	0.092603	6.064457	0.126020	0.126020	false	benign	benign	benign	benign	benign	benign	benign	benign	benign	benign	benign
wild_debian	coreutils__truncate	-	benign	17283	0.516070	0.083055	6.055370	0.119712	0.119712	false	benign	benign	benign	benign	benign	benign	benign	benign	benign	benign	benign
wild_debian	coreutils__tsort	-	benign	27221	0.816631	0.078689	6.107411	0.109455	0.109455	false	benign	benign	benign	benign	benign	benign	benign	benign	benign	benign	benign
wild_debian	coreutils__tty	-	benign	13833	0.521870	0.095547	6.007759	0.125657	0.125657	false	benign	benign	benign	benign	benign	benign	benign	benign	benign	benign	benign
wild_debian	coreutils__uname	-	benign	14474	0.569788	0.090223	6.045640	0.124394	0.124394	false	benign	benign	benign	benign	benign	benign	benign	benign	benign	benign	benign
wild_debian	coreutils__unexpand	-	benign	17044	0.552780	0.101703	6.071136	0.120065	0.120065	false	benign	benign	benign	benign	benign	benign	benign	benign	benign	benign	benign
wild_debian	coreutils__uniq	-	benign	20135	0.531210	0.098860	6.168462	0.116001	0.116001	false	benign	benign	benign	benign	benign	benign	benign	benign	benign	benign	benign
wild_debian	coreutils__unlink	-	benign	14453	0.556473	0.111231	6.041150	0.124434	0.124434	false	packed	benign	benign	benign	benign	benign	packed	benign	benign	packed	benign
wild_debian	coreutils__users	-	benign	15216	0.542045	0.085218	6.007549	0.123032	0.123032	false	benign	benign	benign	benign	benign	benign	benign	benign	benign	benign	benign
wild_debian	coreutils__vdir	-	benign	78527	0.542649	0.090069	6.161897	0.092914	0.105178	true	benign	benign	benign	benign	benign	benign	benign	benign	benign	benign	benign
wild_debian	coreutils__wc	-	benign	22774	0.556258	0.090845	6.072537	0.113208	0.113208	false	benign	benign	benign	benign	benign	benign	benign	benign	benign	benign	benign
wild_debian	coreutils__who	-	benign	31381	0.569398	0.070058	6.057668	0.106694	0.106694	false	benign	benign	benign	benign	benign	benign	benign	benign	benign	benign	benign
wild_debian	coreutils__whoami	-	benign	14399	0.554776	0.092924	6.024606	0.124537	0.124537	false	benign	benign	benign	benign	benign	benign	benign	benign	benign	benign	benign
wild_debian	coreutils__yes	-	benign	14816	0.546650	0.100438	6.069838	0.123753	0.123753	false	benign	benign	benign	benign	benign	benign	benign	benign	benign	benign	benign
wild_debian	cpio__cpio	-	benign	91484	0.554737	0.074585	6.183562	0.091173	0.105178	true	benign	benign	benign	benign	benign	benign	benign	benign	benign	benign	benign
wild_debian	cpio__mt-gnu	-	benign	46417	0.525559	0.065857	6.199470	0.100035	0.105178	true	benign	benign	benign	benign	benign	benign	benign	benign	benign	benign	benign
wild_debian	cron__cron	-	benign	20094	0.541454	0.057559	6.134673	0.116048	0.116048	false	benign	benign	benign	benign	benign	benign	benign	benign	benign	benign	benign
wild_debian	cron__crontab	-	benign	14555	0.651875	0.079205	6.156965	0.124240	0.124240	false	benign	benign	benign	benign	benign	benign	benign	benign	benign	benign	benign
wild_debian	cryptsetup-bin__cryptsetup	-	benign	99177	0.626643	0.050432	6.127908	0.090305	0.105178	true	benign	benign	benign	benign	benign	benign	benign	benign	benign	benign	benign
wild_debian	cryptsetup-bin__integritysetup	-	benign	26362	0.521774	0.066169	6.074017	0.110105	0.110105	false	benign	benign	benign	benign	benign	benign	benign	benign	benign	benign	benign
wild_debian	cryptsetup-bin__veritysetup	-	benign	19408	0.484227	0.068099	6.096699	0.116869	0.116869	false	benign	benign	benign	benign	benign	benign	benign	benign	benign	benign	benign
wild_debian	curl__curl	-	benign	85319	0.651105	0.075679	6.150177	0.091952	0.105178	true	benign	benign	benign	benign	benign	benign	benign	benign	benign	benign	benign
wild_debian	dash__dash	-	benign	68229	0.568715	0.058832	6.261634	0.094638	0.105178	true	benign	benign	benign	benign	benign	benign	benign	benign	benign	benign	benign
wild_debian	dctrl-tools__grep-dctrl	-	benign	23022	0.493691	0.055364	6.092346	0.112970	0.112970	false	benign	benign	benign	benign	benign	benign	benign	benign	benign	benign	benign
wild_debian	dctrl-tools__join-dctrl	-	benign	13832	0.444202	0.020799	6.084470	0.125659	0.125659	false	benign	benign	benign	benign	benign	benign	benign	benign	benign	benign	benign
wild_debian	dctrl-tools__sort-dctrl	-	benign	15630	0.529874	0.063325	6.080331	0.122315	0.122315	false	benign	benign	benign	benign	benign	benign	benign	benign	benign	benign	benign
wild_debian	dctrl-tools__tbl-dctrl	-	benign	15589	0.457302	0.019281	6.093766	0.122384	0.122384	false	benign	benign	benign	benign	benign	benign	benign	benign	benign	benign	benign
wild_debian	debianutils__ischroot	-	benign	1099	0.306060	-0.023176	5.813082	0.269419	0.269419	false	benign	benign	benign	benign	benign	benign	benign	benign	benign	benign	benign
wild_debian	debianutils__run-parts	-	benign	4900	0.452230	0.034102	5.786194	0.164038	0.164038	false	benign	benign	benign	benign	benign	benign	benign	benign	benign	benign	benign
wild_debian	debianutils__tempfile	-	benign	1591	0.576564	0.067559	5.689173	0.235611	0.235611	false	benign	benign	benign	benign	benign	benign	benign	benign	benign	benign	benign
wild_debian	devscripts__debpkg	-	benign	267	0.410228	0.323983	5.092428	0.475376	0.475376	false	packed	benign	benign	benign	benign	benign	packed	benign	benign	packed	benign
wild_debian	diffutils__cmp	-	benign	22846	0.512743	0.055128	6.097339	0.113138	0.113138	false	benign	benign	benign	benign	benign	benign	benign	benign	benign	benign	benign
wild_debian	diffutils__diff	-	benign	85065	0.551176	0.072478	6.205817	0.091986	0.105178	true	benign	benign	benign	benign	benign	benign	benign	benign	benign	benign	benign
wild_debian	diffutils__diff3	-	benign	34070	0.559204	0.068688	6.093796	0.105186	0.105186	false	benign	benign	benign	benign	benign	benign	benign	benign	benign	benign	benign
wild_debian	diffutils__sdiff	-	benign	23330	0.541653	0.056368	6.074274	0.112680	0.112680	false	benign	benign	benign	benign	benign	benign	benign	benign	benign	benign	benign
wild_debian	dosfstools__fatlabel	-	benign	20278	0.545035	0.050898	6.202615	0.115835	0.115835	false	benign	benign	benign	benign	benign	benign	benign	benign	benign	benign	benign
wild_debian	dosfstools__fsck.fat	-	benign	39811	0.561494	0.030169	6.233117	0.102492	0.105178	true	benign	benign	benign	benign	benign	benign	benign	benign	benign	benign	benign
wild_debian	dosfstools__mkfs.fat	-	benign	25310	0.544371	0.039960	6.102430	0.110946	0.110946	false	benign	benign	benign	benign	benign	benign	benign	benign	benign	benign	benign
wild_debian	doxygen__doxyindexer	-	benign	98356	0.645722	0.067703	6.123431	0.090392	0.105178	true	benign	benign	benign	benign	benign	benign	benign	benign	benign	benign	benign
wild_debian	doxygen__doxysearch.cgi	-	benign	22196	0.625651	0.066063	5.978055	0.113776	0.113776	false	benign	benign	benign	benign	benign	benign	benign	benign	benign	benign	benign
wild_debian	dpkg__dpkg	-	benign	157047	0.611202	0.070489	6.126279	0.085978	0.105178	true	benign	benign	benign	benign	benign	benign	benign	benign	benign	benign	benign
wild_debian	dpkg__dpkg-deb	-	benign	78336	0.536613	0.063118	6.080356	0.092943	0.105178	true	benign	benign	benign	benign	benign	benign	benign	benign	benign	benign	benign
wild_debian	dpkg__dpkg-divert	-	benign	74494	0.535455	0.073082	6.052854	0.093546	0.105178	true	benign	benign	benign	benign	benign	benign	benign	benign	benign	benign	benign
wild_debian	dpkg__dpkg-query	-	benign	79411	0.534155	0.064866	6.088109	0.092782	0.105178	true	benign	benign	benign	benign	benign	benign	benign	benign	benign	benign	benign
wild_debian	dpkg__dpkg-split	-	benign	60358	0.546677	0.079790	6.082656	0.096244	0.105178	true	benign	benign	benign	benign	benign	benign	benign	benign	benign	benign	benign
wild_debian	dpkg__dpkg-statoverride	-	benign	23864	0.488309	0.060223	6.000340	0.112191	0.112191	false	benign	benign	benign	benign	benign	benign	benign	benign	benign	benign	benign
wild_debian	dpkg__dpkg-trigger	-	benign	38043	0.540117	0.070607	5.973696	0.103256	0.105178	true	benign	benign	benign	benign	benign	benign	benign	benign	benign	benign	benign
wild_debian	dpkg__start-stop-daemon	-	benign	12685	0.712237	0.062891	5.874499	0.128155	0.128155	false	benign	benign	benign	benign	benign	benign	benign	benign	benign	benign	benign
wild_debian	dpkg__update-alternatives	-	benign	26200	0.583938	0.039107	5.869747	0.110232	0.110232	false	benign	benign	benign	benign	benign	benign	benign	benign	benign	benign	benign
wild_debian	e2fsprogs__badblocks	-	benign	11391	0.557964	0.064523	6.106792	0.131412	0.131412	false	benign	benign	benign	benign	benign	benign	benign	benign	benign	benign	benign
wild_debian	e2fsprogs__chattr	-	benign	2356	0.455548	0.094367	5.741170	0.205957	0.205957	false	benign	benign	benign	benign	benign	benign	benign	benign	benign	benign	benign
wild_debian	e2fsprogs__debugfs	-	benign	107270	0.542917	0.055736	6.176911	0.089494	0.105178	true	benign	benign	benign	benign	benign	benign	benign	benign	benign	benign	benign
wild_debian	e2fsprogs__dumpe2fs	-	benign	8578	0.582335	0.003467	5.888093	0.140886	0.140886	false	benign	benign	benign	benign	benign	benign	benign	benign	benign	benign	benign
wild_debian	e2fsprogs__e2freefrag	-	benign	2921	0.795813	0.051324	5.963483	0.192024	0.192024	false	benign	benign	benign	benign	benign	benign	benign	benign	benign	benign	benign
wild_debian	e2fsprogs__e2fsck	-	benign	180641	0.636153	0.057461	6.224748	0.084846	0.105178	true	benign	benign	benign	benign	benign	benign	benign	benign	benign	benign	benign
wild_debian	e2fsprogs__e2image	-	benign	23130	0.513739	0.047387	6.069275	0.112868	0.112868	false	benign	benign	benign	benign	benign	benign	benign	benign	benign	benign	benign
wild_debian	e2fsprogs__e2undo	-	benign	4832	0.668584	0.081480	5.743560	0.164703	0.164703	false	benign	benign	benign	benign	benign	benign	benign	benign	benign	benign	benign
wild_debian	e2fsprogs__e4crypt	-	benign	6148	0.577914	0.068294	6.057461	0.153870	0.153870	false	benign	benign	benign	benign	benign	benign	benign	benign	benign	benign	benign
wild_debian	e2fsprogs__e4defrag	-	benign	11927	0.542290	0.039389	5.958204	0.129999	0.129999	false	benign	benign	benign	benign	benign	benign	benign	benign	benign	benign	benign
wild_debian	e2fsprogs__filefrag	-	benign	5578	0.637276	0.098353	6.060497	0.158090	0.158090	false	benign	benign	benign	benign	benign	benign	benign	benign	benign	benign	benign
wild_debian	e2fsprogs__lsattr	-	benign	1603	0.397247	0.046546	5.644154	0.234988	0.234988	false	benign	benign	benign	benign	benign	benign	benign	benign	benign	benign	benign
wild_debian	e2fsprogs__mke2fs	-	benign	67484	0.785413	0.060888	6.140845	0.094778	0.105178	true	benign	benign	benign	benign	benign	benign	benign	benign	benign	benign	benign
wild_debian	e2fsprogs__mklost+found	-	benign	775	0.705251	0.230733	5.595679	0.307620	0.307620	false	packed	benign	benign	benign	benign	benign	packed	benign	benign	packed	benign
wild_debian	e2fsprogs__resize2fs	-	benign	29727	0.555314	0.025190	6.147424	0.107723	0.107723	false	benign	benign	benign	benign	benign	benign	benign	benign	benign	benign	benign
wild_debian	e2fsprogs__tune2fs	-	benign	56472	0.564485	0.053951	6.091362	0.097158	0.105178	true	benign	benign	benign	benign	benign	benign	benign	benign	benign	benign	benign
wild_debian	ed__ed	-	benign	26753	0.568388	0.058385	6.145582	0.109806	0.109806	false	benign	benign	benign	benign	benign	benign	benign	benign	benign	benign	benign
wild_debian	fakeroot__faked-sysv	-	benign	11542	0.477073	0.091322	6.011036	0.131004	0.131004	false	benign	benign	benign	benign	benign	benign	benign	benign	benign	benign	benign
wild_debian	fakeroot__faked-tcp	-	benign	12813	0.511820	0.057201	6.012255	0.127860	0.127860	false	benign	benign	benign	benign	benign	benign	benign	benign	benign	benign	benign
wild_debian	ffmpeg__ffmpeg	-	benign	155712	0.617669	0.048470	6.242914	0.086049	0.105178	true	benign	benign	benign	benign	benign	benign	benign	benign	benign	benign	benign
wild_debian	ffmpeg__ffplay	-	benign	62597	0.567729	0.057696	6.217467	0.095757	0.105178	true	benign	benign	benign	benign	benign	benign	benign	benign	benign	benign	benign
wild_debian	ffmpeg__ffprobe	-	benign	87390	0.605026	0.035060	6.123181	0.091681	0.105178	true	benign	benign	benign	benign	benign	benign	benign	benign	benign	benign	benign
wild_debian	ffmpeg__qt-faststart	-	benign	4544	0.633510	0.119956	6.013391	0.167682	0.167682	false	packed	benign	benign	benign	benign	benign	packed	benign	benign	packed	benign
wild_debian	figlet__chkfont	-	benign	5275	0.382067	-0.018021	5.732215	0.160606	0.160606	false	benign	benign	benign	benign	benign	benign	benign	benign	benign	benign	benign
wild_debian	figlet__figlet-figlet	-	benign	24529	0.558036	0.098089	6.188806	0.111605	0.111605	false	benign	benign	benign	benign	benign	benign	benign	benign	benign	benign	benign
wild_debian	file__file	-	benign	6228	0.561014	0.069577	5.911340	0.153325	0.153325	false	benign	benign	benign	benign	benign	benign	benign	benign	benign	benign	benign
wild_debian	findutils__find	-	benign	119603	0.584496	0.085298	6.142961	0.088421	0.105178	true	benign	benign	benign	benign	benign	benign	benign	benign	benign	benign	benign
wild_debian	findutils__xargs	-	benign	33688	0.534115	0.077943	6.085550	0.105389	0.105389	false	benign	benign	benign	benign	benign	benign	benign	benign	benign	benign	benign
wild_debian	flac__flac	-	benign	124836	0.620473	0.058805	6.338003	0.088014	0.105178	true	benign	benign	benign	benign	benign	benign	benign	benign	benign	benign	benign
wild_debian	flac__metaflac	-	benign	72824	0.519664	0.033562	6.372571	0.093824	0.105178	true	benign	benign	benign	benign	benign	benign	benign	benign	benign	benign	benign
wild_debian	flex__flex	-	benign	126285	0.593645	0.073406	6.277231	0.087906	0.105178	true	benign	benign	benign	benign	benign	benign	benign	benign	benign	benign	benign
wild_debian	fortune-mod__fortune	-	benign	11144	0.509243	0.055756	6.082097	0.132097	0.132097	false	benign	benign	benign	benign	benign	benign	benign	benign	benign	benign	benign
wild_debian	fortune-mod__strfile	-	benign	3162	0.552223	0.049555	5.938466	0.187251	0.187251	false	benign	benign	benign	benign	benign	benign	benign	benign	benign	benign	benign
wild_debian	fortune-mod__unstr	-	benign	1486	0.437160	0.119475	5.559593	0.241389	0.241389	false	packed	benign	benign	benign	benign	benign	packed	benign	benign	packed	benign
wild_debian	fuse-overlayfs__fuse-overlayfs	-	benign	53584	0.553592	0.040500	6.040247	0.097901	0.105178	true	benign	benign	benign	benign	benign	benign	benign	benign	benign	benign	benign
wild_debian	gcc-12__x86_64-linux-gnu-gcc-ar-12	-	benign	11657	0.465135	0.065865	6.055850	0.130699	0.130699	false	benign	benign	benign	benign	benign	benign	benign	benign	benign	benign	benign
wild_debian	gcc-12__x86_64-linux-gnu-gcc-nm-12	-	benign	11614	0.474473	0.074623	6.057830	0.130812	0.130812	false	benign	benign	benign	benign	benign	benign	benign	benign	benign	benign	benign
wild_debian	gcc-12__x86_64-linux-gnu-gcc-ranlib-12	-	benign	11614	0.474425	0.074613	6.057830	0.130812	0.130812	false	benign	benign	benign	benign	benign	benign	benign	benign	benign	benign	benign
wild_debian	genisoimage__devdump	-	benign	71176	0.499138	0.067474	6.246245	0.094107	0.105178	true	benign	benign	benign	benign	benign	benign	benign	benign	benign	benign	benign
wild_debian	genisoimage__isodump	-	benign	72918	0.497616	0.071473	6.233467	0.093808	0.105178	true	benign	benign	benign	benign	benign	benign	benign	benign	benign	benign	benign
wild_debian	genisoimage__isoinfo	-	benign	78517	0.525579	0.073865	6.253778	0.092915	0.105178	true	benign	benign	benign	benign	benign	benign	benign	benign	benign	benign	benign
wild_debian	genisoimage__isovfy	-	benign	73365	0.513633	0.073724	6.278100	0.093733	0.105178	true	benign	benign	benign	benign	benign	benign	benign	benign	benign	benign	benign
wild_debian	genisoimage__mkzftree	-	benign	6806	0.552513	0.080772	6.061788	0.149675	0.149675	false	benign	benign	benign	benign	benign	benign	benign	benign	benign	benign	benign
wild_debian	gettext__msgattrib	-	benign	3709	0.478402	0.066003	5.761757	0.178202	0.178202	false	benign	benign	benign	benign	benign	benign	benign	benign	benign	benign	benign
wild_debian	gettext__msgcat	-	benign	2696	0.439892	0.113745	5.679438	0.197045	0.197045	false	packed	benign	benign	benign	benign	benign	packed	benign	benign	packed	benign
wild_debian	gettext__msgcmp	-	benign	5673	0.572804	0.028411	6.087808	0.157342	0.157342	false	benign	benign	benign	benign	benign	benign	benign	benign	benign	benign	benign
wild_debian	gettext__msgcomm	-	benign	2641	0.474040	0.054502	5.612802	0.198369	0.198369	false	benign	benign	benign	benign	benign	benign	benign	benign	benign	benign	benign
wild_debian	gettext__msgconv	-	benign	2297	0.407852	0.060826	5.529698	0.207701	0.207701	false	benign	benign	benign	benign	benign	benign	benign	benign	benign	benign	benign
wild_debian	gettext__msgen	-	benign	2264	0.423534	0.016675	5.484531	0.208707	0.208707	false	benign	benign	benign	benign	benign	benign	benign	benign	benign	benign	benign
wild_debian	gettext__msgexec	-	benign	2653	0.455760	0.025497	5.754131	0.198076	0.198076	false	benign	benign	benign	benign	benign	benign	benign	benign	benign	benign	benign
wild_debian	gettext__msgfilter	-	benign	6450	0.620562	0.059191	6.027044	0.151865	0.151865	false	benign	benign	benign	benign	benign	benign	benign	benign	benign	benign	benign
wild_debian	gettext__msgfmt	-	benign	36828	0.588619	0.035138	6.069991	0.103813	0.105178	true	benign	benign	benign	benign	benign	benign	benign	benign	benign	benign	benign
wild_debian	gettext__msggrep	-	benign	73544	0.627880	0.039728	6.272830	0.093703	0.105178	true	benign	benign	benign	benign	benign	benign	benign	benign	benign	benign	benign
wild_debian	gettext__msginit	-	benign	10917	0.503479	0.059665	6.031639	0.132748	0.132748	false	benign	benign	benign	benign	benign	benign	benign	benign	benign	benign	benign
wild_debian	gettext__msgmerge	-	benign	16509	0.655604	0.052818	6.044477	0.120882	0.120882	false	benign	benign	benign	benign	benign	benign	benign	benign	benign	benign	benign
wild_debian	gettext__msgunfmt	-	benign	9761	0.491352	0.031734	5.935400	0.136404	0.136404	false	benign	benign	benign	benign	benign	benign	benign	benign	benign	benign	benign
wild_debian	gettext__msguniq	-	benign	2455	0.444256	0.066479	5.551977	0.203172	0.203172	false	benign	benign	benign	benign	benign	benign	benign	benign	benign	benign	benign
wild_debian	gettext__recode-sr-latin	-	benign	2438	0.485977	0.031644	6.031300	0.203638	0.203638	false	benign	benign	benign	benign	benign	benign	benign	benign	benign	benign	benign
wild_debian	gettext__xgettext	-	benign	168107	0.635047	0.072165	6.283224	0.085418	0.105178	true	benign	benign	benign	benign	benign	benign	benign	benign	benign	benign	benign
wild_debian	gforth__gforth-0.7.3	-	benign	61394	0.472643	0.251084	6.186134	0.096015	0.105178	true	packed	packed	packed	benign	benign	benign	packed	packed	packed	packed	benign
wild_debian	gforth__gforth-fast-0.7.3	-	benign	58724	0.467544	0.251377	6.218064	0.096617	0.105178	true	packed	packed	packed	benign	benign	benign	packed	packed	packed	packed	benign
wild_debian	gforth__gforth-itc-0.7.3	-	benign	29508	0.468356	0.236827	6.061417	0.107865	0.107865	false	packed	packed	packed	benign	benign	benign	packed	packed	packed	packed	benign
wild_debian	gimp__gimp-test-clipboard-2.0	-	benign	1767	0.479620	0.103271	5.580102	0.227108	0.227108	false	benign	benign	benign	benign	benign	benign	benign	benign	benign	benign	benign
wild_debian	gperf__gperf	-	benign	43328	0.683380	0.066009	6.168753	0.101114	0.105178	true	benign	benign	benign	benign	benign	benign	benign	benign	benign	benign	benign
wild_debian	graphviz__acyclic	-	benign	1494	0.380630	0.134011	5.852359	0.240928	0.240928	false	packed	benign	benign	benign	benign	benign	packed	benign	benign	packed	benign
wild_debian	graphviz__bcomps	-	benign	3413	0.399474	0.038843	6.002286	0.182829	0.182829	false	benign	benign	benign	benign	benign	benign	benign	benign	benign	benign	benign
wild_debian	graphviz__ccomps	-	benign	7852	0.476154	0.042304	5.895579	0.144125	0.144125	false	benign	benign	benign	benign	benign	benign	benign	benign	benign	benign	benign
wild_debian	graphviz__cluster	-	benign	201485	0.557191	0.044620	6.313371	0.084016	0.105178	true	benign	benign	benign	benign	benign	benign	benign	benign	benign	benign	benign
wild_debian	graphviz__diffimg	-	benign	1274	0.400045	0.049586	5.911573	0.255162	0.255162	false	benign	benign	benign	benign	benign	benign	benign	benign	benign	benign	benign
wild_debian	graphviz__dijkstra	-	benign	3137	0.414170	0.049006	5.856932	0.187721	0.187721	false	benign	benign	benign	benign	benign	benign	benign	benign	benign	benign	benign
wild_debian	graphviz__dot_builtins	-	benign	938	0.423734	0.153924	5.642289	0.285919	0.285919	false	packed	benign	benign	benign	benign	benign	packed	benign	benign	packed	benign
wild_debian	graphviz__edgepaint	-	benign	105759	0.489548	0.029791	6.256295	0.089638	0.105178	true	benign	benign	benign	benign	benign	benign	benign	benign	benign	benign	benign
wild_debian	graphviz__gc	-	benign	3209	0.392255	0.087574	5.861072	0.186384	0.186384	false	benign	benign	benign	benign	benign	benign	benign	benign	benign	benign	benign
wild_debian	graphviz__gml2gv	-	benign	17333	0.515693	0.124715	5.871511	0.119639	0.119639	false	packed	packed	packed	benign	benign	benign	packed	packed	packed	packed	benign
wild_debian	graphviz__graphml2gv	-	benign	5585	0.479752	0.083031	5.820019	0.158034	0.158034	false	benign	benign	benign	benign	benign	benign	benign	benign	benign	benign	benign
wild_debian	graphviz__gv2gml	-	benign	7252	0.425830	0.006807	5.876457	0.147162	0.147162	false	benign	benign	benign	benign	benign	benign	benign	benign	benign	benign	benign
wild_debian	graphviz__gvcolor	-	benign	3664	0.475493	0.071494	6.108716	0.178869	0.178869	false	benign	benign	benign	benign	benign	benign	benign	benign	benign	benign	benign
wild_debian	graphviz__gvgen	-	benign	8575	0.521437	0.064403	6.162301	0.140898	0.140898	false	benign	benign	benign	benign	benign	benign	benign	benign	benign	benign	benign
wild_debian	graphviz__gvmap	-	benign	205106	0.546431	0.042575	6.295349	0.083885	0.105178	true	benign	benign	benign	benign	benign	benign	benign	benign	benign	benign	benign
wild_debian	graphviz__gvpack	-	benign	6640	0.430501	0.087611	5.917233	0.150674	0.150674	false	benign	benign	benign	benign	benign	benign	benign	benign	benign	benign	benign
wild_debian	graphviz__gvpr	-	benign	320	0.348493	0.394852	5.290438	0.440221	0.440221	false	packed	benign	benign	benign	benign	benign	packed	benign	benign	packed	benign
wild_debian	graphviz__gxl2gv	-	benign	16320	0.479018	0.043944	6.085160	0.121180	0.121180	false	benign	benign	benign	benign	benign	benign	benign	benign	benign	benign	benign
wild_debian	graphviz__lefty	-	benign	167047	0.618024	0.104803	6.282833	0.085469	0.105178	true	benign	packed	benign	benign	benign	benign	benign	packed	benign	benign	benign
wild_debian	graphviz__mingle	-	benign	105243	0.495289	0.033232	6.277077	0.089688	0.105178	true	benign	benign	benign	benign	benign	benign	benign	benign	benign	benign	benign
wild_debian	graphviz__mm2gv	-	benign	55508	0.479749	0.031752	6.265755	0.097400	0.105178	true	benign	benign	benign	benign	benign	benign	benign	benign	benign	benign	benign
wild_debian	graphviz__nop	-	benign	1456	0.389264	0.137366	5.695253	0.243154	0.243154	false	packed	benign	benign	benign	benign	benign	packed	benign	benign	packed	benign
wild_debian	graphviz__prune	-	benign	2949	0.455975	0.102316	5.878588	0.191439	0.191439	false	benign	benign	benign	benign	benign	benign	benign	benign	benign	benign	benign
wild_debian	graphviz__sccmap	-	benign	3463	0.473447	0.095212	5.917589	0.182006	0.182006	false	benign	benign	benign	benign	benign	benign	benign	benign	benign	benign	benign
wild_debian	graphviz__tred	-	benign	3014	0.546581	0.078010	5.978497	0.190114	0.190114	false	benign	benign	benign	benign	benign	benign	benign	benign	benign	benign	benign
wild_debian	graphviz__unflatten	-	benign	2582	0.484550	0.058304	5.849492	0.199836	0.199836	false	benign	benign	benign	benign	benign	benign	benign	benign	benign	benign	benign
wild_debian	grep__grep	-	benign	130530	0.602096	0.062175	6.157861	0.087600	0.105178	true	benign	benign	benign	benign	benign	benign	benign	benign	benign	benign	benign
wild_debian	groff-base__eqn	-	benign	79540	0.504351	0.087908	6.129727	0.092763	0.105178	true	benign	benign	benign	benign	benign	benign	benign	benign	benign	benign	benign
wild_debian	groff-base__groff	-	benign	52482	0.636043	0.066622	6.200199	0.098200	0.105178	true	benign	benign	benign	benign	benign	benign	benign	benign	benign	benign	benign
wild_debian	groff-base__grops	-	benign	90492	0.573160	0.064886	6.228056	0.091293	0.105178	true	benign	benign	benign	benign	benign	benign	benign	benign	benign	benign	benign
wild_debian	groff-base__grotty	-	benign	63123	0.565242	0.064228	6.187095	0.095646	0.105178	true	benign	benign	benign	benign	benign	benign	benign	benign	benign	benign	benign
wild_debian	groff-base__pic	-	benign	116824	0.530338	0.098363	6.146308	0.088648	0.105178	true	benign	packed	benign	benign	benign	benign	benign	packed	benign	benign	benign
wild_debian	groff-base__preconv	-	benign	31331	0.493708	0.052823	6.217478	0.106724	0.106724	false	benign	benign	benign	benign	benign	benign	benign	benign	benign	benign	benign
wild_debian	groff-base__soelim	-	benign	25727	0.471060	0.068134	6.089738	0.110607	0.110607	false	benign	benign	benign	benign	benign	benign	benign	benign	benign	benign	benign
wild_debian	groff-base__tbl	-	benign	79588	0.518913	0.065288	6.228345	0.092755	0.105178	true	benign	benign	benign	benign	benign	benign	benign	benign	benign	benign	benign
wild_debian	gzip__gzip	-	benign	52573	0.572940	0.054874	6.318011	0.098175	0.105178	true	benign	benign	benign	benign	benign	benign	benign	benign	benign	benign	benign
wild_debian	hdparm__hdparm	-	benign	66444	0.558248	0.073193	6.042796	0.094977	0.105178	true	benign	benign	benign	benign	benign	benign	benign	benign	benign	benign	benign
wild_debian	imagemagick-6.q16__animate-im6.q16	-	benign	306	0.334006	0.225902	5.357818	0.448613	0.448613	false	packed	benign	benign	benign	benign	benign	packed	benign	benign	packed	benign
wild_debian	imagemagick-6.q16__compare-im6.q16	-	benign	388	0.303023	0.124511	5.489971	0.406147	0.406147	false	packed	benign	benign	benign	benign	benign	packed	benign	benign	packed	benign
wild_debian	imagemagick-6.q16__composite-im6.q16	-	benign	306	0.334006	0.225902	5.357818	0.448613	0.448613	false	packed	benign	benign	benign	benign	benign	packed	benign	benign	packed	benign
wild_debian	imagemagick-6.q16__conjure-im6.q16	-	benign	306	0.334006	0.225902	5.357818	0.448613	0.448613	false	packed	benign	benign	benign	benign	benign	packed	benign	benign	packed	benign
wild_debian	imagemagick-6.q16__convert-im6.q16	-	benign	306	0.334006	0.225902	5.344647	0.448613	0.448613	false	packed	benign	benign	benign	benign	benign	packed	benign	benign	packed	benign
wild_debian	imagemagick-6.q16__display-im6.q16	-	benign	306	0.334006	0.225902	5.357818	0.448613	0.448613	false	packed	benign	benign	benign	benign	benign	packed	benign	benign	packed	benign
wild_debian	imagemagick-6.q16__identify-im6.q16	-	benign	363	0.296715	0.172673	5.482949	0.417555	0.417555	false	packed	benign	benign	benign	benign	benign	packed	benign	benign	packed	benign
wild_debian	imagemagick-6.q16__import-im6.q16	-	benign	306	0.334006	0.225902	5.357818	0.448613	0.448613	false	packed	benign	benign	benign	benign	benign	packed	benign	benign	packed	benign
wild_debian	imagemagick-6.q16__mogrify-im6.q16	-	benign	306	0.334006	0.225902	5.357818	0.448613	0.448613	false	packed	benign	benign	benign	benign	benign	packed	benign	benign	packed	benign
wild_debian	imagemagick-6.q16__montage-im6.q16	-	benign	306	0.334006	0.225902	5.344647	0.448613	0.448613	false	packed	benign	benign	benign	benign	benign	packed	benign	benign	packed	benign
wild_debian	imagemagick-6.q16__stream-im6.q16	-	benign	306	0.334006	0.225902	5.357818	0.448613	0.448613	false	packed	benign	benign	benign	benign	benign	packed	benign	benign	packed	benign
wild_debian	inkscape__inkscape	-	benign	5570	0.597340	0.083646	5.762402	0.158153	0.158153	false	benign	benign	benign	benign	benign	benign	benign	benign	benign	benign	benign
wild_debian	inkscape__inkview	-	benign	345	0.624987	0.288758	5.379586	0.426526	0.426526	false	packed	benign	benign	benign	benign	benign	packed	benign	benign	packed	benign
wild_debian	iproute2__arpd	-	benign	45688	0.470841	0.090341	6.169533	0.100280	0.105178	true	benign	benign	benign	benign	benign	benign	benign	benign	benign	benign	benign
wild_debian	iproute2__bridge	-	benign	77999	0.584794	0.064776	6.145689	0.092994	0.105178	true	benign	benign	benign	benign	benign	benign	benign	benign	benign	benign	benign
wild_debian	iproute2__dcb	-	benign	64839	0.546088	0.094081	6.135906	0.095294	0.105178	true	benign	benign	benign	benign	benign	benign	benign	benign	benign	benign	benign
wild_debian	iproute2__devlink	-	benign	123375	0.524378	0.080479	6.188837	0.088125	0.105178	true	benign	benign	benign	benign	benign	benign	benign	benign	benign	benign	benign
wild_debian	iproute2__genl	-	benign	43770	0.465333	0.081261	6.192643	0.100952	0.105178	true	benign	benign	benign	benign	benign	benign	benign	benign	benign	benign	benign
wild_debian	iproute2__lnstat	-	benign	6214	0.460394	0.065238	5.930127	0.153420	0.153420	false	benign	benign	benign	benign	benign	benign	benign	benign	benign	benign	benign
wild_debian	iproute2__nstat	-	benign	45678	0.501576	0.086348	6.198382	0.100283	0.105178	true	benign	benign	benign	benign	benign	benign	benign	benign	benign	benign	benign
wild_debian	iproute2__rdma	-	benign	83487	0.538513	0.088046	6.142007	0.092200	0.105178	true	benign	benign	benign	benign	benign	benign	benign	benign	benign	benign	benign
wild_debian	iproute2__rtacct	-	benign	10333	0.449925	0.072655	6.002886	0.134518	0.134518	false	benign	benign	benign	benign	benign	benign	benign	benign	benign	benign	benign
wild_debian	iproute2__rtmon	-	benign	41655	0.465875	0.088378	6.212540	0.101748	0.105178	true	benign	benign	benign	benign	benign	benign	benign	benign	benign	benign	benign
wild_debian	iproute2__ss	-	benign	94519	0.542808	0.078211	6.160094	0.090818	0.105178	true	benign	benign	benign	benign	benign	benign	benign	benign	benign	benign	benign
wild_debian	iproute2__tipc	-	benign	76303	0.514393	0.087628	6.166199	0.093257	0.105178	true	benign	benign	benign	benign	benign	benign	benign	benign	benign	benign	benign
wild_debian	iproute2__vdpa	-	benign	47715	0.488842	0.082260	6.152705	0.099613	0.105178	true	benign	benign	benign	benign	benign	benign	benign	benign	benign	benign	benign
wild_debian	iputils-ping__ping	-	benign	36942	0.486051	0.039121	6.553144	0.103760	0.105178	true	benign	benign	benign	benign	benign	benign	benign	benign	benign	benign	benign
wild_debian	jq__jq	-	benign	7528	0.727738	0.004624	5.732269	0.145720	0.145720	false	benign	benign	benign	benign	benign	benign	benign	benign	benign	benign	benign
wild_debian	kmod__kmod	-	benign	95202	0.546283	0.045065	6.216969	0.090740	0.105178	true	benign	benign	benign	benign	benign	benign	benign	benign	benign	benign	benign
wild_debian	less__less	-	benign	94838	0.577497	0.081256	6.243660	0.090781	0.105178	true	benign	benign	benign	benign	benign	benign	benign	benign	benign	benign	benign
wild_debian	less__lessecho	-	benign	1531	0.429786	0.051322	5.900086	0.238840	0.238840	false	benign	benign	benign	benign	benign	benign	benign	benign	benign	benign	benign
wild_debian	less__lesskey	-	benign	4025	0.443024	0.049643	5.902429	0.173837	0.173837	false	benign	benign	benign	benign	benign	benign	benign	benign	benign	benign	benign
wild_debian	libarchive-tools__bsdcat	-	benign	2021	0.392861	0.124020	5.829442	0.216854	0.216854	false	packed	benign	benign	benign	benign	benign	packed	benign	benign	packed	benign
wild_debian	libarchive-tools__bsdcpio	-	benign	13498	0.499529	0.032058	5.874187	0.126353	0.126353	false	benign	benign	benign	benign	benign	benign	benign	benign	benign	benign	benign
wild_debian	libarchive-tools__bsdtar	-	benign	25241	0.545474	0.052995	6.048825	0.111003	0.111003	false	benign	benign	benign	benign	benign	benign	benign	benign	benign	benign	benign
wild_debian	libc-bin__getconf	-	benign	1582	0.566257	0.136198	5.639387	0.236084	0.236084	false	packed	benign	benign	benign	benign	benign	packed	benign	benign	packed	benign
wild_debian	libc-bin__getent	-	benign	7143	0.458464	0.013717	5.988218	0.147754	0.147754	false	benign	benign	benign	benign	benign	benign	benign	benign	benign	benign	benign
wild_debian	libc-bin__iconv	-	benign	29129	0.644850	0.040966	6.070716	0.108116	0.108116	false	benign	benign	benign	benign	benign	benign	benign	benign	benign	benign	benign
wild_debian	libc-bin__iconvconfig	-	benign	8868	0.533702	0.060551	6.042121	0.139705	0.139705	false	benign	benign	benign	benign	benign	benign	benign	benign	benign	benign	benign
wild_debian	libc-bin__locale	-	benign	12488	0.559401	0.081121	6.050009	0.128618	0.128618	false	benign	benign	benign	benign	benign	benign	benign	benign	benign	benign	benign
wild_debian	libc-bin__localedef	-	benign	187939	0.598926	0.071873	6.470736	0.084540	0.105178	true	benign	benign	benign	benign	benign	benign	benign	benign	benign	benign	benign
wild_debian	libc-bin__pldd	-	benign	3635	0.559936	0.031572	5.978669	0.179305	0.179305	false	benign	benign	benign	benign	benign	benign	benign	benign	benign	benign	benign
wild_debian	libc-bin__zdump	-	benign	6722	0.649615	0.057344	6.243077	0.150176	0.150176	false	benign	benign	benign	benign	benign	benign	benign	benign	benign	benign	benign
wild_debian	libc-bin__zic	-	benign	30834	0.653467	0.053425	6.278812	0.107025	0.107025	false	benign	benign	benign	benign	benign	benign	benign	benign	benign	benign	benign
wild_debian	libjpeg-turbo-progs__cjpeg	-	benign	26240	0.557337	0.056814	6.207111	0.110200	0.110200	false	benign	benign	benign	benign	benign	benign	benign	benign	benign	benign	benign
wild_debian	libjpeg-turbo-progs__djpeg	-	benign	17854	0.604834	0.103433	6.104204	0.118898	0.118898	false	benign	benign	benign	benign	benign	benign	benign	benign	benign	benign	benign
wild_debian	libjpeg-turbo-progs__jpegexiforient	-	benign	1536	0.428144	-0.005581	6.130498	0.238564	0.238564	false	benign	benign	benign	benign	benign	benign	benign	benign	benign	benign	benign
wild_debian	libjpeg-turbo-progs__jpegtran	-	benign	23746	0.567441	0.012803	6.324654	0.112298	0.112298	false	benign	benign	benign	benign	benign	benign	benign	benign	benign	benign	benign
wild_debian	libjpeg-turbo-progs__rdjpgcom	-	benign	2093	0.420036	0.021514	5.609309	0.214293	0.214293	false	benign	benign	benign	benign	benign	benign	benign	benign	benign	benign	benign
wild_debian	libjpeg-turbo-progs__tjbench	-	benign	21092	0.711359	0.088649	6.092024	0.114927	0.114927	false	benign	benign	benign	benign	benign	benign	benign	benign	benign	benign	benign
wild_debian	libjpeg-turbo-progs__wrjpgcom	-	benign	2564	0.566588	0.129509	5.860247	0.200294	0.200294	false	packed	benign	benign	benign	benign	benign	packed	benign	benign	packed	benign
wild_debian	libpng-tools__png-fix-itxt	-	benign	1069	0.592992	0.113374	5.859636	0.272209	0.272209	false	packed	benign	benign	benign	benign	benign	packed	benign	benign	packed	benign
wild_debian	libpng-tools__pngfix	-	benign	18012	0.583609	0.079257	6.079216	0.118680	0.118680	false	benign	benign	benign	benign	benign	benign	benign	benign	benign	benign	benign
wild_debian	lldb-14__lldb	-	benign	22326	0.569359	0.020269	6.053267	0.113647	0.113647	false	benign	benign	benign	benign	benign	benign	benign	benign	benign	benign	benign
wild_debian	lldb-14__lldb-argdumper	-	benign	5413	0.599730	0.058620	5.946388	0.159434	0.159434	false	benign	benign	benign	benign	benign	benign	benign	benign	benign	benign	benign
wild_debian	lldb-14__lldb-instr	-	benign	175725	0.541270	0.001318	6.190373	0.085063	0.105178	true	benign	benign	benign	benign	benign	benign	benign	benign	benign	benign	benign
wild_debian	lldb-14__lldb-vscode	-	benign	155243	0.677558	0.054095	6.242893	0.086075	0.105178	true	benign	benign	benign	benign	benign	benign	benign	benign	benign	benign	benign
wild_debian	llvm-14-tools__count	-	benign	740	0.545671	0.213616	5.762609	0.313192	0.313192	false	packed	benign	benign	benign	benign	benign	packed	benign	benign	packed	benign
wild_debian	llvm-14-tools__not	-	benign	45902	0.561210	0.053080	6.223878	0.100207	0.105178	true	benign	benign	benign	benign	benign	benign	benign	benign	benign	benign	benign
wild_debian	llvm-14-tools__split-file	-	benign	7768	0.548791	0.086722	5.938016	0.144529	0.144529	false	benign	benign	benign	benign	benign	benign	benign	benign	benign	benign	benign
wild_debian	llvm-14-tools__yaml-bench	-	benign	226387	0.633053	0.062119	6.362937	0.083179	0.105178	true	benign	benign	benign	benign	benign	benign	benign	benign	benign	benign	benign
wild_debian	llvm-14__bugpoint	-	benign	236169	0.632914	0.062836	6.161746	0.082887	0.105178	true	benign	benign	benign	benign	benign	benign	benign	benign	benign	benign	benign
wild_debian	llvm-14__dsymutil	-	benign	157593	0.640325	0.064925	6.188974	0.085949	0.105178	true	benign	benign	benign	benign	benign	benign	benign	benign	benign	benign	benign
wild_debian	llvm-14__llc	-	benign	42148	0.540401	0.061272	5.994676	0.101557	0.105178	true	benign	benign	benign	benign	benign	benign	benign	benign	benign	benign	benign
wild_debian	llvm-14__llvm-PerfectShuffle	-	benign	8432	0.519791	-0.013903	6.238990	0.141504	0.141504	false	benign	benign	benign	benign	benign	benign	benign	benign	benign	benign	benign
wild_debian	llvm-14__llvm-ar	-	benign	36066	0.590614	0.085083	6.102314	0.104177	0.105178	true	benign	benign	benign	benign	benign	benign	benign	benign	benign	benign	benign
wild_debian	llvm-14__llvm-as	-	benign	9687	0.654476	0.086173	5.908611	0.136660	0.136660	false	benign	benign	benign	benign	benign	benign	benign	benign	benign	benign	benign
wild_debian	llvm-14__llvm-bcanalyzer	-	benign	7210	0.531921	0.098504	5.923709	0.147389	0.147389	false	benign	benign	benign	benign	benign	benign	benign	benign	benign	benign	benign
wild_debian	llvm-14__llvm-c-test	-	benign	25440	0.551145	-0.021710	6.067284	0.110839	0.110839	false	benign	benign	benign	benign	benign	benign	benign	benign	benign	benign	benign
wild_debian	llvm-14__llvm-cat	-	benign	8886	0.829146	0.104526	6.058350	0.139633	0.139633	false	benign	benign	benign	benign	benign	benign	benign	benign	benign	benign	benign
wild_debian	llvm-14__llvm-cfi-verify	-	benign	50388	0.692604	0.066882	6.267189	0.098796	0.105178	true	benign	benign	benign	benign	benign	benign	benign	benign	benign	benign	benign
wild_debian	llvm-14__llvm-config	-	benign	90421	0.674502	0.056579	6.383221	0.091301	0.105178	true	benign	benign	benign	benign	benign	benign	benign	benign	benign	benign	benign
wild_debian	llvm-14__llvm-cov	-	benign	242469	0.674281	0.092583	6.232968	0.082709	0.105178	true	benign	packed	benign	benign	benign	benign	benign	packed	benign	benign	benign
wild_debian	llvm-14__llvm-cvtres	-	benign	10119	0.589956	0.062273	5.943998	0.135205	0.135205	false	benign	benign	benign	benign	benign	benign	benign	benign	benign	benign	benign
wild_debian	llvm-14__llvm-cxxdump	-	benign	42086	1.037716	0.050437	6.234107	0.101581	0.105178	true	benign	benign	benign	benign	benign	benign	benign	benign	benign	benign	benign
wild_debian	llvm-14__llvm-cxxfilt	-	benign	7228	0.556245	0.019421	6.095325	0.147291	0.147291	false	benign	benign	benign	benign	benign	benign	benign	benign	benign	benign	benign
wild_debian	llvm-14__llvm-cxxmap	-	benign	13030	0.545169	0.056540	6.088375	0.127370	0.127370	false	benign	benign	benign	benign	benign	benign	benign	benign	benign	benign	benign
wild_debian	llvm-14__llvm-debuginfod-find	-	benign	17704	0.576885	0.032462	6.104693	0.119108	0.119108	false	benign	benign	benign	benign	benign	benign	benign	benign	benign	benign	benign
wild_debian	llvm-14__llvm-diff	-	benign	34799	0.666010	0.088463	6.279194	0.104807	0.105178	true	benign	benign	benign	benign	benign	benign	benign	benign	benign	benign	benign
wild_debian	llvm-14__llvm-dis	-	benign	15903	0.502670	0.081469	6.011055	0.121857	0.121857	false	benign	benign	benign	benign	benign	benign	benign	benign	benign	benign	benign
wild_debian	llvm-14__llvm-dwarfdump	-	benign	80372	0.534493	0.070347	6.114842	0.092640	0.105178	true	benign	benign	benign	benign	benign	benign	benign	benign	benign	benign	benign
wild_debian	llvm-14__llvm-dwp	-	benign	19532	0.675455	0.095736	6.148597	0.116717	0.116717	false	benign	benign	benign	benign	benign	benign	benign	benign	benign	benign	benign
wild_debian	llvm-14__llvm-extract	-	benign	23110	0.592212	0.071174	6.079799	0.112887	0.112887	false	benign	benign	benign	benign	benign	benign	benign	benign	benign	benign	benign
wild_debian	llvm-14__llvm-gsymutil	-	benign	30406	0.601537	0.061946	6.070343	0.107290	0.107290	false	benign	benign	benign	benign	benign	benign	benign	benign	benign	benign	benign
wild_debian	llvm-14__llvm-ifs	-	benign	42295	0.587272	0.061142	6.108760	0.101501	0.105178	true	benign	benign	benign	benign	benign	benign	benign	benign	benign	benign	benign
wild_debian	llvm-14__llvm-jitlink	-	benign	115031	0.578664	0.066589	6.147857	0.088799	0.105178	true	benign	benign	benign	benign	benign	benign	benign	benign	benign	benign	benign
wild_debian	llvm-14__llvm-libtool-darwin	-	benign	46949	0.679942	0.074150	6.168157	0.099860	0.105178	true	benign	benign	benign	benign	benign	benign	benign	benign	benign	benign	benign
wild_debian	llvm-14__llvm-link	-	benign	27755	0.546563	0.072424	6.017665	0.109066	0.109066	false	benign	benign	benign	benign	benign	benign	benign	benign	benign	benign	benign
wild_debian	llvm-14__llvm-lipo	-	benign	48599	0.701222	0.074886	6.168392	0.099335	0.105178	true	benign	benign	benign	benign	benign	benign	benign	benign	benign	benign	benign
wild_debian	llvm-14__llvm-lto	-	benign	72616	0.581566	0.063302	6.137811	0.093859	0.105178	true	benign	benign	benign	benign	benign	benign	benign	benign	benign	benign	benign
wild_debian	llvm-14__llvm-lto2	-	benign	50890	0.587212	0.088432	6.031653	0.098650	0.105178	true	benign	benign	benign	benign	benign	benign	benign	benign	benign	benign	benign
wild_debian	llvm-14__llvm-mc	-	benign	41021	0.580147	0.077482	6.083701	0.101998	0.105178	true	benign	benign	benign	benign	benign	benign	benign	benign	benign	benign	benign
wild_debian	llvm-14__llvm-mca	-	benign	115218	0.619180	0.078652	6.264333	0.088783	0.105178	true	benign	benign	benign	benign	benign	benign	benign	benign	benign	benign	benign
wild_debian	llvm-14__llvm-ml	-	benign	17238	0.774498	0.111169	6.090158	0.119778	0.119778	false	packed	benign	benign	benign	benign	benign	packed	benign	benign	packed	benign
wild_debian	llvm-14__llvm-modextract	-	benign	5863	0.661294	0.106182	5.814677	0.155903	0.155903	false	packed	benign	benign	benign	benign	benign	packed	benign	benign	packed	benign
wild_debian	llvm-14__llvm-mt	-	benign	6060	0.485844	0.060716	5.949424	0.154483	0.154483	false	benign	benign	benign	benign	benign	benign	benign	benign	benign	benign	benign
wild_debian	llvm-14__llvm-nm	-	benign	79993	0.587995	0.066469	6.111150	0.092696	0.105178	true	benign	benign	benign	benign	benign	benign	benign	benign	benign	benign	benign
wild_debian	llvm-14__llvm-opt-report	-	benign	31468	0.642522	0.049641	6.300957	0.106643	0.106643	false	benign	benign	benign	benign	benign	benign	benign	benign	benign	benign	benign
wild_debian	llvm-14__llvm-profdata	-	benign	165801	0.615135	0.079863	6.275038	0.085530	0.105178	true	benign	benign	benign	benign	benign	benign	benign	benign	benign	benign	benign
wild_debian	llvm-14__llvm-profgen	-	benign	184135	0.689646	0.055281	6.268870	0.084697	0.105178	true	benign	benign	benign	benign	benign	benign	benign	benign	benign	benign	benign
wild_debian	llvm-14__llvm-rc	-	benign	109987	0.633182	0.065145	6.201919	0.089242	0.105178	true	benign	benign	benign	benign	benign	benign	benign	benign	benign	benign	benign
wild_debian	llvm-14__llvm-reduce	-	benign	139802	0.584227	0.055322	6.272210	0.086981	0.105178	true	benign	benign	benign	benign	benign	benign	benign	benign	benign	benign	benign
wild_debian	llvm-14__llvm-rtdyld	-	benign	51087	0.538861	0.070319	6.068456	0.098593	0.105178	true	benign	benign	benign	benign	benign	benign	benign	benign	benign	benign	benign
wild_debian	llvm-14__llvm-sim	-	benign	8571	0.709294	0.110011	6.012960	0.140915	0.140915	false	packed	benign	benign	benign	benign	benign	packed	benign	benign	packed	benign
wild_debian	llvm-14__llvm-size	-	benign	36861	0.624432	0.093023	6.143211	0.103798	0.105178	true	benign	benign	benign	benign	benign	benign	benign	benign	benign	benign	benign
wild_debian	llvm-14__llvm-split	-	benign	5174	0.554915	0.071064	6.001067	0.161493	0.161493	false	benign	benign	benign	benign	benign	benign	benign	benign	benign	benign	benign
wild_debian	llvm-14__llvm-stress	-	benign	21869	0.567278	0.057958	6.221028	0.114108	0.114108	false	benign	benign	benign	benign	benign	benign	benign	benign	benign	benign	benign
wild_debian	llvm-14__llvm-strings	-	benign	7681	0.510024	0.076782	6.047748	0.144954	0.144954	false	benign	benign	benign	benign	benign	benign	benign	benign	benign	benign	benign
wild_debian	llvm-14__llvm-symbolizer	-	benign	29269	0.538906	0.031491	6.030030	0.108023	0.108023	false	benign	benign	benign	benign	benign	benign	benign	benign	benign	benign	benign
wild_debian	llvm-14__llvm-tapi-diff	-	benign	74972	0.749533	0.063391	6.273357	0.093469	0.105178	true	benign	benign	benign	benign	benign	benign	benign	benign	benign	benign	benign
wild_debian	llvm-14__llvm-tli-checker	-	benign	15304	0.579645	0.077344	6.162180	0.122877	0.122877	false	benign	benign	benign	benign	benign	benign	benign	benign	benign	benign	benign
wild_debian	llvm-14__llvm-undname	-	benign	10394	0.551841	0.078865	5.964667	0.134326	0.134326	false	benign	benign	benign	benign	benign	benign	benign	benign	benign	benign	benign
wild_debian	llvm-14__opt	-	benign	125791	0.577719	0.094904	6.140394	0.087943	0.105178	true	benign	packed	benign	benign	benign	benign	benign	packed	benign	benign	benign
wild_debian	llvm-14__sanstats	-	benign	7648	0.985055	0.140181	6.037546	0.145118	0.145118	false	packed	benign	benign	benign	benign	benign	packed	benign	benign	packed	benign
wild_debian	llvm-14__verify-uselistorder	-	benign	19803	0.782870	0.091924	6.187585	0.116391	0.116391	false	benign	benign	benign	benign	benign	benign	benign	benign	benign	benign	benign
wild_debian	lm-sensors__isadump	-	benign	2996	0.484356	0.005293	5.770513	0.190477	0.190477	false	benign	benign	benign	benign	benign	benign	benign	benign	benign	benign	benign
wild_debian	lm-sensors__isaset	-	benign	2424	0.484578	0.027584	5.812669	0.204025	0.204025	false	benign	benign	benign	benign	benign	benign	benign	benign	benign	benign	benign
wild_debian	lm-sensors__sensors	-	benign	9532	0.475485	0.039789	6.034372	0.137206	0.137206	false	benign	benign	benign	benign	benign	benign	benign	benign	benign	benign	benign
wild_debian	login__faillog	-	benign	5647	0.515438	0.056159	5.734359	0.157545	0.157545	false	benign	benign	benign	benign	benign	benign	benign	benign	benign	benign	benign
wild_debian	login__lastlog	-	benign	6720	0.500793	0.049791	5.794278	0.150188	0.150188	false	benign	benign	benign	benign	benign	benign	benign	benign	benign	benign	benign
wild_debian	login__login	-	benign	19825	0.460270	0.034790	5.821160	0.116365	0.116365	false	benign	benign	benign	benign	benign	benign	benign	benign	benign	benign	benign
wild_debian	login__newgrp	-	benign	14515	0.439237	0.018590	5.906296	0.124316	0.124316	false	benign	benign	benign	benign	benign	benign	benign	benign	benign	benign	benign
wild_debian	login__nologin	-	benign	364	0.309598	0.208581	5.395961	0.417076	0.417076	false	packed	benign	benign	benign	benign	benign	packed	benign	benign	packed	benign
wild_debian	logrotate__logrotate	-	benign	57196	0.636317	0.047031	6.160313	0.096981	0.105178	true	benign	benign	benign	benign	benign	benign	benign	benign	benign	benign	benign
wild_debian	lscolors__lscolors	-	benign	245569	0.612533	0.075462	6.457629	0.082624	0.105178	true	benign	benign	benign	benign	benign	benign	benign	benign	benign	benign	benign
wild_debian	ltrace__ltrace	-	benign	152253	0.543585	0.074885	6.205527	0.086239	0.105178	true	benign	benign	benign	benign	benign	benign	benign	benign	benign	benign	benign
wild_debian	lua5.4__lua5.4	-	benign	155518	0.500474	0.051959	6.386657	0.086060	0.105178	true	benign	benign	benign	benign	benign	benign	benign	benign	benign	benign	benign
wild_debian	lua5.4__luac5.4	-	benign	112068	0.494175	0.044099	6.380501	0.089056	0.105178	true	benign	benign	benign	benign	benign	benign	benign	benign	benign	benign	benign
wild_debian	lz4__lz4	-	benign	155163	0.600778	0.054428	6.364462	0.086079	0.105178	true	benign	benign	benign	benign	benign	benign	benign	benign	benign	benign	benign
wild_debian	make__make	-	benign	128997	0.526878	0.046630	6.391823	0.087709	0.105178	true	benign	benign	benign	benign	benign	benign	benign	benign	benign	benign	benign
wild_debian	mawk__mawk	-	benign	92084	0.565711	0.096115	6.248892	0.091101	0.105178	true	benign	packed	benign	benign	benign	benign	benign	packed	benign	benign	benign
wild_debian	mercurial__chg	-	benign	11713	0.507846	0.002394	6.030249	0.130551	0.130551	false	benign	benign	benign	benign	benign	benign	benign	benign	benign	benign	benign
wild_debian	mosh__mosh-client	-	benign	224715	0.572221	0.070750	6.186411	0.083231	0.105178	true	benign	benign	benign	benign	benign	benign	benign	benign	benign	benign	benign
wild_debian	mosh__mosh-server	-	benign	216217	0.551766	0.074208	6.226745	0.083504	0.105178	true	benign	benign	benign	benign	benign	benign	benign	benign	benign	benign	benign
wild_debian	mtd-utils__doc_loadbios	-	benign	1322	0.583849	0.058029	5.732449	0.251756	0.251756	false	benign	benign	benign	benign	benign	benign	benign	benign	benign	benign	benign
wild_debian	mtd-utils__docfdisk	-	benign	2222	0.625276	0.097092	5.985537	0.210019	0.210019	false	benign	benign	benign	benign	benign	benign	benign	benign	benign	benign	benign
wild_debian	mtd-utils__fectest	-	benign	6149	0.566056	0.018423	6.175879	0.153863	0.153863	false	benign	benign	benign	benign	benign	benign	benign	benign	benign	benign	benign
wild_debian	mtd-utils__flash_erase	-	benign	18576	0.504267	0.050529	5.921195	0.117924	0.117924	false	benign	benign	benign	benign	benign	benign	benign	benign	benign	benign	benign
wild_debian	mtd-utils__flash_lock	-	benign	1588	0.426763	0.127113	5.675097	0.235769	0.235769	false	packed	benign	benign	benign	benign	benign	packed	benign	benign	packed	benign
wild_debian	mtd-utils__flash_otp_dump	-	benign	784	0.493003	0.020319	5.800760	0.306248	0.306248	false	benign	benign	benign	benign	benign	benign	benign	benign	benign	benign	benign
wild_debian	mtd-utils__flash_otp_erase	-	benign	659	0.379913	0.061024	5.691122	0.327751	0.327751	false	benign	benign	benign	benign	benign	benign	benign	benign	benign	benign	benign
wild_debian	mtd-utils__flash_otp_info	-	benign	711	0.541709	0.119051	5.857795	0.318118	0.318118	false	packed	benign	benign	benign	benign	benign	packed	benign	benign	packed	benign
wild_debian	mtd-utils__flash_otp_lock	-	benign	939	0.394083	0.030011	5.734082	0.285804	0.285804	false	benign	benign	benign	benign	benign	benign	benign	benign	benign	benign	benign
wild_debian	mtd-utils__flash_otp_write	-	benign	1043	0.590333	0.037266	5.764998	0.274723	0.274723	false	benign	benign	benign	benign	benign	benign	benign	benign	benign	benign	benign
wild_debian	mtd-utils__flash_unlock	-	benign	1590	0.429326	0.145221	5.674378	0.235664	0.235664	false	packed	benign	benign	benign	benign	benign	packed	benign	benign	packed	benign
wild_debian	mtd-utils__flashcp	-	benign	2924	0.409575	0.010159	5.848340	0.191961	0.191961	false	benign	benign	benign	benign	benign	benign	benign	benign	benign	benign	benign
wild_debian	mtd-utils__ftl_check	-	benign	1495	0.406268	-0.015142	5.853643	0.240870	0.240870	false	benign	benign	benign	benign	benign	benign	benign	benign	benign	benign	benign
wild_debian	mtd-utils__ftl_format	-	benign	2613	0.561868	-0.001858	5.896338	0.199059	0.199059	false	benign	benign	benign	benign	benign	benign	benign	benign	benign	benign	benign
wild_debian	mtd-utils__jffs2dump	-	benign	6618	0.399473	0.047027	5.896479	0.150809	0.150809	false	benign	benign	benign	benign	benign	benign	benign	benign	benign	benign	benign
wild_debian	mtd-utils__jffs2reader	-	benign	5612	0.636053	0.035593	6.181797	0.157820	0.157820	false	benign	benign	benign	benign	benign	benign	benign	benign	benign	benign	benign
wild_debian	mtd-utils__lsmtd	-	benign	34969	0.548497	0.063669	6.205274	0.104720	0.105178	true	benign	benign	benign	benign	benign	benign	benign	benign	benign	benign	benign
wild_debian	mtd-utils__mkfs.jffs2	-	benign	22718	0.608920	0.066697	6.174231	0.113262	0.113262	false	benign	benign	benign	benign	benign	benign	benign	benign	benign	benign	benign
wild_debian	mtd-utils__mkfs.ubifs	-	benign	49878	0.533193	0.039324	6.203285	0.098947	0.105178	true	benign	benign	benign	benign	benign	benign	benign	benign	benign	benign	benign
wild_debian	mtd-utils__mtd_debug	-	benign	2717	0.501299	0.048596	5.865674	0.196550	0.196550	false	benign	benign	benign	benign	benign	benign	benign	benign	benign	benign	benign
wild_debian	mtd-utils__mtdinfo	-	benign	22260	0.550709	0.054332	6.110531	0.113712	0.113712	false	benign	benign	benign	benign	benign	benign	benign	benign	benign	benign	benign
wild_debian	mtd-utils__mtdpart	-	benign	1522	0.946071	0.101029	5.762354	0.239341	0.239341	false	benign	benign	benign	benign	benign	benign	benign	benign	benign	benign	benign
wild_debian	mtd-utils__nanddump	-	benign	19788	0.534186	0.042383	5.957702	0.116409	0.116409	false	benign	benign	benign	benign	benign	benign	benign	benign	benign	benign	benign
wild_debian	mtd-utils__nandflipbits	-	benign	17356	0.549111	0.047605	5.887737	0.119606	0.119606	false	benign	benign	benign	benign	benign	benign	benign	benign	benign	benign	benign
wild_debian	mtd-utils__nandtest	-	benign	2778	0.525085	0.063456	5.687523	0.195144	0.195144	false	benign	benign	benign	benign	benign	benign	benign	benign	benign	benign	benign
wild_debian	mtd-utils__nandwrite	-	benign	20855	0.559995	0.049183	5.958146	0.115186	0.115186	false	benign	benign	benign	benign	benign	benign	benign	benign	benign	benign	benign
wild_debian	mtd-utils__nftl_format	-	benign	3692	0.460570	0.057142	5.814687	0.178452	0.178452	false	benign	benign	benign	benign	benign	benign	benign	benign	benign	benign	benign
wild_debian	mtd-utils__nftldump	-	benign	2128	0.570547	0.135735	5.838982	0.213095	0.213095	false	packed	benign	benign	benign	benign	benign	packed	benign	benign	packed	benign
wild_debian	mtd-utils__recv_image	-	benign	10742	0.536343	0.029410	6.178190	0.133263	0.133263	false	benign	benign	benign	benign	benign	benign	benign	benign	benign	benign	benign
wild_debian	mtd-utils__rfddump	-	benign	2040	0.589267	0.034621	5.957889	0.216165	0.216165	false	benign	benign	benign	benign	benign	benign	benign	benign	benign	benign	benign
wild_debian	mtd-utils__rfdformat	-	benign	904	0.383437	0.077394	5.779421	0.289957	0.289957	false	benign	benign	benign	benign	benign	benign	benign	benign	benign	benign	benign
wild_debian	mtd-utils__serve_image	-	benign	7769	0.610907	-0.004327	6.158941	0.144524	0.144524	false	benign	benign	benign	benign	benign	benign	benign	benign	benign	benign	benign
wild_debian	mtd-utils__sumtool	-	benign	6595	0.506672	0.057531	5.986535	0.150952	0.150952	false	benign	benign	benign	benign	benign	benign	benign	benign	benign	benign	benign
wild_debian	mtd-utils__ubiattach	-	benign	13234	0.633487	0.039340	5.907219	0.126920	0.126920	false	benign	benign	benign	benign	benign	benign	benign	benign	benign	benign	benign
wild_debian	mtd-utils__ubiblock	-	benign	11976	0.514544	0.038136	5.925795	0.129874	0.129874	false	benign	benign	benign	benign	benign	benign	benign	benign	benign	benign	benign
wild_debian	mtd-utils__ubicrc32	-	benign	874	0.290617	0.116997	5.666638	0.293713	0.293713	false	packed	benign	benign	benign	benign	benign	packed	benign	benign	packed	benign
wild_debian	mtd-utils__ubidetach	-	benign	12215	0.494164	0.036588	5.828608	0.129278	0.129278	false	benign	benign	benign	benign	benign	benign	benign	benign	benign	benign	benign
wild_debian	mtd-utils__ubiformat	-	benign	39379	0.561175	0.057507	6.125157	0.102674	0.105178	true	benign	benign	benign	benign	benign	benign	benign	benign	benign	benign	benign
wild_debian	mtd-utils__ubihealthd	-	benign	12171	0.507127	0.031655	5.872386	0.129387	0.129387	false	benign	benign	benign	benign	benign	benign	benign	benign	benign	benign	benign
wild_debian	mtd-utils__ubimkvol	-	benign	13883	0.514812	0.056128	5.910317	0.125556	0.125556	false	benign	benign	benign	benign	benign	benign	benign	benign	benign	benign	benign
wild_debian	mtd-utils__ubinfo	-	benign	15045	0.521292	0.032026	5.936743	0.123337	0.123337	false	benign	benign	benign	benign	benign	benign	benign	benign	benign	benign	benign
wild_debian	mtd-utils__ubinize	-	benign	9043	0.545429	0.027424	6.124124	0.139019	0.139019	false	benign	benign	benign	benign	benign	benign	benign	benign	benign	benign	benign
wild_debian	mtd-utils__ubirename	-	benign	11867	0.485848	0.037263	5.890773	0.130152	0.130152	false	benign	benign	benign	benign	benign	benign	benign	benign	benign	benign	benign
wild_debian	mtd-utils__ubirmvol	-	benign	12201	0.509051	0.035016	5.852759	0.129313	0.129313	false	benign	benign	benign	benign	benign	benign	benign	benign	benign	benign	benign
wild_debian	mtd-utils__ubirsvol	-	benign	13283	0.548335	0.046878	5.917320	0.126814	0.126814	false	benign	benign	benign	benign	benign	benign	benign	benign	benign	benign	benign
wild_debian	mtd-utils__ubiscan	-	benign	20453	0.501680	0.037191	5.937569	0.115636	0.115636	false	benign	benign	benign	benign	benign	benign	benign	benign	benign	benign	benign
wild_debian	mtd-utils__ubiupdatevol	-	benign	13651	0.502417	0.035020	5.919248	0.126032	0.126032	false	benign	benign	benign	benign	benign	benign	benign	benign	benign	benign	benign
wild_debian	mtools__mkmanifest	-	benign	2564	0.394025	0.035201	5.912527	0.200294	0.200294	false	benign	benign	benign	benign	benign	benign	benign	benign	benign	benign	benign
wild_debian	mtools__mtools	-	benign	120617	0.561719	0.057535	6.337000	0.088340	0.105178	true	benign	benign	benign	benign	benign	benign	benign	benign	benign	benign	benign
wild_debian	nano__nano	-	benign	177199	0.623670	0.076674	6.154008	0.084997	0.105178	true	benign	benign	benign	benign	benign	benign	benign	benign	benign	benign	benign
wild_debian	nasm__ndisasm	-	benign	18332	0.543355	0.089340	6.101454	0.118247	0.118247	false	benign	benign	benign	benign	benign	benign	benign	benign	benign	benign	benign
wild_debian	net-tools__arp	-	benign	25988	0.523482	0.081222	6.033678	0.110398	0.110398	false	benign	benign	benign	benign	benign	benign	benign	benign	benign	benign	benign
wild_debian	net-tools__ifconfig	-	benign	37130	0.507756	0.063795	6.086406	0.103672	0.105178	true	benign	benign	benign	benign	benign	benign	benign	benign	benign	benign	benign
wild_debian	net-tools__ipmaddr	-	benign	6007	0.534191	0.043200	5.918789	0.154858	0.154858	false	benign	benign	benign	benign	benign	benign	benign	benign	benign	benign	benign
wild_debian	net-tools__iptunnel	-	benign	8199	0.513637	0.028900	5.878843	0.142523	0.142523	false	benign	benign	benign	benign	benign	benign	benign	benign	benign	benign	benign
wild_debian	net-tools__mii-tool	-	benign	4752	0.404753	0.064349	5.973933	0.165503	0.165503	false	benign	benign	benign	benign	benign	benign	benign	benign	benign	benign	benign
wild_debian	net-tools__nameif	-	benign	2986	0.421014	0.039393	5.916551	0.190680	0.190680	false	benign	benign	benign	benign	benign	benign	benign	benign	benign	benign	benign
wild_debian	net-tools__netstat	-	benign	64862	0.515666	0.072384	6.119149	0.095289	0.105178	true	benign	benign	benign	benign	benign	benign	benign	benign	benign	benign	benign
wild_debian	net-tools__plipconfig	-	benign	1296	0.448430	0.155438	5.580163	0.253577	0.253577	false	packed	benign	benign	benign	benign	benign	packed	benign	benign	packed	benign
wild_debian	net-tools__rarp	-	benign	10734	0.564073	0.099981	6.070898	0.133287	0.133287	false	benign	benign	benign	benign	benign	benign	benign	benign	benign	benign	benign
wild_debian	net-tools__route	-	benign	29125	0.487967	0.065113	6.015558	0.108118	0.108118	false	benign	benign	benign	benign	benign	benign	benign	benign	benign	benign	benign
wild_debian	net-tools__slattach	-	benign	13666	0.550060	0.090418	6.062263	0.126001	0.126001	false	benign	benign	benign	benign	benign	benign	benign	benign	benign	benign	benign
wild_debian	netcat-openbsd__nc.openbsd	-	benign	15234	0.670337	0.093016	5.980672	0.123000	0.123000	false	benign	benign	benign	benign	benign	benign	benign	benign	benign	benign	benign
wild_debian	netpbm__411toppm	-	benign	1069	0.409028	-0.008638	5.875247	0.272209	0.272209	false	benign	benign	benign	benign	benign	benign	benign	benign	benign	benign	benign
wild_debian	netpbm__asciitopgm	-	benign	1441	0.615951	0.078277	6.000108	0.244057	0.244057	false	benign	benign	benign	benign	benign	benign	benign	benign	benign	benign	benign
wild_debian	netpbm__atktopbm	-	benign	1461	0.465759	-0.006864	6.015289	0.242856	0.242856	false	benign	benign	benign	benign	benign	benign	benign	benign	benign	benign	benign
wild_debian	netpbm__avstopam	-	benign	663	0.417584	0.175225	5.680965	0.326970	0.326970	false	packed	benign	benign	benign	benign	benign	packed	benign	benign	packed	benign
wild_debian	netpbm__bioradtopgm	-	benign	1223	0.462885	0.071493	5.950498	0.258999	0.258999	false	benign	benign	benign	benign	benign	benign	benign	benign	benign	benign	benign
wild_debian	netpbm__bmptopnm	-	benign	7764	0.540627	0.054628	5.979908	0.144549	0.144549	false	benign	benign	benign	benign	benign	benign	benign	benign	benign	benign	benign
wild_debian	netpbm__brushtopbm	-	benign	656	0.477119	0.134556	5.802306	0.328342	0.328342	false	packed	benign	benign	benign	benign	benign	packed	benign	benign	packed	benign
wild_debian	netpbm__cameratopam	-	benign	69628	0.635974	0.075416	6.377693	0.094382	0.105178	true	benign	benign	benign	benign	benign	benign	benign	benign	benign	benign	benign
wild_debian	netpbm__cistopbm	-	benign	1046	0.413083	0.030800	5.955897	0.274428	0.274428	false	benign	benign	benign	benign	benign	benign	benign	benign	benign	benign	benign
wild_debian	netpbm__cmuwmtopbm	-	benign	736	0.384296	0.075433	5.767457	0.313855	0.313855	false	benign	benign	benign	benign	benign	benign	benign	benign	benign	benign	benign
wild_debian	netpbm__ddbugtopbm	-	benign	1613	0.614577	0.142639	6.032545	0.234473	0.234473	false	packed	benign	benign	benign	benign	benign	packed	benign	benign	packed	benign
wild_debian	netpbm__escp2topbm	-	benign	1603	0.415189	0.011612	5.910310	0.234988	0.234988	false	benign	benign	benign	benign	benign	benign	benign	benign	benign	benign	benign
wild_debian	netpbm__eyuvtoppm	-	benign	1711	0.536274	0.022301	6.031690	0.229671	0.229671	false	benign	benign	benign	benign	benign	benign	benign	benign	benign	benign	benign
wild_debian	netpbm__fiascotopnm	-	benign	60102	0.568293	0.047433	6.253890	0.096302	0.105178	true	benign	benign	benign	benign	benign	benign	benign	benign	benign	benign	benign
wild_debian	netpbm__fitstopnm	-	benign	5711	0.591386	0.089665	5.936033	0.157049	0.157049	false	benign	benign	benign	benign	benign	benign	benign	benign	benign	benign	benign
wild_debian	netpbm__fstopgm	-	benign	1291	0.633619	0.131777	5.742118	0.253934	0.253934	false	packed	benign	benign	benign	benign	benign	packed	benign	benign	packed	benign
wild_debian	netpbm__g3topbm	-	benign	3838	0.993211	0.083889	6.147554	0.176355	0.176355	false	benign	benign	benign	benign	benign	benign	benign	benign	benign	benign	benign
wild_debian	netpbm__gemtopnm	-	benign	2501	0.422362	-0.011808	6.062442	0.201934	0.201934	false	benign	benign	benign	benign	benign	benign	benign	benign	benign	benign	benign
wild_debian	netpbm__giftopnm	-	benign	9428	0.703771	0.060555	6.078275	0.137580	0.137580	false	benign	benign	benign	benign	benign	benign	benign	benign	benign	benign	benign
wild_debian	netpbm__gouldtoppm	-	benign	1043	0.420740	0.055010	5.759148	0.274723	0.274723	false	benign	benign	benign	benign	benign	benign	benign	benign	benign	benign	benign
wild_debian	netpbm__hdifftopam	-	benign	1010	0.529836	0.077849	5.855549	0.278053	0.278053	false	benign	benign	benign	benign	benign	benign	benign	benign	benign	benign	benign
wild_debian	netpbm__hipstopgm	-	benign	1017	0.510054	0.042952	5.844515	0.277333	0.277333	false	benign	benign	benign	benign	benign	benign	benign	benign	benign	benign	benign
wild_debian	netpbm__ilbmtoppm	-	benign	20652	0.628849	0.052893	6.184815	0.115412	0.115412	false	benign	benign	benign	benign	benign	benign	benign	benign	benign	benign	benign
wild_debian	netpbm__imgtoppm	-	benign	1301	0.526421	0.084560	5.755519	0.253223	0.253223	false	benign	benign	benign	benign	benign	benign	benign	benign	benign	benign	benign
wild_debian	netpbm__infotopam	-	benign	3102	0.667978	0.094596	6.087110	0.188387	0.188387	false	benign	benign	benign	benign	benign	benign	benign	benign	benign	benign	benign
wild_debian	netpbm__jbigtopnm	-	benign	27923	0.638762	0.050241	6.159599	0.108946	0.108946	false	benign	benign	benign	benign	benign	benign	benign	benign	benign	benign	benign
wild_debian	netpbm__jpeg2ktopam	-	benign	142459	0.605951	0.067148	6.279816	0.086814	0.105178	true	benign	benign	benign	benign	benign	benign	benign	benign	benign	benign	benign
wild_debian	netpbm__jpegtopnm	-	benign	11096	0.546288	0.109108	6.144167	0.132233	0.132233	false	packed	benign	benign	benign	benign	benign	packed	benign	benign	packed	benign
wild_debian	netpbm__leaftoppm	-	benign	1907	0.669101	0.020973	5.945830	0.221203	0.221203	false	benign	benign	benign	benign	benign	benign	benign	benign	benign	benign	benign
wild_debian	netpbm__lispmtopgm	-	benign	1055	0.482193	0.122901	5.832215	0.273551	0.273551	false	packed	benign	benign	benign	benign	benign	packed	benign	benign	packed	benign
wild_debian	netpbm__macptopbm	-	benign	1511	0.448118	0.065076	5.848986	0.239959	0.239959	false	benign	benign	benign	benign	benign	benign	benign	benign	benign	benign	benign
wild_debian	netpbm__mdatopbm	-	benign	2121	0.524322	0.010162	5.787788	0.213332	0.213332	false	benign	benign	benign	benign	benign	benign	benign	benign	benign	benign	benign
wild_debian	netpbm__mgrtopbm	-	benign	929	0.619675	0.089339	5.868423	0.286967	0.286967	false	benign	benign	benign	benign	benign	benign	benign	benign	benign	benign	benign
wild_debian	netpbm__mrftopbm	-	benign	1424	0.476099	0.015442	6.043450	0.245097	0.245097	false	benign	benign	benign	benign	benign	benign	benign	benign	benign	benign	benign
wild_debian	netpbm__mtvtoppm	-	benign	646	0.452691	0.161103	5.756523	0.330339	0.330339	false	packed	benign	benign	benign	benign	benign	packed	benign	benign	packed	benign
wild_debian	netpbm__neotoppm	-	benign	703	0.390978	0.227371	5.831445	0.319530	0.319530	false	packed	benign	benign	benign	benign	benign	packed	benign	benign	packed	benign
wild_debian	netpbm__palmtopnm	-	benign	7900	0.578263	0.003652	5.994496	0.143897	0.143897	false	benign	benign	benign	benign	benign	benign	benign	benign	benign	benign	benign
wild_debian	netpbm__pamaddnoise	-	benign	4488	0.553619	0.192103	5.814331	0.168294	0.168294	false	packed	packed	packed	benign	benign	benign	packed	packed	packed	packed	benign
wild_debian	netpbm__pamaltsat	-	benign	2458	0.577212	0.057696	5.885140	0.203090	0.203090	false	benign	benign	benign	benign	benign	benign	benign	benign	benign	benign	benign
wild_debian	netpbm__pamarith	-	benign	7704	0.619526	0.091142	6.017309	0.144841	0.144841	false	benign	benign	benign	benign	benign	benign	benign	benign	benign	benign	benign
wild_debian	netpbm__pambackground	-	benign	2698	0.795567	0.007155	5.917794	0.196997	0.196997	false	benign	benign	benign	benign	benign	benign	benign	benign	benign	benign	benign
wild_debian	netpbm__pambayer	-	benign	2773	0.467067	0.118765	5.909727	0.195258	0.195258	false	packed	benign	benign	benign	benign	benign	packed	benign	benign	packed	benign
wild_debian	netpbm__pambrighten	-	benign	1505	0.382964	0.039056	5.933760	0.240299	0.240299	false	benign	benign	benign	benign	benign	benign	benign	benign	benign	benign	benign
wild_debian	netpbm__pamcat	-	benign	8490	0.618338	0.016787	6.005451	0.141256	0.141256	false	benign	benign	benign	benign	benign	benign	benign	benign	benign	benign	benign
wild_debian	netpbm__pamchannel	-	benign	1239	0.718044	0.079542	5.859006	0.257770	0.257770	false	benign	benign	benign	benign	benign	benign	benign	benign	benign	benign	benign
wild_debian	netpbm__pamcomp	-	benign	6456	0.625569	0.109572	5.839483	0.151827	0.151827	false	packed	benign	benign	benign	benign	benign	packed	benign	benign	packed	benign
wild_debian	netpbm__pamcrater	-	benign	3663	0.551334	0.101108	6.113332	0.178884	0.178884	false	benign	benign	benign	benign	benign	benign	benign	benign	benign	benign	benign
wild_debian	netpbm__pamcut	-	benign	6034	0.622404	0.057440	5.981418	0.154666	0.154666	false	benign	benign	benign	benign	benign	benign	benign	benign	benign	benign	benign
wild_debian	netpbm__pamdeinterlace	-	benign	961	0.547273	0.052146	5.792243	0.283311	0.283311	false	benign	benign	benign	benign	benign	benign	benign	benign	benign	benign	benign
wild_debian	netpbm__pamdepth	-	benign	1204	0.473331	0.070940	5.969302	0.260491	0.260491	false	benign	benign	benign	benign	benign	benign	benign	benign	benign	benign	benign
wild_debian	netpbm__pamdice	-	benign	3166	0.721764	0.094194	5.800432	0.187177	0.187177	false	benign	benign	benign	benign	benign	benign	benign	benign	benign	benign	benign
wild_debian	netpbm__pamditherbw	-	benign	6729	0.569251	0.100880	6.054465	0.150134	0.150134	false	benign	benign	benign	benign	benign	benign	benign	benign	benign	benign	benign
wild_debian	netpbm__pamedge	-	benign	1477	0.720753	0.060963	5.919047	0.241913	0.241913	false	benign	benign	benign	benign	benign	benign	benign	benign	benign	benign	benign
wild_debian	netpbm__pamendian	-	benign	599	0.455516	0.136192	5.904616	0.340390	0.340390	false	packed	benign	benign	benign	benign	benign	packed	benign	benign	packed	benign
wild_debian	netpbm__pamenlarge	-	benign	5701	0.956046	0.160023	6.160510	0.157126	0.157126	false	packed	packed	packed	benign	benign	benign	packed	packed	packed	packed	benign
wild_debian	netpbm__pamexec	-	benign	1074	0.457681	0.044612	5.672469	0.271736	0.271736	false	benign	benign	benign	benign	benign	benign	benign	benign	benign	benign	benign
wild_debian	netpbm__pamfile	-	benign	2373	0.613432	0.187244	5.827257	0.205466	0.205466	false	packed	benign	benign	benign	benign	benign	packed	benign	benign	packed	benign
wild_debian	netpbm__pamfind	-	benign	1686	0.648956	0.126866	5.831768	0.230856	0.230856	false	packed	benign	benign	benign	benign	benign	packed	benign	benign	packed	benign
wild_debian	netpbm__pamfix	-	benign	1755	0.780279	0.133770	5.872511	0.227647	0.227647	false	packed	benign	benign	benign	benign	benign	packed	benign	benign	packed	benign
wild_debian	netpbm__pamflip	-	benign	8097	0.673701	0.097987	6.151094	0.142983	0.142983	false	benign	benign	benign	benign	benign	benign	benign	benign	benign	benign	benign
wild_debian	netpbm__pamfunc	-	benign	3554	0.628943	0.189773	5.823658	0.180553	0.180553	false	packed	packed	packed	benign	benign	benign	packed	packed	packed	packed	benign
wild_debian	netpbm__pamgauss	-	benign	2352	0.666474	0.124561	5.812589	0.206073	0.206073	false	packed	benign	benign	benign	benign	benign	packed	benign	benign	packed	benign
wild_debian	netpbm__pamgetcolor	-	benign	3287	0.835014	0.082717	6.019593	0.184986	0.184986	false	benign	benign	benign	benign	benign	benign	benign	benign	benign	benign	benign
wild_debian	netpbm__pamgradient	-	benign	1473	0.572187	0.047261	5.956316	0.242147	0.242147	false	benign	benign	benign	benign	benign	benign	benign	benign	benign	benign	benign
wild_debian	netpbm__pamhomography	-	benign	6574	0.753203	0.141260	5.779845	0.151082	0.151082	false	packed	benign	benign	benign	benign	benign	packed	benign	benign	packed	benign
wild_debian	netpbm__pamhue	-	benign	1048	0.433025	0.069084	5.781680	0.274232	0.274232	false	benign	benign	benign	benign	benign	benign	benign	benign	benign	benign	benign
wild_debian	netpbm__pamlevels	-	benign	3583	0.619718	0.067875	5.892858	0.180101	0.180101	false	benign	benign	benign	benign	benign	benign	benign	benign	benign	benign	benign
wild_debian	netpbm__pamlookup	-	benign	2500	0.561873	0.098631	5.797312	0.201961	0.201961	false	benign	benign	benign	benign	benign	benign	benign	benign	benign	benign	benign
wild_debian	netpbm__pammasksharpen	-	benign	1570	0.626092	0.067908	5.932219	0.236721	0.236721	false	benign	benign	benign	benign	benign	benign	benign	benign	benign	benign	benign
wild_debian	netpbm__pammixinterlace	-	benign	2316	0.552353	0.008939	6.044013	0.207132	0.207132	false	benign	benign	benign	benign	benign	benign	benign	benign	benign	benign	benign
wild_debian	netpbm__pammixmulti	-	benign	3228	0.590229	0.072009	5.915154	0.186039	0.186039	false	benign	benign	benign	benign	benign	benign	benign	benign	benign	benign	benign
wild_debian	netpbm__pammosaicknit	-	benign	1523	0.518721	0.072574	6.023896	0.239285	0.239285	false	benign	benign	benign	benign	benign	benign	benign	benign	benign	benign	benign
wild_debian	netpbm__pamoil	-	benign	1113	0.499032	0.020495	5.970979	0.268156	0.268156	false	benign	benign	benign	benign	benign	benign	benign	benign	benign	benign	benign
wild_debian	netpbm__pampaintspill	-	benign	4160	0.494064	0.075884	5.784111	0.172125	0.172125	false	benign	benign	benign	benign	benign	benign	benign	benign	benign	benign	benign
wild_debian	netpbm__pamperspective	-	benign	11511	0.604688	0.076856	6.088853	0.131087	0.131087	false	benign	benign	benign	benign	benign	benign	benign	benign	benign	benign	benign
wild_debian	netpbm__pampick	-	benign	1222	0.391851	0.066490	5.824442	0.259077	0.259077	false	benign	benign	benign	benign	benign	benign	benign	benign	benign	benign	benign
wild_debian	netpbm__pampop9	-	benign	811	0.454090	0.155338	5.907599	0.302269	0.302269	false	packed	benign	benign	benign	benign	benign	packed	benign	benign	packed	benign
wild_debian	netpbm__pamrecolor	-	benign	4069	0.476705	0.026989	5.880468	0.173270	0.173270	false	benign	benign	benign	benign	benign	benign	benign	benign	benign	benign	benign
wild_debian	netpbm__pamrestack	-	benign	2138	0.508390	0.059610	6.069006	0.212758	0.212758	false	benign	benign	benign	benign	benign	benign	benign	benign	benign	benign	benign
wild_debian	netpbm__pamrubber	-	benign	19764	0.941746	0.090951	6.186921	0.116438	0.116438	false	benign	benign	benign	benign	benign	benign	benign	benign	benign	benign	benign
wild_debian	netpbm__pamscale	-	benign	12013	0.484402	0.077670	6.076830	0.129781	0.129781	false	benign	benign	benign	benign	benign	benign	benign	benign	benign	benign	benign
wild_debian	netpbm__pamseq	-	benign	2985	0.579926	0.043434	5.930412	0.190700	0.190700	false	benign	benign	benign	benign	benign	benign	benign	benign	benign	benign	benign
wild_debian	netpbm__pamshadedrelief	-	benign	1374	0.343584	-0.003684	5.681926	0.248269	0.248269	false	benign	benign	benign	benign	benign	benign	benign	benign	benign	benign	benign
wild_debian	netpbm__pamsharpmap	-	benign	1557	0.497451	0.063573	6.007319	0.237418	0.237418	false	benign	benign	benign	benign	benign	benign	benign	benign	benign	benign	benign
wild_debian	netpbm__pamsharpness	-	benign	976	0.412947	0.124338	5.913205	0.281659	0.281659	false	packed	benign	benign	benign	benign	benign	packed	benign	benign	packed	benign
wild_debian	netpbm__pamshuffle	-	benign	1027	0.621754	0.141178	5.792388	0.276318	0.276318	false	packed	benign	benign	benign	benign	benign	packed	benign	benign	packed	benign
wild_debian	netpbm__pamsistoaglyph	-	benign	2543	0.574034	0.073102	5.979476	0.200834	0.200834	false	benign	benign	benign	benign	benign	benign	benign	benign	benign	benign	benign
wild_debian	netpbm__pamslice	-	benign	1485	0.632610	0.069583	5.631925	0.241447	0.241447	false	benign	benign	benign	benign	benign	benign	benign	benign	benign	benign	benign
wild_debian	netpbm__pamsplit	-	benign	1024	0.479668	0.117225	5.732475	0.276621	0.276621	false	packed	benign	benign	benign	benign	benign	packed	benign	benign	packed	benign
wild_debian	netpbm__pamstack	-	benign	1610	0.494580	0.031891	5.837348	0.234627	0.234627	false	benign	benign	benign	benign	benign	benign	benign	benign	benign	benign	benign
wild_debian	netpbm__pamstereogram	-	benign	11201	0.556302	0.075692	6.229915	0.131937	0.131937	false	benign	benign	benign	benign	benign	benign	benign	benign	benign	benign	benign
wild_debian	netpbm__pamstretch	-	benign	3141	0.517408	0.024739	5.753483	0.187645	0.187645	false	benign	benign	benign	benign	benign	benign	benign	benign	benign	benign	benign
wild_debian	netpbm__pamsumm	-	benign	1634	0.639990	0.169352	5.999185	0.233408	0.233408	false	packed	benign	benign	benign	benign	benign	packed	benign	benign	packed	benign
wild_debian	netpbm__pamsummcol	-	benign	2135	0.709114	0.076331	5.999887	0.212859	0.212859	false	benign	benign	benign	benign	benign	benign	benign	benign	benign	benign	benign
wild_debian	netpbm__pamtable	-	benign	1198	0.672727	0.116022	5.668934	0.260969	0.260969	false	packed	benign	benign	benign	benign	benign	packed	benign	benign	packed	benign
wild_debian	netpbm__pamthreshold	-	benign	4294	0.865551	0.097508	6.009657	0.170507	0.170507	false	benign	benign	benign	benign	benign	benign	benign	benign	benign	benign	benign
wild_debian	netpbm__pamtilt	-	benign	3440	0.501724	0.056786	6.001355	0.182382	0.182382	false	benign	benign	benign	benign	benign	benign	benign	benign	benign	benign	benign
wild_debian	netpbm__pamtoavs	-	benign	1404	0.653269	0.042240	5.587403	0.246345	0.246345	false	benign	benign	benign	benign	benign	benign	benign	benign	benign	benign	benign
wild_debian	netpbm__pamtodjvurle	-	benign	1712	0.643871	0.096116	5.783123	0.229624	0.229624	false	benign	benign	benign	benign	benign	benign	benign	benign	benign	benign	benign
wild_debian	netpbm__pamtofits	-	benign	2111	0.432701	-0.016296	5.882476	0.213673	0.213673	false	benign	benign	benign	benign	benign	benign	benign	benign	benign	benign	benign
wild_debian	netpbm__pamtogif	-	benign	7222	0.711354	0.097976	6.077694	0.147324	0.147324	false	benign	benign	benign	benign	benign	benign	benign	benign	benign	benign	benign
wild_debian	netpbm__pamtohdiff	-	benign	800	0.465000	0.096591	5.824159	0.303866	0.303866	false	benign	benign	benign	benign	benign	benign	benign	benign	benign	benign	benign
wild_debian	netpbm__pamtohtmltbl	-	benign	2101	0.576504	0.109615	5.969165	0.214016	0.214016	false	packed	benign	benign	benign	benign	benign	packed	benign	benign	packed	benign
wild_debian	netpbm__pamtojpeg2k	-	benign	145484	0.603638	0.067240	6.295344	0.086631	0.105178	true	benign	benign	benign	benign	benign	benign	benign	benign	benign	benign	benign
wild_debian	netpbm__pamtompfont	-	benign	796	0.536633	-0.004170	5.775822	0.304454	0.304454	false	benign	benign	benign	benign	benign	benign	benign	benign	benign	benign	benign
wild_debian	netpbm__pamtooctaveimg	-	benign	1616	0.544978	0.099634	5.685775	0.234319	0.234319	false	benign	benign	benign	benign	benign	benign	benign	benign	benign	benign	benign
wild_debian	netpbm__pamtopam	-	benign	491	0.494521	0.212299	5.669298	0.368731	0.368731	false	packed	benign	benign	benign	benign	benign	packed	benign	benign	packed	benign
wild_debian	netpbm__pamtopdbimg	-	benign	4686	0.640466	0.045976	6.004895	0.166179	0.166179	false	benign	benign	benign	benign	benign	benign	benign	benign	benign	benign	benign
wild_debian	netpbm__pamtopfm	-	benign	1404	0.579755	0.127928	5.933293	0.246345	0.246345	false	packed	benign	benign	benign	benign	benign	packed	benign	benign	packed	benign
wild_debian	netpbm__pamtopng	-	benign	10481	0.618317	0.067356	6.023771	0.134055	0.134055	false	benign	benign	benign	benign	benign	benign	benign	benign	benign	benign	benign
wild_debian	netpbm__pamtopnm	-	benign	910	0.467074	0.072225	5.778225	0.289228	0.289228	false	benign	benign	benign	benign	benign	benign	benign	benign	benign	benign	benign
wild_debian	netpbm__pamtoqoi	-	benign	2737	0.545095	0.121418	5.971856	0.196084	0.196084	false	packed	benign	benign	benign	benign	benign	packed	benign	benign	packed	benign
wild_debian	netpbm__pamtosrf	-	benign	5366	0.743078	0.047110	6.087773	0.159828	0.159828	false	benign	benign	benign	benign	benign	benign	benign	benign	benign	benign	benign
wild_debian	netpbm__pamtosvg	-	benign	46706	0.568238	0.045018	6.216544	0.099939	0.105178	true	benign	benign	benign	benign	benign	benign	benign	benign	benign	benign	benign
wild_debian	netpbm__pamtotga	-	benign	4975	0.689569	0.048313	6.038674	0.163321	0.163321	false	benign	benign	benign	benign	benign	benign	benign	benign	benign	benign	benign
wild_debian	netpbm__pamtotiff	-	benign	10129	0.609444	0.083742	6.027117	0.135172	0.135172	false	benign	benign	benign	benign	benign	benign	benign	benign	benign	benign	benign
wild_debian	netpbm__pamtouil	-	benign	2483	0.554063	0.033045	5.991845	0.202414	0.202414	false	benign	benign	benign	benign	benign	benign	benign	benign	benign	benign	benign
wild_debian	netpbm__pamtowinicon	-	benign	5965	0.621477	0.041100	6.057609	0.155159	0.155159	false	benign	benign	benign	benign	benign	benign	benign	benign	benign	benign	benign
wild_debian	netpbm__pamtoxvmini	-	benign	1258	0.662870	0.117306	5.731835	0.256341	0.256341	false	packed	benign	benign	benign	benign	benign	packed	benign	benign	packed	benign
wild_debian	netpbm__pamtris	-	benign	10619	0.616523	0.043810	6.149069	0.133633	0.133633	false	benign	benign	benign	benign	benign	benign	benign	benign	benign	benign	benign
wild_debian	netpbm__pamundice	-	benign	4246	0.701550	0.054937	5.906376	0.171078	0.171078	false	benign	benign	benign	benign	benign	benign	benign	benign	benign	benign	benign
wild_debian	netpbm__pamunlookup	-	benign	1257	0.490315	0.004864	5.774427	0.256415	0.256415	false	benign	benign	benign	benign	benign	benign	benign	benign	benign	benign	benign
wild_debian	netpbm__pamvalidate	-	benign	822	0.420043	0.091007	5.797170	0.300704	0.300704	false	benign	benign	benign	benign	benign	benign	benign	benign	benign	benign	benign
wild_debian	netpbm__pamwipeout	-	benign	1795	0.514413	0.029879	6.033717	0.225872	0.225872	false	benign	benign	benign	benign	benign	benign	benign	benign	benign	benign	benign
wild_debian	netpbm__pamx	-	benign	17600	0.633920	0.078876	6.125468	0.119256	0.119256	false	benign	benign	benign	benign	benign	benign	benign	benign	benign	benign	benign
wild_debian	netpbm__pbmclean	-	benign	3529	0.667783	0.059128	6.087592	0.180946	0.180946	false	benign	benign	benign	benign	benign	benign	benign	benign	benign	benign	benign
wild_debian	netpbm__pbmlife	-	benign	780	0.604375	0.118233	5.881152	0.306855	0.306855	false	packed	benign	benign	benign	benign	benign	packed	benign	benign	packed	benign
wild_debian	netpbm__pbmmake	-	benign	1025	0.469013	0.074838	5.723880	0.276520	0.276520	false	benign	benign	benign	benign	benign	benign	benign	benign	benign	benign	benign
wild_debian	netpbm__pbmmask	-	benign	2354	0.673903	0.062069	6.070870	0.206015	0.206015	false	benign	benign	benign	benign	benign	benign	benign	benign	benign	benign	benign
wild_debian	netpbm__pbmminkowski	-	benign	1063	0.514085	0.083583	5.996403	0.272781	0.272781	false	benign	benign	benign	benign	benign	benign	benign	benign	benign	benign	benign
wild_debian	netpbm__pbmnoise	-	benign	2551	0.593071	0.040997	5.755913	0.200627	0.200627	false	benign	benign	benign	benign	benign	benign	benign	benign	benign	benign	benign
wild_debian	netpbm__pbmpage	-	benign	2364	0.499379	-0.004397	6.146466	0.205725	0.205725	false	benign	benign	benign	benign	benign	benign	benign	benign	benign	benign	benign
wild_debian	netpbm__pbmpscale	-	benign	2112	0.725896	-0.037400	5.956941	0.213639	0.213639	false	benign	benign	benign	benign	benign	benign	benign	benign	benign	benign	benign
wild_debian	netpbm__pbmreduce	-	benign	2373	0.674695	0.088033	6.063356	0.205466	0.205466	false	benign	benign	benign	benign	benign	benign	benign	benign	benign	benign	benign
wild_debian	netpbm__pbmtext	-	benign	8759	0.594589	0.037478	6.127904	0.140142	0.140142	false	benign	benign	benign	benign	benign	benign	benign	benign	benign	benign	benign
wild_debian	netpbm__pbmtextps	-	benign	4475	0.587067	0.072373	5.741051	0.168438	0.168438	false	benign	benign	benign	benign	benign	benign	benign	benign	benign	benign	benign
wild_debian	netpbm__pbmto10x	-	benign	1850	0.606282	0.041500	5.956251	0.223526	0.223526	false	benign	benign	benign	benign	benign	benign	benign	benign	benign	benign	benign
wild_debian	netpbm__pbmto4425	-	benign	1068	0.373816	0.084838	5.963873	0.272304	0.272304	false	benign	benign	benign	benign	benign	benign	benign	benign	benign	benign	benign
wild_debian	netpbm__pbmtoascii	-	benign	1203	0.591284	0.045577	5.936729	0.260570	0.260570	false	benign	benign	benign	benign	benign	benign	benign	benign	benign	benign	benign
wild_debian	netpbm__pbmtoatk	-	benign	1045	0.460470	0.041590	5.820922	0.274526	0.274526	false	benign	benign	benign	benign	benign	benign	benign	benign	benign	benign	benign
wild_debian	netpbm__pbmtobbnbg	-	benign	839	0.466997	0.064325	5.735786	0.298347	0.298347	false	benign	benign	benign	benign	benign	benign	benign	benign	benign	benign	benign
wild_debian	netpbm__pbmtocis	-	benign	1142	0.423004	-0.019297	5.797499	0.265614	0.265614	false	benign	benign	benign	benign	benign	benign	benign	benign	benign	benign	benign
wild_debian	netpbm__pbmtocmuwm	-	benign	735	0.541099	0.092750	5.888560	0.314021	0.314021	false	benign	benign	benign	benign	benign	benign	benign	benign	benign	benign	benign
wild_debian	netpbm__pbmtodjvurle	-	benign	851	0.482359	0.037692	5.934658	0.296726	0.296726	false	benign	benign	benign	benign	benign	benign	benign	benign	benign	benign	benign
wild_debian	netpbm__pbmtoepsi	-	benign	1565	0.455865	0.072478	6.068304	0.236988	0.236988	false	benign	benign	benign	benign	benign	benign	benign	benign	benign	benign	benign
wild_debian	netpbm__pbmtoepson	-	benign	1787	0.591345	0.039480	5.893424	0.226222	0.226222	false	benign	benign	benign	benign	benign	benign	benign	benign	benign	benign	benign
wild_debian	netpbm__pbmtoescp2	-	benign	2003	0.781486	0.080206	5.730132	0.217516	0.217516	false	benign	benign	benign	benign	benign	benign	benign	benign	benign	benign	benign
wild_debian	netpbm__pbmtog3	-	benign	2620	0.595182	0.045791	6.002933	0.198885	0.198885	false	benign	benign	benign	benign	benign	benign	benign	benign	benign	benign	benign
wild_debian	netpbm__pbmtogem	-	benign	1615	0.574757	0.107581	5.752275	0.234371	0.234371	false	packed	benign	benign	benign	benign	benign	packed	benign	benign	packed	benign
wild_debian	netpbm__pbmtogo	-	benign	1863	0.423839	-0.015366	6.108140	0.222987	0.222987	false	benign	benign	benign	benign	benign	benign	benign	benign	benign	benign	benign
wild_debian	netpbm__pbmtoibm23xx	-	benign	1710	0.573858	0.044535	5.822064	0.229718	0.229718	false	benign	benign	benign	benign	benign	benign	benign	benign	benign	benign	benign
wild_debian	netpbm__pbmtolj	-	benign	3594	0.541567	0.000798	5.965803	0.179931	0.179931	false	benign	benign	benign	benign	benign	benign	benign	benign	benign	benign	benign
wild_debian	netpbm__pbmtoln03	-	benign	1799	0.395717	0.036140	5.822821	0.225698	0.225698	false	benign	benign	benign	benign	benign	benign	benign	benign	benign	benign	benign
wild_debian	netpbm__pbmtolps	-	benign	1760	0.450339	0.017968	5.772177	0.227422	0.227422	false	benign	benign	benign	benign	benign	benign	benign	benign	benign	benign	benign
wild_debian	netpbm__pbmtomacp	-	benign	2697	0.568484	0.012538	5.994152	0.197021	0.197021	false	benign	benign	benign	benign	benign	benign	benign	benign	benign	benign	benign
wild_debian	netpbm__pbmtomatrixorbital	-	benign	654	0.409243	0.136294	5.894194	0.328737	0.328737	false	packed	benign	benign	benign	benign	benign	packed	benign	benign	packed	benign
wild_debian	netpbm__pbmtomda	-	benign	1298	0.497652	0.012168	6.121752	0.253435	0.253435	false	benign	benign	benign	benign	benign	benign	benign	benign	benign	benign	benign
wild_debian	netpbm__pbmtomgr	-	benign	707	0.556822	0.112064	5.884886	0.318821	0.318821	false	packed	benign	benign	benign	benign	benign	packed	benign	benign	packed	benign
wild_debian	netpbm__pbmtomrf	-	benign	1730	0.615487	0.002966	6.156954	0.228787	0.228787	false	benign	benign	benign	benign	benign	benign	benign	benign	benign	benign	benign
wild_debian	netpbm__pbmtonokia	-	benign	2842	0.442401	0.069901	6.028056	0.193719	0.193719	false	benign	benign	benign	benign	benign	benign	benign	benign	benign	benign	benign
wild_debian	netpbm__pbmtopgm	-	benign	1096	0.622480	0.028251	6.073179	0.269693	0.269693	false	benign	benign	benign	benign	benign	benign	benign	benign	benign	benign	benign
wild_debian	netpbm__pbmtopi3	-	benign	751	0.453253	0.012899	5.870466	0.311399	0.311399	false	benign	benign	benign	benign	benign	benign	benign	benign	benign	benign	benign
wild_debian	netpbm__pbmtopk	-	benign	10147	0.521970	0.048514	6.104147	0.135114	0.135114	false	benign	benign	benign	benign	benign	benign	benign	benign	benign	benign	benign
wild_debian	netpbm__pbmtoplot	-	benign	712	0.409235	0.085258	5.699279	0.317943	0.317943	false	benign	benign	benign	benign	benign	benign	benign	benign	benign	benign	benign
wild_debian	netpbm__pbmtoppa	-	benign	11237	0.611568	0.006461	6.138221	0.131837	0.131837	false	benign	benign	benign	benign	benign	benign	benign	benign	benign	benign	benign
wild_debian	netpbm__pbmtopsg3	-	benign	1760	0.400479	0.009845	6.009797	0.227422	0.227422	false	benign	benign	benign	benign	benign	benign	benign	benign	benign	benign	benign
wild_debian	netpbm__pbmtoptx	-	benign	678	0.469605	0.150145	5.924941	0.324103	0.324103	false	packed	benign	benign	benign	benign	benign	packed	benign	benign	packed	benign
wild_debian	netpbm__pbmtosunicon	-	benign	1016	0.493019	0.060487	5.930812	0.277436	0.277436	false	benign	benign	benign	benign	benign	benign	benign	benign	benign	benign	benign
wild_debian	netpbm__pbmtowbmp	-	benign	692	0.414686	0.021654	5.816457	0.321512	0.321512	false	benign	benign	benign	benign	benign	benign	benign	benign	benign	benign	benign
wild_debian	netpbm__pbmtoxbm	-	benign	2428	0.571246	0.112166	6.020933	0.203914	0.203914	false	packed	benign	benign	benign	benign	benign	packed	benign	benign	packed	benign
wild_debian	netpbm__pbmtoybm	-	benign	683	0.438017	0.080495	5.968927	0.323168	0.323168	false	benign	benign	benign	benign	benign	benign	benign	benign	benign	benign	benign
wild_debian	netpbm__pbmtozinc	-	benign	924	0.500320	0.094553	5.830308	0.287555	0.287555	false	benign	benign	benign	benign	benign	benign	benign	benign	benign	benign	benign
wild_debian	netpbm__pbmupc	-	benign	4066	0.466241	0.051666	5.960076	0.173308	0.173308	false	benign	benign	benign	benign	benign	benign	benign	benign	benign	benign	benign
wild_debian	netpbm__pc1toppm	-	benign	1054	0.383124	0.067764	6.086836	0.273648	0.273648	false	benign	benign	benign	benign	benign	benign	benign	benign	benign	benign	benign
wild_debian	netpbm__pcxtoppm	-	benign	4335	0.585026	0.007705	6.056619	0.170027	0.170027	false	benign	benign	benign	benign	benign	benign	benign	benign	benign	benign	benign
wild_debian	netpbm__pdbimgtopam	-	benign	4564	0.558103	0.057860	5.990599	0.167466	0.167466	false	benign	benign	benign	benign	benign	benign	benign	benign	benign	benign	benign
wild_debian	netpbm__pfmtopam	-	benign	1823	0.470955	0.060533	5.848942	0.224664	0.224664	false	benign	benign	benign	benign	benign	benign	benign	benign	benign	benign	benign
wild_debian	netpbm__pgmabel	-	benign	3604	0.750432	0.061963	5.949472	0.179778	0.179778	false	benign	benign	benign	benign	benign	benign	benign	benign	benign	benign	benign
wild_debian	netpbm__pgmbentley	-	benign	609	0.395433	0.100288	5.805132	0.338154	0.338154	false	benign	benign	benign	benign	benign	benign	benign	benign	benign	benign	benign
wild_debian	netpbm__pgmdeshadow	-	benign	1485	0.449764	0.056669	6.132887	0.241447	0.241447	false	benign	benign	benign	benign	benign	benign	benign	benign	benign	benign	benign
wild_debian	netpbm__pgmenhance	-	benign	1031	0.481081	0.021891	6.017020	0.275916	0.275916	false	benign	benign	benign	benign	benign	benign	benign	benign	benign	benign	benign
wild_debian	netpbm__pgmhist	-	benign	3118	0.628929	0.090615	6.003448	0.188081	0.188081	false	benign	benign	benign	benign	benign	benign	benign	benign	benign	benign	benign
wild_debian	netpbm__pgmkernel	-	benign	1622	0.477588	0.028962	5.979821	0.234014	0.234014	false	benign	benign	benign	benign	benign	benign	benign	benign	benign	benign	benign
wild_debian	netpbm__pgmmake	-	benign	907	0.455254	0.035634	5.796187	0.289591	0.289591	false	benign	benign	benign	benign	benign	benign	benign	benign	benign	benign	benign
wild_debian	netpbm__pgmmedian	-	benign	4007	0.545126	0.024983	6.049034	0.174071	0.174071	false	benign	benign	benign	benign	benign	benign	benign	benign	benign	benign	benign
wild_debian	netpbm__pgmminkowski	-	benign	1838	0.435272	0.019098	5.952334	0.224029	0.224029	false	benign	benign	benign	benign	benign	benign	benign	benign	benign	benign	benign
wild_debian	netpbm__pgmmorphconv	-	benign	2754	0.669246	0.039377	6.002152	0.195692	0.195692	false	benign	benign	benign	benign	benign	benign	benign	benign	benign	benign	benign
wild_debian	netpbm__pgmnoise	-	benign	1473	0.618632	0.056166	5.886077	0.242147	0.242147	false	benign	benign	benign	benign	benign	benign	benign	benign	benign	benign	benign
wild_debian	netpbm__pgmramp	-	benign	1745	0.671355	0.211787	5.760122	0.228100	0.228100	false	packed	benign	benign	benign	benign	benign	packed	benign	benign	packed	benign
wild_debian	netpbm__pgmtexture	-	benign	11812	0.437610	-0.012750	6.118596	0.130294	0.130294	false	benign	benign	benign	benign	benign	benign	benign	benign	benign	benign	benign
wild_debian	netpbm__pgmtofs	-	benign	1045	0.495388	0.100169	5.779910	0.274526	0.274526	false	benign	benign	benign	benign	benign	benign	benign	benign	benign	benign	benign
wild_debian	netpbm__pgmtolispm	-	benign	1029	0.476927	0.021191	5.858756	0.276116	0.276116	false	benign	benign	benign	benign	benign	benign	benign	benign	benign	benign	benign
wild_debian	netpbm__pgmtopbm	-	benign	5524	0.546301	0.093982	5.964865	0.158523	0.158523	false	benign	benign	benign	benign	benign	benign	benign	benign	benign	benign	benign
wild_debian	netpbm__pgmtopgm	-	benign	441	0.389973	0.029686	5.509731	0.385253	0.385253	false	benign	benign	benign	benign	benign	benign	benign	benign	benign	benign	benign
wild_debian	netpbm__pgmtoppm	-	benign	1907	0.855972	0.039636	5.787972	0.221203	0.221203	false	benign	benign	benign	benign	benign	benign	benign	benign	benign	benign	benign
wild_debian	netpbm__pgmtosbig	-	benign	787	0.474500	0.130418	5.721078	0.305796	0.305796	false	packed	benign	benign	benign	benign	benign	packed	benign	benign	packed	benign
wild_debian	netpbm__pgmtost4	-	benign	782	0.524809	0.186322	5.663892	0.306551	0.306551	false	packed	benign	benign	benign	benign	benign	packed	benign	benign	packed	benign
wild_debian	netpbm__pi1toppm	-	benign	662	0.507393	0.233591	5.825662	0.327165	0.327165	false	packed	benign	benign	benign	benign	benign	packed	benign	benign	packed	benign
wild_debian	netpbm__pi3topbm	-	benign	773	0.354417	-0.029123	5.773849	0.307928	0.307928	false	benign	benign	benign	benign	benign	benign	benign	benign	benign	benign	benign
wild_debian	netpbm__pjtoppm	-	benign	3072	0.606822	0.084493	5.936991	0.188968	0.188968	false	benign	benign	benign	benign	benign	benign	benign	benign	benign	benign	benign
wild_debian	netpbm__pktopbm	-	benign	4761	0.549326	0.026886	6.036742	0.165412	0.165412	false	benign	benign	benign	benign	benign	benign	benign	benign	benign	benign	benign
wild_debian	netpbm__pngtopam	-	benign	11373	0.599571	0.095571	6.023767	0.131461	0.131461	false	benign	benign	benign	benign	benign	benign	benign	benign	benign	benign	benign
wild_debian	netpbm__pnmalias	-	benign	3817	0.613884	0.097839	5.854475	0.176649	0.176649	false	benign	benign	benign	benign	benign	benign	benign	benign	benign	benign	benign
wild_debian	netpbm__pnmcolormap	-	benign	5406	0.641469	0.070398	6.093430	0.159492	0.159492	false	benign	benign	benign	benign	benign	benign	benign	benign	benign	benign	benign
wild_debian	netpbm__pnmconvol	-	benign	15658	0.580294	0.023834	6.186644	0.122267	0.122267	false	benign	benign	benign	benign	benign	benign	benign	benign	benign	benign	benign
wild_debian	netpbm__pnmcrop	-	benign	9621	0.792492	0.118382	5.826285	0.136891	0.136891	false	packed	benign	benign	benign	benign	benign	packed	benign	benign	packed	benign
wild_debian	netpbm__pnmgamma	-	benign	6624	0.451590	0.047249	5.818832	0.150772	0.150772	false	benign	benign	benign	benign	benign	benign	benign	benign	benign	benign	benign
wild_debian	netpbm__pnmhisteq	-	benign	2922	0.712832	0.067027	6.048972	0.192003	0.192003	false	benign	benign	benign	benign	benign	benign	benign	benign	benign	benign	benign
wild_debian	netpbm__pnmhistmap	-	benign	5083	0.528333	0.052039	5.900250	0.162316	0.162316	false	benign	benign	benign	benign	benign	benign	benign	benign	benign	benign	benign
wild_debian	netpbm__pnmindex	-	benign	4451	0.552480	0.054489	5.773206	0.168705	0.168705	false	benign	benign	benign	benign	benign	benign	benign	benign	benign	benign	benign
wild_debian	netpbm__pnminvert	-	benign	803	0.508463	0.034807	5.880066	0.303427	0.303427	false	benign	benign	benign	benign	benign	benign	benign	benign	benign	benign	benign
wild_debian	netpbm__pnmmercator	-	benign	3123	0.550692	0.007091	5.935411	0.187986	0.187986	false	benign	benign	benign	benign	benign	benign	benign	benign	benign	benign	benign
wild_debian	netpbm__pnmmontage	-	benign	5900	0.584512	0.027585	6.069495	0.155631	0.155631	false	benign	benign	benign	benign	benign	benign	benign	benign	benign	benign	benign
wild_debian	netpbm__pnmnlfilt	-	benign	9288	0.528223	0.010326	6.289934	0.138093	0.138093	false	benign	benign	benign	benign	benign	benign	benign	benign	benign	benign	benign
wild_debian	netpbm__pnmnorm	-	benign	5910	0.592467	0.061502	6.019921	0.155558	0.155558	false	benign	benign	benign	benign	benign	benign	benign	benign	benign	benign	benign
wild_debian	netpbm__pnmpad	-	benign	6889	0.933671	0.079569	6.032500	0.149189	0.149189	false	benign	benign	benign	benign	benign	benign	benign	benign	benign	benign	benign
wild_debian	netpbm__pnmpaste	-	benign	3198	0.726818	0.055521	5.888005	0.186585	0.186585	false	benign	benign	benign	benign	benign	benign	benign	benign	benign	benign	benign
wild_debian	netpbm__pnmpsnr	-	benign	3508	0.541444	0.116624	5.817753	0.181280	0.181280	false	packed	benign	benign	benign	benign	benign	packed	benign	benign	packed	benign
wild_debian	netpbm__pnmremap	-	benign	5927	0.559209	0.087982	5.911839	0.155434	0.155434	false	benign	benign	benign	benign	benign	benign	benign	benign	benign	benign	benign
wild_debian	netpbm__pnmrotate	-	benign	5178	0.811651	0.103337	6.005514	0.161458	0.161458	false	benign	benign	benign	benign	benign	benign	benign	benign	benign	benign	benign
wild_debian	netpbm__pnmscalefixed	-	benign	5389	0.561415	0.045706	6.092281	0.159634	0.159634	false	benign	benign	benign	benign	benign	benign	benign	benign	benign	benign	benign
wild_debian	netpbm__pnmshear	-	benign	1998	0.682860	0.094793	5.946912	0.217701	0.217701	false	benign	benign	benign	benign	benign	benign	benign	benign	benign	benign	benign
wild_debian	netpbm__pnmsmooth	-	benign	1366	0.588310	0.104766	5.731874	0.248792	0.248792	false	benign	benign	benign	benign	benign	benign	benign	benign	benign	benign	benign
wild_debian	netpbm__pnmstitch	-	benign	12720	0.631636	0.076212	6.304783	0.128074	0.128074	false	benign	benign	benign	benign	benign	benign	benign	benign	benign	benign	benign
wild_debian	netpbm__pnmtile	-	benign	641	0.417602	0.018092	5.833978	0.331356	0.331356	false	benign	benign	benign	benign	benign	benign	benign	benign	benign	benign	benign
wild_debian	netpbm__pnmtoddif	-	benign	3599	0.475860	0.008450	5.921621	0.179854	0.179854	false	benign	benign	benign	benign	benign	benign	benign	benign	benign	benign	benign
wild_debian	netpbm__pnmtofiasco	-	benign	113738	0.622891	0.046118	6.283376	0.088910	0.105178	true	benign	benign	benign	benign	benign	benign	benign	benign	benign	benign	benign
wild_debian	netpbm__pnmtojbig	-	benign	29424	0.611600	0.045005	6.124714	0.107920	0.107920	false	benign	benign	benign	benign	benign	benign	benign	benign	benign	benign	benign
wild_debian	netpbm__pnmtojpeg	-	benign	7043	0.718051	0.126015	5.816738	0.148310	0.148310	false	packed	benign	benign	benign	benign	benign	packed	benign	benign	packed	benign
wild_debian	netpbm__pnmtopalm	-	benign	8658	0.715430	0.071688	5.981634	0.140554	0.140554	false	benign	benign	benign	benign	benign	benign	benign	benign	benign	benign	benign
wild_debian	netpbm__pnmtopclxl	-	benign	8940	0.516619	0.057569	6.134861	0.139420	0.139420	false	benign	benign	benign	benign	benign	benign	benign	benign	benign	benign	benign
wild_debian	netpbm__pnmtopng	-	benign	22279	0.603834	0.104845	6.089459	0.113693	0.113693	false	benign	benign	benign	benign	benign	benign	benign	benign	benign	benign	benign
wild_debian	netpbm__pnmtops	-	benign	12629	0.501654	0.064383	5.948688	0.128286	0.128286	false	benign	benign	benign	benign	benign	benign	benign	benign	benign	benign	benign
wild_debian	netpbm__pnmtorast	-	benign	5624	0.611290	0.041360	5.923446	0.157725	0.157725	false	benign	benign	benign	benign	benign	benign	benign	benign	benign	benign	benign
wild_debian	netpbm__pnmtorle	-	benign	10672	0.646829	0.126873	6.252533	0.133473	0.133473	false	packed	benign	benign	benign	benign	benign	packed	benign	benign	packed	benign
wild_debian	netpbm__pnmtosgi	-	benign	2695	0.579749	0.057937	5.872889	0.197069	0.197069	false	benign	benign	benign	benign	benign	benign	benign	benign	benign	benign	benign
wild_debian	netpbm__pnmtosir	-	benign	1208	0.543857	0.067754	5.985253	0.260174	0.260174	false	benign	benign	benign	benign	benign	benign	benign	benign	benign	benign	benign
wild_debian	netpbm__pnmtotiffcmyk	-	benign	7771	0.607194	0.106369	6.101497	0.144515	0.144515	false	packed	benign	benign	benign	benign	benign	packed	benign	benign	packed	benign
wild_debian	netpbm__pnmtoxwd	-	benign	3016	0.496446	-0.003348	5.981471	0.190074	0.190074	false	benign	benign	benign	benign	benign	benign	benign	benign	benign	benign	benign
wild_debian	netpbm__ppm3d	-	benign	2035	0.654841	0.091385	5.819680	0.216345	0.216345	false	benign	benign	benign	benign	benign	benign	benign	benign	benign	benign	benign
wild_debian	netpbm__ppmchange	-	benign	1591	0.614634	0.038936	6.014344	0.235611	0.235611	false	benign	benign	benign	benign	benign	benign	benign	benign	benign	benign	benign
wild_debian	netpbm__ppmcie	-	benign	8751	0.938052	0.065576	5.984152	0.140174	0.140174	false	benign	benign	benign	benign	benign	benign	benign	benign	benign	benign	benign
wild_debian	netpbm__ppmcolormask	-	benign	1667	0.635483	0.076931	5.760234	0.231775	0.231775	false	benign	benign	benign	benign	benign	benign	benign	benign	benign	benign	benign
wild_debian	netpbm__ppmcolors	-	benign	500	0.335696	0.033810	5.484622	0.366023	0.366023	false	benign	benign	benign	benign	benign	benign	benign	benign	benign	benign	benign
wild_debian	netpbm__ppmdcfont	-	benign	1677	0.482709	0.032209	5.690199	0.231289	0.231289	false	benign	benign	benign	benign	benign	benign	benign	benign	benign	benign	benign
wild_debian	netpbm__ppmddumpfont	-	benign	581	0.598582	0.106689	5.855707	0.344558	0.344558	false	packed	benign	benign	benign	benign	benign	packed	benign	benign	packed	benign
wild_debian	netpbm__ppmdim	-	benign	655	0.532160	0.164487	5.840352	0.328539	0.328539	false	packed	benign	benign	benign	benign	benign	packed	benign	benign	packed	benign
wild_debian	netpbm__ppmdist	-	benign	1068	0.418039	0.115843	6.067586	0.272304	0.272304	false	packed	benign	benign	benign	benign	benign	packed	benign	benign	packed	benign
wild_debian	netpbm__ppmdither	-	benign	2737	0.680234	0.104353	5.823402	0.196084	0.196084	false	benign	benign	benign	benign	benign	benign	benign	benign	benign	benign	benign
wild_debian	netpbm__ppmdmkfont	-	benign	713	0.677349	0.191022	5.773920	0.317769	0.317769	false	packed	benign	benign	benign	benign	benign	packed	benign	benign	packed	benign
wild_debian	netpbm__ppmdraw	-	benign	5049	0.506949	0.088114	5.864896	0.162629	0.162629	false	benign	benign	benign	benign	benign	benign	benign	benign	benign	benign	benign
wild_debian	netpbm__ppmflash	-	benign	687	0.546732	0.101007	5.880269	0.322428	0.322428	false	benign	benign	benign	benign	benign	benign	benign	benign	benign	benign	benign
wild_debian	netpbm__ppmforge	-	benign	10608	0.606348	0.078262	6.055885	0.133666	0.133666	false	benign	benign	benign	benign	benign	benign	benign	benign	benign	benign	benign
wild_debian	netpbm__ppmglobe	-	benign	1105	0.472143	0.007863	6.035175	0.268875	0.268875	false	benign	benign	benign	benign	benign	benign	benign	benign	benign	benign	benign
wild_debian	netpbm__ppmhist	-	benign	4084	0.694184	0.200796	5.971470	0.173078	0.173078	false	packed	packed	packed	benign	benign	benign	packed	packed	packed	packed	benign
wild_debian	netpbm__ppmlabel	-	benign	2700	0.486998	0.010161	5.846398	0.196950	0.196950	false	benign	benign	benign	benign	benign	benign	benign	benign	benign	benign	benign
wild_debian	netpbm__ppmmake	-	benign	716	0.665451	0.065148	5.727757	0.317248	0.317248	false	benign	benign	benign	benign	benign	benign	benign	benign	benign	benign	benign
wild_debian	netpbm__ppmmix	-	benign	853	0.465208	0.039161	5.936649	0.296459	0.296459	false	benign	benign	benign	benign	benign	benign	benign	benign	benign	benign	benign
wild_debian	netpbm__ppmntsc	-	benign	3147	0.731907	0.095090	5.891906	0.187532	0.187532	false	benign	benign	benign	benign	benign	benign	benign	benign	benign	benign	benign
wild_debian	netpbm__ppmpat	-	benign	12737	0.614739	0.017544	6.060050	0.128035	0.128035	false	benign	benign	benign	benign	benign	benign	benign	benign	benign	benign	benign
wild_debian	netpbm__ppmrelief	-	benign	990	0.629595	0.105057	5.901748	0.280152	0.280152	false	benign	benign	benign	benign	benign	benign	benign	benign	benign	benign	benign
wild_debian	netpbm__ppmrough	-	benign	4686	0.541201	0.172340	6.100611	0.166179	0.166179	false	packed	packed	packed	benign	benign	benign	packed	packed	packed	packed	benign
wild_debian	netpbm__ppmshift	-	benign	1022	0.406236	0.017620	5.941094	0.276824	0.276824	false	benign	benign	benign	benign	benign	benign	benign	benign	benign	benign	benign
wild_debian	netpbm__ppmspread	-	benign	1147	0.639744	0.089461	5.882336	0.265186	0.265186	false	benign	benign	benign	benign	benign	benign	benign	benign	benign	benign	benign
wild_debian	netpbm__ppmtoacad	-	benign	3230	0.456421	0.017902	6.037337	0.186002	0.186002	false	benign	benign	benign	benign	benign	benign	benign	benign	benign	benign	benign
wild_debian	netpbm__ppmtoapplevol	-	benign	651	0.513378	0.071087	5.772963	0.329335	0.329335	false	benign	benign	benign	benign	benign	benign	benign	benign	benign	benign	benign
wild_debian	netpbm__ppmtoarbtxt	-	benign	4618	0.519482	0.141874	5.950641	0.166890	0.166890	false	packed	benign	benign	benign	benign	benign	packed	benign	benign	packed	benign
wild_debian	netpbm__ppmtoascii	-	benign	1776	0.586141	-0.001228	5.829295	0.226708	0.226708	false	benign	benign	benign	benign	benign	benign	benign	benign	benign	benign	benign
wild_debian	netpbm__ppmtobmp	-	benign	5098	0.576748	0.036060	6.000430	0.162179	0.162179	false	benign	benign	benign	benign	benign	benign	benign	benign	benign	benign	benign
wild_debian	netpbm__ppmtoeyuv	-	benign	3935	0.698648	0.096784	6.090119	0.175026	0.175026	false	benign	benign	benign	benign	benign	benign	benign	benign	benign	benign	benign
wild_debian	netpbm__ppmtogif	-	benign	2485	0.671113	0.070407	5.710446	0.202361	0.202361	false	benign	benign	benign	benign	benign	benign	benign	benign	benign	benign	benign
wild_debian	netpbm__ppmtoicr	-	benign	2170	0.650258	0.037589	6.095439	0.211696	0.211696	false	benign	benign	benign	benign	benign	benign	benign	benign	benign	benign	benign
wild_debian	netpbm__ppmtoilbm	-	benign	16806	0.623123	0.010845	6.327327	0.120424	0.120424	false	benign	benign	benign	benign	benign	benign	benign	benign	benign	benign	benign
wild_debian	netpbm__ppmtoleaf	-	benign	1987	0.536568	0.098143	5.932086	0.218112	0.218112	false	benign	benign	benign	benign	benign	benign	benign	benign	benign	benign	benign
wild_debian	netpbm__ppmtolj	-	benign	1939	0.531140	0.023855	5.896369	0.219943	0.219943	false	benign	benign	benign	benign	benign	benign	benign	benign	benign	benign	benign
wild_debian	netpbm__ppmtomitsu	-	benign	9112	0.534164	0.012207	5.745982	0.138755	0.138755	false	benign	benign	benign	benign	benign	benign	benign	benign	benign	benign	benign
wild_debian	netpbm__ppmtompeg	-	benign	130561	0.813396	0.058877	6.278926	0.087598	0.105178	true	benign	benign	benign	benign	benign	benign	benign	benign	benign	benign	benign
wild_debian	netpbm__ppmtoneo	-	benign	979	0.572911	0.046350	5.964637	0.281334	0.281334	false	benign	benign	benign	benign	benign	benign	benign	benign	benign	benign	benign
wild_debian	netpbm__ppmtopcx	-	benign	6064	0.534100	0.060259	6.060690	0.154454	0.154454	false	benign	benign	benign	benign	benign	benign	benign	benign	benign	benign	benign
wild_debian	netpbm__ppmtopgm	-	benign	860	0.676430	0.026989	5.852149	0.295533	0.295533	false	benign	benign	benign	benign	benign	benign	benign	benign	benign	benign	benign
wild_debian	netpbm__ppmtopi1	-	benign	926	0.529783	0.083842	5.969167	0.287319	0.287319	false	benign	benign	benign	benign	benign	benign	benign	benign	benign	benign	benign
wild_debian	netpbm__ppmtopict	-	benign	2590	0.551703	0.018031	5.996662	0.199634	0.199634	false	benign	benign	benign	benign	benign	benign	benign	benign	benign	benign	benign
wild_debian	netpbm__ppmtopj	-	benign	2192	0.466016	0.001878	5.947977	0.210979	0.210979	false	benign	benign	benign	benign	benign	benign	benign	benign	benign	benign	benign
wild_debian	netpbm__ppmtopjxl	-	benign	3654	0.547206	0.023482	5.968134	0.179019	0.179019	false	benign	benign	benign	benign	benign	benign	benign	benign	benign	benign	benign
wild_debian	netpbm__ppmtoppm	-	benign	410	0.418365	-0.015865	5.470210	0.396983	0.396983	false	benign	benign	benign	benign	benign	benign	benign	benign	benign	benign	benign
wild_debian	netpbm__ppmtopuzz	-	benign	805	0.511945	0.108326	5.925161	0.303136	0.303136	false	packed	benign	benign	benign	benign	benign	packed	benign	benign	packed	benign
wild_debian	netpbm__ppmtorgb3	-	benign	992	0.497239	0.090390	5.845119	0.279939	0.279939	false	benign	benign	benign	benign	benign	benign	benign	benign	benign	benign	benign
wild_debian	netpbm__ppmtosixel	-	benign	1613	0.470731	0.053711	5.923895	0.234473	0.234473	false	benign	benign	benign	benign	benign	benign	benign	benign	benign	benign	benign
wild_debian	netpbm__ppmtospu	-	benign	2846	0.489114	0.016722	5.981554	0.193631	0.193631	false	benign	benign	benign	benign	benign	benign	benign	benign	benign	benign	benign
wild_debian	netpbm__ppmtoterm	-	benign	1025	0.366870	0.030876	6.000517	0.276520	0.276520	false	benign	benign	benign	benign	benign	benign	benign	benign	benign	benign	benign
wild_debian	netpbm__ppmtowinicon	-	benign	6302	0.579448	0.056478	6.033162	0.152830	0.152830	false	benign	benign	benign	benign	benign	benign	benign	benign	benign	benign	benign
wild_debian	netpbm__ppmtoxpm	-	benign	3197	0.599505	0.004862	5.807133	0.186604	0.186604	false	benign	benign	benign	benign	benign	benign	benign	benign	benign	benign	benign
wild_debian	netpbm__ppmtoyuv	-	benign	952	0.729284	-0.022218	6.094613	0.284320	0.284320	false	benign	benign	benign	benign	benign	benign	benign	benign	benign	benign	benign
wild_debian	netpbm__ppmtoyuvsplit	-	benign	1850	0.518019	0.057680	5.552583	0.223526	0.223526	false	benign	benign	benign	benign	benign	benign	benign	benign	benign	benign	benign
wild_debian	netpbm__ppmtv	-	benign	698	0.532109	0.109454	5.934692	0.320425	0.320425	false	packed	benign	benign	benign	benign	benign	packed	benign	benign	packed	benign
wild_debian	netpbm__ppmwheel	-	benign	2077	0.551481	0.088990	5.774752	0.214850	0.214850	false	benign	benign	benign	benign	benign	benign	benign	benign	benign	benign	benign
wild_debian	netpbm__psidtopgm	-	benign	1099	0.377579	0.033041	5.961522	0.269419	0.269419	false	benign	benign	benign	benign	benign	benign	benign	benign	benign	benign	benign
wild_debian	netpbm__pstopnm	-	benign	7108	0.618812	0.149630	5.750819	0.147947	0.147947	false	packed	packed	packed	benign	benign	benign	packed	packed	packed	packed	benign
wild_debian	netpbm__qoitopam	-	benign	2239	0.770394	0.148079	5.906670	0.209483	0.209483	false	packed	benign	benign	benign	benign	benign	packed	benign	benign	packed	benign
wild_debian	netpbm__qrttoppm	-	benign	750	0.482672	0.070660	5.773573	0.311561	0.311561	false	benign	benign	benign	benign	benign	benign	benign	benign	benign	benign	benign
wild_debian	netpbm__rasttopnm	-	benign	6072	0.783898	0.124143	5.933780	0.154398	0.154398	false	packed	benign	benign	benign	benign	benign	packed	benign	benign	packed	benign
wild_debian	netpbm__rawtopgm	-	benign	2102	0.572575	0.113492	6.023121	0.213982	0.213982	false	packed	benign	benign	benign	benign	benign	packed	benign	benign	packed	benign
wild_debian	netpbm__rawtoppm	-	benign	2313	0.543156	0.055565	5.901266	0.207222	0.207222	false	benign	benign	benign	benign	benign	benign	benign	benign	benign	benign	benign
wild_debian	netpbm__rgb3toppm	-	benign	835	0.438972	-0.002860	5.819479	0.298896	0.298896	false	benign	benign	benign	benign	benign	benign	benign	benign	benign	benign	benign
wild_debian	netpbm__rlatopam	-	benign	2167	0.561291	0.179905	5.967457	0.211794	0.211794	false	packed	benign	benign	benign	benign	benign	packed	benign	benign	packed	benign
wild_debian	netpbm__rletopnm	-	benign	13168	0.560682	0.099833	6.163957	0.127065	0.127065	false	benign	benign	benign	benign	benign	benign	benign	benign	benign	benign	benign
wild_debian	netpbm__sbigtopgm	-	benign	1620	0.556048	0.112194	5.890306	0.234116	0.234116	false	packed	benign	benign	benign	benign	benign	packed	benign	benign	packed	benign
wild_debian	netpbm__sgitopnm	-	benign	4292	0.616964	0.076476	6.065374	0.170531	0.170531	false	benign	benign	benign	benign	benign	benign	benign	benign	benign	benign	benign
wild_debian	netpbm__sirtopnm	-	benign	930	0.416247	0.083876	5.941506	0.286849	0.286849	false	benign	benign	benign	benign	benign	benign	benign	benign	benign	benign	benign
wild_debian	netpbm__sldtoppm	-	benign	4610	0.611874	0.111375	5.903644	0.166974	0.166974	false	packed	benign	benign	benign	benign	benign	packed	benign	benign	packed	benign
wild_debian	netpbm__spctoppm	-	benign	1350	0.541559	0.058932	6.214274	0.249853	0.249853	false	benign	benign	benign	benign	benign	benign	benign	benign	benign	benign	benign
wild_debian	netpbm__spottopgm	-	benign	1514	0.496476	0.029769	5.695008	0.239790	0.239790	false	benign	benign	benign	benign	benign	benign	benign	benign	benign	benign	benign
wild_debian	netpbm__sputoppm	-	benign	790	0.320035	0.103865	6.032659	0.305346	0.305346	false	benign	benign	benign	benign	benign	benign	benign	benign	benign	benign	benign
wild_debian	netpbm__srftopam	-	benign	5181	0.682099	0.025314	6.036883	0.161431	0.161431	false	benign	benign	benign	benign	benign	benign	benign	benign	benign	benign	benign
wild_debian	netpbm__st4topgm	-	benign	1315	0.560038	0.260282	5.415803	0.252241	0.252241	false	packed	packed	packed	benign	benign	benign	packed	packed	packed	packed	benign
wild_debian	netpbm__sunicontopnm	-	benign	1652	0.614022	0.043186	5.850742	0.232511	0.232511	false	benign	benign	benign	benign	benign	benign	benign	benign	benign	benign	benign
wild_debian	netpbm__svgtopam	-	benign	3575	0.677306	0.081253	5.848296	0.180225	0.180225	false	benign	benign	benign	benign	benign	benign	benign	benign	benign	benign	benign
wild_debian	netpbm__tgatoppm	-	benign	4169	0.838875	0.055736	5.885165	0.172014	0.172014	false	benign	benign	benign	benign	benign	benign	benign	benign	benign	benign	benign
wild_debian	netpbm__thinkjettopbm	-	benign	6159	0.463596	0.074764	5.941177	0.153795	0.153795	false	benign	benign	benign	benign	benign	benign	benign	benign	benign	benign	benign
wild_debian	netpbm__tifftopnm	-	benign	8581	0.704207	0.066589	6.020786	0.140873	0.140873	false	benign	benign	benign	benign	benign	benign	benign	benign	benign	benign	benign
wild_debian	netpbm__wbmptopbm	-	benign	957	0.594493	0.079692	5.931521	0.283758	0.283758	false	benign	benign	benign	benign	benign	benign	benign	benign	benign	benign	benign
wild_debian	netpbm__winicontopam	-	benign	7489	0.741917	0.055903	6.158886	0.145919	0.145919	false	benign	benign	benign	benign	benign	benign	benign	benign	benign	benign	benign
wild_debian	netpbm__winicontoppm	-	benign	5921	0.638614	0.043089	6.119447	0.155477	0.155477	false	benign	benign	benign	benign	benign	benign	benign	benign	benign	benign	benign
wild_debian	netpbm__xbmtopbm	-	benign	1818	0.459652	0.067393	5.920858	0.224878	0.224878	false	benign	benign	benign	benign	benign	benign	benign	benign	benign	benign	benign
wild_debian	netpbm__ximtoppm	-	benign	2458	0.553191	0.090203	5.889774	0.203090	0.203090	false	benign	benign	benign	benign	benign	benign	benign	benign	benign	benign	benign
wild_debian	netpbm__xpmtoppm	-	benign	5118	0.686013	0.042703	6.066916	0.161997	0.161997	false	benign	benign	benign	benign	benign	benign	benign	benign	benign	benign	benign
wild_debian	netpbm__xvminitoppm	-	benign	1174	0.495124	0.090973	5.821078	0.262919	0.262919	false	benign	benign	benign	benign	benign	benign	benign	benign	benign	benign	benign
wild_debian	netpbm__xwdtopnm	-	benign	6687	0.867824	0.056289	5.971741	0.150387	0.150387	false	benign	benign	benign	benign	benign	benign	benign	benign	benign	benign	benign
wild_debian	netpbm__ybmtopbm	-	benign	820	0.525467	0.055909	5.818897	0.300987	0.300987	false	benign	benign	benign	benign	benign	benign	benign	benign	benign	benign	benign
wild_debian	netpbm__yuvsplittoppm	-	benign	2169	0.716163	0.043656	5.855484	0.211729	0.211729	false	benign	benign	benign	benign	benign	benign	benign	benign	benign	benign	benign
wild_debian	netpbm__yuvtoppm	-	benign	1098	0.307553	0.016109	5.824286	0.269510	0.269510	false	benign	benign	benign	benign	benign	benign	benign	benign	benign	benign	benign
wild_debian	netpbm__yuy2topam	-	benign	1312	0.499566	0.051725	5.734851	0.252450	0.252450	false	benign	benign	benign	benign	benign	benign	benign	benign	benign	benign	benign
wild_debian	netpbm__zeisstopnm	-	benign	1194	0.555680	0.046771	5.919523	0.261290	0.261290	false	benign	benign	benign	benign	benign	benign	benign	benign	benign	benign	benign
wild_debian	ninja-build__ninja	-	benign	205912	0.674586	0.054007	6.242384	0.083856	0.105178	true	benign	benign	benign	benign	benign	benign	benign	benign	benign	benign	benign
wild_debian	nodejs__node	-	benign	7368	0.432014	0.544554	3.317108	0.146546	0.146546	false	packed	packed	packed	benign	benign	benign	packed	packed	packed	packed	benign
wild_debian	ocaml-base__ocamlrun	-	benign	152127	0.566545	0.125470	6.499245	0.086246	0.105178	true	packed	packed	packed	benign	benign	benign	packed	packed	packed	packed	benign
wild_debian	ocaml-base__ocamlrund	-	benign	170274	0.618341	0.123389	6.512543	0.085314	0.105178	true	packed	packed	packed	benign	benign	benign	packed	packed	packed	packed	benign
wild_debian	ocaml-base__ocamlruni	-	benign	155877	0.586506	0.122507	6.524533	0.086041	0.105178	true	packed	packed	packed	benign	benign	benign	packed	packed	packed	packed	benign
wild_debian	octave__octave	-	benign	8424	0.588268	0.107588	5.957895	0.141538	0.141538	false	packed	benign	benign	benign	benign	benign	packed	benign	benign	packed	benign
wild_debian	octave__octave-cli	-	benign	1166	0.602736	0.133716	5.611135	0.263583	0.263583	false	packed	benign	benign	benign	benign	benign	packed	benign	benign	packed	benign
wild_debian	openssh-client__scp	-	benign	183746	0.520879	0.067302	6.185501	0.084713	0.105178	true	benign	benign	benign	benign	benign	benign	benign	benign	benign	benign	benign
wild_debian	openssh-client__sftp	-	benign	191162	0.511001	0.064664	6.189404	0.084410	0.105178	true	benign	benign	benign	benign	benign	benign	benign	benign	benign	benign	benign
wild_debian	optipng__optipng	-	benign	47591	0.523459	0.043064	6.184443	0.099652	0.105178	true	benign	benign	benign	benign	benign	benign	benign	benign	benign	benign	benign
wild_debian	opus-tools__opusdec	-	benign	17745	0.517804	0.060053	6.252576	0.119051	0.119051	false	benign	benign	benign	benign	benign	benign	benign	benign	benign	benign	benign
wild_debian	opus-tools__opusenc	-	benign	23838	0.542109	0.045702	6.309980	0.112215	0.112215	false	benign	benign	benign	benign	benign	benign	benign	benign	benign	benign	benign
wild_debian	opus-tools__opusinfo	-	benign	13054	0.775461	0.043737	6.225697	0.127316	0.127316	false	benign	benign	benign	benign	benign	benign	benign	benign	benign	benign	benign
wild_debian	passwd__chage	-	benign	29067	0.518940	0.054190	6.118901	0.108157	0.108157	false	benign	benign	benign	benign	benign	benign	benign	benign	benign	benign	benign
wild_debian	passwd__chfn	-	benign	21699	0.495767	0.029866	5.855942	0.114284	0.114284	false	benign	benign	benign	benign	benign	benign	benign	benign	benign	benign	benign
wild_debian	passwd__chgpasswd	-	benign	25454	0.501322	0.030239	5.912223	0.110828	0.110828	false	benign	benign	benign	benign	benign	benign	benign	benign	benign	benign	benign
wild_debian	passwd__chpasswd	-	benign	21993	0.514887	0.037648	5.755867	0.113982	0.113982	false	benign	benign	benign	benign	benign	benign	benign	benign	benign	benign	benign
wild_debian	passwd__chsh	-	benign	17900	0.503466	0.031425	5.821535	0.118835	0.118835	false	benign	benign	benign	benign	benign	benign	benign	benign	benign	benign	benign
wild_debian	passwd__cppw	-	benign	22097	0.481564	0.063197	5.915027	0.113876	0.113876	false	benign	benign	benign	benign	benign	benign	benign	benign	benign	benign	benign
wild_debian	passwd__expiry	-	benign	6787	0.518415	0.053079	5.895628	0.149787	0.149787	false	benign	benign	benign	benign	benign	benign	benign	benign	benign	benign	benign
wild_debian	passwd__gpasswd	-	benign	35813	0.487633	0.043678	5.901099	0.104300	0.105178	true	benign	benign	benign	benign	benign	benign	benign	benign	benign	benign	benign
wild_debian	passwd__groupadd	-	benign	39153	0.456815	0.054819	6.053811	0.102771	0.105178	true	benign	benign	benign	benign	benign	benign	benign	benign	benign	benign	benign
wild_debian	passwd__groupdel	-	benign	34791	0.493647	0.049660	6.068407	0.104811	0.105178	true	benign	benign	benign	benign	benign	benign	benign	benign	benign	benign	benign
wild_debian	passwd__groupmems	-	benign	24535	0.519602	0.054603	5.918190	0.111600	0.111600	false	benign	benign	benign	benign	benign	benign	benign	benign	benign	benign	benign
wild_debian	passwd__groupmod	-	benign	39955	0.475643	0.052260	6.059905	0.102432	0.105178	true	benign	benign	benign	benign	benign	benign	benign	benign	benign	benign	benign
wild_debian	passwd__grpck	-	benign	24611	0.547836	0.053715	5.918282	0.111534	0.111534	false	benign	benign	benign	benign	benign	benign	benign	benign	benign	benign	benign
wild_debian	passwd__grpconv	-	benign	21445	0.579968	0.049826	5.878653	0.114550	0.114550	false	benign	benign	benign	benign	benign	benign	benign	benign	benign	benign	benign
wild_debian	passwd__grpunconv	-	benign	21286	0.496534	0.031479	5.880482	0.114719	0.114719	false	benign	benign	benign	benign	benign	benign	benign	benign	benign	benign	benign
wild_debian	passwd__newusers	-	benign	44088	0.484629	0.044971	6.050415	0.100838	0.105178	true	benign	benign	benign	benign	benign	benign	benign	benign	benign	benign	benign
wild_debian	passwd__passwd	-	benign	23750	0.511755	0.036076	5.795936	0.112294	0.112294	false	benign	benign	benign	benign	benign	benign	benign	benign	benign	benign	benign
wild_debian	passwd__pwck	-	benign	21025	0.490669	0.031433	5.769917	0.115000	0.115000	false	benign	benign	benign	benign	benign	benign	benign	benign	benign	benign	benign
wild_debian	passwd__pwconv	-	benign	18365	0.511388	0.033805	5.794365	0.118203	0.118203	false	benign	benign	benign	benign	benign	benign	benign	benign	benign	benign	benign
wild_debian	passwd__pwunconv	-	benign	17414	0.494084	0.035731	5.822327	0.119522	0.119522	false	benign	benign	benign	benign	benign	benign	benign	benign	benign	benign	benign
wild_debian	passwd__useradd	-	benign	70856	0.554199	0.053537	6.052493	0.094163	0.105178	true	benign	benign	benign	benign	benign	benign	benign	benign	benign	benign	benign
wild_debian	passwd__userdel	-	benign	46413	0.513555	0.046605	6.054036	0.100036	0.105178	true	benign	benign	benign	benign	benign	benign	benign	benign	benign	benign	benign
wild_debian	passwd__usermod	-	benign	65122	0.513293	0.054155	6.083902	0.095237	0.105178	true	benign	benign	benign	benign	benign	benign	benign	benign	benign	benign	benign
wild_debian	passwd__vipw	-	benign	25176	0.505874	0.051998	5.909231	0.111057	0.111057	false	benign	benign	benign	benign	benign	benign	benign	benign	benign	benign	benign
wild_debian	patch__patch	-	benign	113228	0.610264	0.090026	6.246004	0.088954	0.105178	true	benign	packed	benign	benign	benign	benign	benign	packed	benign	benign	benign
wild_debian	pciutils__lspci	-	benign	51885	0.515960	0.031995	6.149375	0.098366	0.105178	true	benign	benign	benign	benign	benign	benign	benign	benign	benign	benign	benign
wild_debian	pciutils__setpci	-	benign	6164	0.549325	0.047724	6.029048	0.153760	0.153760	false	benign	benign	benign	benign	benign	benign	benign	benign	benign	benign	benign
wild_debian	poppler-utils__pdfattach	-	benign	2905	0.497861	0.072207	6.057009	0.192361	0.192361	false	benign	benign	benign	benign	benign	benign	benign	benign	benign	benign	benign
wild_debian	poppler-utils__pdfdetach	-	benign	5614	0.496459	0.025941	6.157008	0.157804	0.157804	false	benign	benign	benign	benign	benign	benign	benign	benign	benign	benign	benign
wild_debian	poppler-utils__pdffonts	-	benign	3713	0.580276	0.104238	6.096938	0.178143	0.178143	false	benign	benign	benign	benign	benign	benign	benign	benign	benign	benign	benign
wild_debian	poppler-utils__pdfimages	-	benign	13016	0.512433	0.128944	6.108452	0.127401	0.127401	false	packed	packed	packed	benign	benign	benign	packed	packed	packed	packed	benign
wild_debian	poppler-utils__pdfinfo	-	benign	30589	0.576138	0.039134	6.097684	0.107176	0.107176	false	benign	benign	benign	benign	benign	benign	benign	benign	benign	benign	benign
wild_debian	poppler-utils__pdfseparate	-	benign	3513	0.493274	0.044624	6.075784	0.181200	0.181200	false	benign	benign	benign	benign	benign	benign	benign	benign	benign	benign	benign
wild_debian	poppler-utils__pdfsig	-	benign	9252	0.620405	0.095414	6.082296	0.138227	0.138227	false	benign	benign	benign	benign	benign	benign	benign	benign	benign	benign	benign
wild_debian	poppler-utils__pdftocairo	-	benign	73440	0.549781	0.069487	6.327195	0.093720	0.105178	true	benign	benign	benign	benign	benign	benign	benign	benign	benign	benign	benign
wild_debian	poppler-utils__pdftohtml	-	benign	54855	0.572681	0.064279	6.116417	0.097567	0.105178	true	benign	benign	benign	benign	benign	benign	benign	benign	benign	benign	benign
wild_debian	poppler-utils__pdftoppm	-	benign	9617	0.486626	0.063860	6.073056	0.136905	0.136905	false	benign	benign	benign	benign	benign	benign	benign	benign	benign	benign	benign
wild_debian	poppler-utils__pdftops	-	benign	8203	0.558187	0.030059	6.089942	0.142505	0.142505	false	benign	benign	benign	benign	benign	benign	benign	benign	benign	benign	benign
wild_debian	poppler-utils__pdftotext	-	benign	18678	0.621261	0.040623	6.071000	0.117791	0.117791	false	benign	benign	benign	benign	benign	benign	benign	benign	benign	benign	benign
wild_debian	poppler-utils__pdfunite	-	benign	13355	0.527178	0.007113	6.073682	0.126658	0.126658	false	benign	benign	benign	benign	benign	benign	benign	benign	benign	benign	benign
wild_debian	postgresql-client-15__clusterdb	-	benign	40072	0.450061	0.060408	6.180850	0.102384	0.105178	true	benign	benign	benign	benign	benign	benign	benign	benign	benign	benign	benign
wild_debian	postgresql-client-15__createdb	-	benign	40371	0.455228	0.064746	6.180745	0.102261	0.105178	true	benign	benign	benign	benign	benign	benign	benign	benign	benign	benign	benign
wild_debian	postgresql-client-15__createuser	-	benign	40896	0.457442	0.060985	6.199606	0.102048	0.105178	true	benign	benign	benign	benign	benign	benign	benign	benign	benign	benign	benign
wild_debian	postgresql-client-15__dropdb	-	benign	38692	0.446439	0.061409	6.200924	0.102970	0.105178	true	benign	benign	benign	benign	benign	benign	benign	benign	benign	benign	benign
wild_debian	postgresql-client-15__dropuser	-	benign	38581	0.446643	0.066952	6.123102	0.103018	0.105178	true	benign	benign	benign	benign	benign	benign	benign	benign	benign	benign	benign
wild_debian	postgresql-client-15__pg_amcheck	-	benign	51495	0.473727	0.074681	6.212800	0.098477	0.105178	true	benign	benign	benign	benign	benign	benign	benign	benign	benign	benign	benign
wild_debian	postgresql-client-15__pg_basebackup	-	benign	82900	0.528391	0.073504	6.234174	0.092281	0.105178	true	benign	benign	benign	benign	benign	benign	benign	benign	benign	benign	benign
wild_debian	postgresql-client-15__pg_config	-	benign	18823	0.566165	0.088920	6.081334	0.117603	0.117603	false	benign	benign	benign	benign	benign	benign	benign	benign	benign	benign	benign
wild_debian	postgresql-client-15__pg_dumpall	-	benign	56070	0.494936	0.059451	6.162689	0.097258	0.105178	true	benign	benign	benign	benign	benign	benign	benign	benign	benign	benign	benign
wild_debian	postgresql-client-15__pg_isready	-	benign	38161	0.452687	0.065809	6.132501	0.103204	0.105178	true	benign	benign	benign	benign	benign	benign	benign	benign	benign	benign	benign
wild_debian	postgresql-client-15__pg_receivewal	-	benign	49898	0.580022	0.078508	6.117807	0.098941	0.105178	true	benign	benign	benign	benign	benign	benign	benign	benign	benign	benign	benign
wild_debian	postgresql-client-15__pg_recvlogical	-	benign	48588	0.580194	0.087375	6.100642	0.099339	0.105178	true	benign	benign	benign	benign	benign	benign	benign	benign	benign	benign	benign
wild_debian	postgresql-client-15__pg_restore	-	benign	104523	0.546437	0.076013	6.269673	0.089759	0.105178	true	benign	benign	benign	benign	benign	benign	benign	benign	benign	benign	benign
wild_debian	postgresql-client-15__pg_verifybackup	-	benign	44499	0.476849	0.068381	6.291766	0.100692	0.105178	true	benign	benign	benign	benign	benign	benign	benign	benign	benign	benign	benign
wild_debian	postgresql-client-15__reindexdb	-	benign	44482	0.467510	0.068812	6.199782	0.100698	0.105178	true	benign	benign	benign	benign	benign	benign	benign	benign	benign	benign	benign
wild_debian	postgresql-client-15__vacuumdb	-	benign	45515	0.473738	0.072066	6.196562	0.100338	0.105178	true	benign	benign	benign	benign	benign	benign	benign	benign	benign	benign	benign
wild_debian	procps__free	-	benign	5858	0.514546	0.046710	5.916326	0.155940	0.155940	false	benign	benign	benign	benign	benign	benign	benign	benign	benign	benign	benign
wild_debian	procps__kill	-	benign	3806	0.411494	0.049878	5.914089	0.176804	0.176804	false	benign	benign	benign	benign	benign	benign	benign	benign	benign	benign	benign
wild_debian	procps__pgrep	-	benign	10008	0.470385	0.058008	5.939769	0.135569	0.135569	false	benign	benign	benign	benign	benign	benign	benign	benign	benign	benign	benign
wild_debian	procps__pmap	-	benign	11712	0.592903	0.055451	5.780481	0.130554	0.130554	false	benign	benign	benign	benign	benign	benign	benign	benign	benign	benign	benign
wild_debian	procps__ps	-	benign	57391	0.524271	0.108132	6.051320	0.096934	0.105178	true	packed	packed	packed	benign	benign	benign	packed	packed	packed	packed	benign
wild_debian	procps__pwdx	-	benign	1433	0.364665	0.029075	5.768405	0.244544	0.244544	false	benign	benign	benign	benign	benign	benign	benign	benign	benign	benign	benign
wild_debian	procps__skill	-	benign	7154	0.464786	0.074764	5.939212	0.147694	0.147694	false	benign	benign	benign	benign	benign	benign	benign	benign	benign	benign	benign
wild_debian	procps__slabtop	-	benign	4704	0.472603	0.162025	5.865599	0.165993	0.165993	false	packed	benign	benign	benign	benign	benign	packed	benign	benign	packed	benign
wild_debian	procps__sysctl	-	benign	8574	0.479517	0.042043	6.045108	0.140903	0.140903	false	benign	benign	benign	benign	benign	benign	benign	benign	benign	benign	benign
wild_debian	procps__tload	-	benign	3058	0.440430	0.059320	5.929480	0.189241	0.189241	false	benign	benign	benign	benign	benign	benign	benign	benign	benign	benign	benign
wild_debian	procps__top	-	benign	71624	0.516681	0.085052	6.214386	0.094029	0.105178	true	benign	benign	benign	benign	benign	benign	benign	benign	benign	benign	benign
wild_debian	procps__uptime	-	benign	1267	0.374368	0.021649	5.769012	0.255675	0.255675	false	benign	benign	benign	benign	benign	benign	benign	benign	benign	benign	benign
wild_debian	procps__vmstat	-	benign	14012	0.445137	0.054769	5.879035	0.125296	0.125296	false	benign	benign	benign	benign	benign	benign	benign	benign	benign	benign	benign
wild_debian	procps__w	-	benign	5343	0.608119	0.078265	6.124187	0.160023	0.160023	false	benign	benign	benign	benign	benign	benign	benign	benign	benign	benign	benign
wild_debian	procps__watch	-	benign	7760	0.555803	0.080842	5.899449	0.144568	0.144568	false	benign	benign	benign	benign	benign	benign	benign	benign	benign	benign	benign
wild_debian	protobuf-compiler__protoc	-	benign	4056	1.063587	0.130924	5.404813	0.173436	0.173436	false	packed	benign	benign	benign	benign	benign	packed	benign	benign	packed	benign
wild_debian	psmisc__fuser	-	benign	16106	0.548043	0.023707	6.038042	0.121524	0.121524	false	benign	benign	benign	benign	benign	benign	benign	benign	benign	benign	benign
wild_debian	psmisc__killall	-	benign	7246	0.605953	0.019662	5.971328	0.147194	0.147194	false	benign	benign	benign	benign	benign	benign	benign	benign	benign	benign	benign
wild_debian	psmisc__peekfd	-	benign	2480	0.463437	0.063171	5.786276	0.202495	0.202495	false	benign	benign	benign	benign	benign	benign	benign	benign	benign	benign	benign
wild_debian	psmisc__prtstat	-	benign	4045	0.492681	0.094329	5.790698	0.173578	0.173578	false	benign	benign	benign	benign	benign	benign	benign	benign	benign	benign	benign
wild_debian	psmisc__pslog	-	benign	1005	0.447144	0.146345	5.599890	0.278572	0.278572	false	packed	benign	benign	benign	benign	benign	packed	benign	benign	packed	benign
wild_debian	psmisc__pstree	-	benign	11321	0.507318	0.025697	6.141651	0.131604	0.131604	false	benign	benign	benign	benign	benign	benign	benign	benign	benign	benign	benign
wild_debian	qtbase5-dev-tools__qdbuscpp2xml	-	benign	186459	0.626966	0.033131	6.253232	0.084600	0.105178	true	benign	benign	benign	benign	benign	benign	benign	benign	benign	benign	benign
wild_debian	qtbase5-dev-tools__qdbusxml2cpp	-	benign	42013	0.617515	0.011664	5.925435	0.101609	0.105178	true	benign	benign	benign	benign	benign	benign	benign	benign	benign	benign	benign
wild_debian	qtbase5-dev-tools__qlalr	-	benign	89916	0.591783	0.011490	6.179629	0.091363	0.105178	true	benign	benign	benign	benign	benign	benign	benign	benign	benign	benign	benign
wild_debian	qtbase5-dev-tools__qvkgen	-	benign	16139	0.716693	0.021824	6.105427	0.121471	0.121471	false	benign	benign	benign	benign	benign	benign	benign	benign	benign	benign	benign
wild_debian	qtbase5-dev-tools__tracegen	-	benign	236324	0.689703	0.058570	6.280591	0.082883	0.105178	true	benign	benign	benign	benign	benign	benign	benign	benign	benign	benign	benign
wild_debian	qttools5-dev-tools__designer	-	benign	224417	0.581373	0.043188	6.145815	0.083240	0.105178	true	benign	benign	benign	benign	benign	benign	benign	benign	benign	benign	benign
wild_debian	qttools5-dev-tools__lconvert	-	benign	189824	0.627816	0.046834	6.120993	0.084464	0.105178	true	benign	benign	benign	benign	benign	benign	benign	benign	benign	benign	benign
wild_debian	qttools5-dev-tools__lprodump	-	benign	191129	0.607122	0.038908	6.207656	0.084411	0.105178	true	benign	benign	benign	benign	benign	benign	benign	benign	benign	benign	benign
wild_debian	qttools5-dev-tools__lrelease	-	benign	208465	0.632961	0.046376	6.126868	0.083767	0.105178	true	benign	benign	benign	benign	benign	benign	benign	benign	benign	benign	benign
wild_debian	qttools5-dev-tools__lrelease-pro	-	benign	7616	0.566172	0.038296	6.042763	0.145277	0.145277	false	benign	benign	benign	benign	benign	benign	benign	benign	benign	benign	benign
wild_debian	qttools5-dev-tools__lupdate-pro	-	benign	5786	0.629434	0.025302	5.908947	0.156478	0.156478	false	benign	benign	benign	benign	benign	benign	benign	benign	benign	benign	benign
wild_debian	qttools5-dev-tools__pixeltool	-	benign	20625	0.714858	0.018707	6.048682	0.115442	0.115442	false	benign	benign	benign	benign	benign	benign	benign	benign	benign	benign	benign
wild_debian	qttools5-dev-tools__qcollectiongenerator	-	benign	484	0.901510	0.218559	5.732570	0.370889	0.370889	false	packed	benign	benign	benign	benign	benign	packed	benign	benign	packed	benign
wild_debian	qttools5-dev-tools__qdbusviewer	-	benign	44010	0.605375	0.019163	6.045108	0.100866	0.105178	true	benign	benign	benign	benign	benign	benign	benign	benign	benign	benign	benign
wild_debian	qttools5-dev-tools__qdistancefieldgenerator	-	benign	49317	0.594548	0.028976	6.203686	0.099115	0.105178	true	benign	benign	benign	benign	benign	benign	benign	benign	benign	benign	benign
wild_debian	qttools5-dev-tools__qtdiag	-	benign	29462	0.506533	0.002738	6.120390	0.107895	0.107895	false	benign	benign	benign	benign	benign	benign	benign	benign	benign	benign	benign
wild_debian	qttools5-dev-tools__qtpaths	-	benign	8750	0.580776	-0.003132	5.921549	0.140178	0.140178	false	benign	benign	benign	benign	benign	benign	benign	benign	benign	benign	benign
wild_debian	qttools5-dev-tools__qtplugininfo	-	benign	5454	0.749112	0.070438	5.847922	0.159094	0.159094	false	benign	benign	benign	benign	benign	benign	benign	benign	benign	benign	benign
wild_debian	redis-tools__redis-benchmark	-	benign	94598	0.511052	0.083915	6.227732	0.090809	0.105178	true	benign	benign	benign	benign	benign	benign	benign	benign	benign	benign	benign
wild_debian	redis-tools__redis-cli	-	benign	163650	0.540229	0.076749	6.137356	0.085636	0.105178	true	benign	benign	benign	benign	benign	benign	benign	benign	benign	benign	benign
wild_debian	ruby3.1__ruby3.1	-	benign	307	0.381589	0.192141	5.284793	0.447994	0.447994	false	packed	benign	benign	benign	benign	benign	packed	benign	benign	packed	benign
wild_debian	rustc__rustc	-	benign	310	0.388205	0.270799	5.159989	0.446157	0.446157	false	packed	benign	benign	benign	benign	benign	packed	benign	benign	packed	benign
wild_debian	sed__sed	-	benign	71458	0.630840	0.088920	6.154372	0.094058	0.105178	true	benign	benign	benign	benign	benign	benign	benign	benign	benign	benign	benign
wild_debian	slirp4netns__slirp4netns	-	benign	32693	0.569717	0.104050	6.169672	0.105935	0.105935	false	benign	benign	benign	benign	benign	benign	benign	benign	benign	benign	benign
wild_debian	smartmontools__smartd	-	benign	237183	0.778928	0.110560	6.305711	0.082858	0.105178	true	packed	packed	packed	benign	benign	benign	packed	packed	packed	packed	benign
wild_debian	socat__filan	-	benign	39154	0.536598	0.088057	6.125319	0.102770	0.105178	true	benign	benign	benign	benign	benign	benign	benign	benign	benign	benign	benign
wild_debian	socat__procan	-	benign	32459	0.501830	0.088571	6.119483	0.106067	0.106067	false	benign	benign	benign	benign	benign	benign	benign	benign	benign	benign	benign
wild_debian	socat__socat	-	benign	161839	0.608392	0.068158	6.142238	0.085728	0.105178	true	benign	benign	benign	benign	benign	benign	benign	benign	benign	benign	benign
wild_debian	sox__sox	-	benign	29668	0.557116	0.054953	6.117218	0.107761	0.107761	false	benign	benign	benign	benign	benign	benign	benign	benign	benign	benign	benign
wild_debian	sqlite3__sqlite3	-	benign	166792	0.618294	0.062430	6.310259	0.085481	0.105178	true	benign	benign	benign	benign	benign	benign	benign	benign	benign	benign	benign
wild_debian	squashfs-tools__mksquashfs	-	benign	153158	0.566361	0.050469	6.243585	0.086189	0.105178	true	benign	benign	benign	benign	benign	benign	benign	benign	benign	benign	benign
wild_debian	squashfs-tools__unsquashfs	-	benign	75103	0.582654	0.075289	6.153002	0.093448	0.105178	true	benign	benign	benign	benign	benign	benign	benign	benign	benign	benign	benign
wild_debian	subversion__svn	-	benign	128589	0.616263	0.056882	6.074878	0.087738	0.105178	true	benign	benign	benign	benign	benign	benign	benign	benign	benign	benign	benign
wild_debian	subversion__svnadmin	-	benign	20622	0.575696	0.078756	5.892586	0.115445	0.115445	false	benign	benign	benign	benign	benign	benign	benign	benign	benign	benign	benign
wild_debian	subversion__svnauthz	-	benign	3839	0.534321	0.051712	5.946872	0.176341	0.176341	false	benign	benign	benign	benign	benign	benign	benign	benign	benign	benign	benign
wild_debian	subversion__svnbench	-	benign	16184	0.611684	0.088757	5.963165	0.121398	0.121398	false	benign	benign	benign	benign	benign	benign	benign	benign	benign	benign	benign
wild_debian	subversion__svndumpfilter	-	benign	8302	0.645139	0.017606	6.018613	0.142067	0.142067	false	benign	benign	benign	benign	benign	benign	benign	benign	benign	benign	benign
wild_debian	subversion__svnfsfs	-	benign	8283	0.580690	0.047275	6.107003	0.142151	0.142151	false	benign	benign	benign	benign	benign	benign	benign	benign	benign	benign	benign
wild_debian	subversion__svnlook	-	benign	18362	0.647964	0.031317	6.021114	0.118207	0.118207	false	benign	benign	benign	benign	benign	benign	benign	benign	benign	benign	benign
wild_debian	subversion__svnmucc	-	benign	5594	0.542211	0.124057	5.847361	0.157962	0.157962	false	packed	benign	benign	benign	benign	benign	packed	benign	benign	packed	benign
wild_debian	subversion__svnrdump	-	benign	13239	0.547017	0.085391	6.004120	0.126909	0.126909	false	benign	benign	benign	benign	benign	benign	benign	benign	benign	benign	benign
wild_debian	subversion__svnserve	-	benign	41128	0.614267	0.044769	6.031977	0.101955	0.105178	true	benign	benign	benign	benign	benign	benign	benign	benign	benign	benign	benign
wild_debian	subversion__svnsync	-	benign	15624	0.581144	0.064525	5.888823	0.122325	0.122325	false	benign	benign	benign	benign	benign	benign	benign	benign	benign	benign	benign
wild_debian	subversion__svnversion	-	benign	2108	0.586790	0.049047	5.717306	0.213776	0.213776	false	benign	benign	benign	benign	benign	benign	benign	benign	benign	benign	benign
wild_debian	sudo__cvtsudoers	-	benign	176213	0.559246	0.068541	6.241301	0.085041	0.105178	true	benign	benign	benign	benign	benign	benign	benign	benign	benign	benign	benign
wild_debian	sudo__sudo	-	benign	164354	0.596780	0.054927	6.227773	0.085601	0.105178	true	benign	benign	benign	benign	benign	benign	benign	benign	benign	benign	benign
wild_debian	sudo__sudo_logsrvd	-	benign	141197	0.562540	0.066861	6.209645	0.086893	0.105178	true	benign	benign	benign	benign	benign	benign	benign	benign	benign	benign	benign
wild_debian	sudo__sudo_sendlog	-	benign	79142	0.637866	0.080843	6.239827	0.092822	0.105178	true	benign	benign	benign	benign	benign	benign	benign	benign	benign	benign	benign
wild_debian	sudo__sudoreplay	-	benign	55045	0.565253	0.049104	6.106120	0.097518	0.105178	true	benign	benign	benign	benign	benign	benign	benign	benign	benign	benign	benign
wild_debian	sudo__visudo	-	benign	112488	0.557612	0.076677	6.176566	0.089019	0.105178	true	benign	benign	benign	benign	benign	benign	benign	benign	benign	benign	benign
wild_debian	sysstat__cifsiostat	-	benign	6077	0.561518	0.128004	5.853519	0.154363	0.154363	false	packed	benign	benign	benign	benign	benign	packed	benign	benign	packed	benign
wild_debian	sysstat__iostat	-	benign	29073	0.548082	0.058274	6.044295	0.108153	0.108153	false	benign	benign	benign	benign	benign	benign	benign	benign	benign	benign	benign
wild_debian	sysstat__mpstat	-	benign	25090	0.504975	0.061617	6.223092	0.111129	0.111129	false	benign	benign	benign	benign	benign	benign	benign	benign	benign	benign	benign
wild_debian	sysstat__pidstat	-	benign	26229	0.666002	0.097257	6.078632	0.110209	0.110209	false	benign	benign	benign	benign	benign	benign	benign	benign	benign	benign	benign
wild_debian	sysstat__sar.sysstat	-	benign	81308	0.518091	0.065808	6.171150	0.092505	0.105178	true	benign	benign	benign	benign	benign	benign	benign	benign	benign	benign	benign
wild_debian	sysstat__tapestat	-	benign	10326	0.585679	0.047914	5.884140	0.134540	0.134540	false	benign	benign	benign	benign	benign	benign	benign	benign	benign	benign	benign
wild_debian	tar__rmt-tar	-	benign	30381	0.490350	0.049665	6.152031	0.107306	0.107306	false	benign	benign	benign	benign	benign	benign	benign	benign	benign	benign	benign
wild_debian	task-spooler__tsp	-	benign	29714	0.529482	0.063067	5.947751	0.107731	0.107731	false	benign	benign	benign	benign	benign	benign	benign	benign	benign	benign	benign
wild_debian	tesseract-ocr__ambiguous_words	-	benign	3936	0.543769	0.014797	5.937204	0.175013	0.175013	false	benign	benign	benign	benign	benign	benign	benign	benign	benign	benign	benign
wild_debian	tesseract-ocr__classifier_tester	-	benign	84021	0.634507	0.042821	6.278143	0.092126	0.105178	true	benign	benign	benign	benign	benign	benign	benign	benign	benign	benign	benign
wild_debian	tesseract-ocr__cntraining	-	benign	84281	0.636333	0.034434	6.263640	0.092091	0.105178	true	benign	benign	benign	benign	benign	benign	benign	benign	benign	benign	benign
wild_debian	tesseract-ocr__combine_lang_model	-	benign	58452	0.684762	0.044802	6.037355	0.096681	0.105178	true	benign	benign	benign	benign	benign	benign	benign	benign	benign	benign	benign
wild_debian	tesseract-ocr__combine_tessdata	-	benign	5109	0.504166	0.041519	5.966227	0.162079	0.162079	false	benign	benign	benign	benign	benign	benign	benign	benign	benign	benign	benign
wild_debian	tesseract-ocr__dawg2wordlist	-	benign	1961	0.501993	0.140044	5.770091	0.219096	0.219096	false	packed	benign	benign	benign	benign	benign	packed	benign	benign	packed	benign
wild_debian	tesseract-ocr__lstmeval	-	benign	163683	0.686257	0.053524	6.304480	0.085635	0.105178	true	benign	benign	benign	benign	benign	benign	benign	benign	benign	benign	benign
wild_debian	tesseract-ocr__lstmtraining	-	benign	168273	0.667036	0.054009	6.286454	0.085410	0.105178	true	benign	benign	benign	benign	benign	benign	benign	benign	benign	benign	benign
wild_debian	tesseract-ocr__merge_unicharsets	-	benign	1011	0.489982	0.121848	5.719635	0.277950	0.277950	false	packed	benign	benign	benign	benign	benign	packed	benign	benign	packed	benign
wild_debian	tesseract-ocr__mftraining	-	benign	88393	0.630556	0.042437	6.275735	0.091553	0.105178	true	benign	benign	benign	benign	benign	benign	benign	benign	benign	benign	benign
wild_debian	tesseract-ocr__set_unicharset_properties	-	benign	117504	0.635520	0.044186	6.271486	0.088592	0.105178	true	benign	benign	benign	benign	benign	benign	benign	benign	benign	benign	benign
wild_debian	tesseract-ocr__shapeclustering	-	benign	83686	0.686375	0.042802	6.238780	0.092172	0.105178	true	benign	benign	benign	benign	benign	benign	benign	benign	benign	benign	benign
wild_debian	tesseract-ocr__tesseract	-	benign	11813	0.505320	0.052574	6.051855	0.130291	0.130291	false	benign	benign	benign	benign	benign	benign	benign	benign	benign	benign	benign
wild_debian	tesseract-ocr__text2image	-	benign	198271	0.635927	0.054348	6.308353	0.084136	0.105178	true	benign	benign	benign	benign	benign	benign	benign	benign	benign	benign	benign
wild_debian	tesseract-ocr__unicharset_extractor	-	benign	59667	0.681500	0.047085	6.049044	0.096400	0.105178	true	benign	benign	benign	benign	benign	benign	benign	benign	benign	benign	benign
wild_debian	tesseract-ocr__wordlist2dawg	-	benign	2910	0.513983	0.024845	5.863020	0.192255	0.192255	false	benign	benign	benign	benign	benign	benign	benign	benign	benign	benign	benign
wild_debian	traceroute__traceroute.db	-	benign	28234	0.505476	0.060592	6.180761	0.108727	0.108727	false	benign	benign	benign	benign	benign	benign	benign	benign	benign	benign	benign
wild_debian	units__units	-	benign	51623	0.566999	0.053252	6.068758	0.098440	0.105178	true	benign	benign	benign	benign	benign	benign	benign	benign	benign	benign	benign
wild_debian	unzip__funzip	-	benign	10579	0.537935	0.066973	6.173053	0.133754	0.133754	false	benign	benign	benign	benign	benign	benign	benign	benign	benign	benign	benign
wild_debian	unzip__unzip	-	benign	94560	0.615265	0.089118	6.317344	0.090813	0.105178	true	benign	benign	benign	benign	benign	benign	benign	benign	benign	benign	benign
wild_debian	unzip__unzipsfx	-	benign	47906	0.549755	0.063989	6.296558	0.099552	0.105178	true	benign	benign	benign	benign	benign	benign	benign	benign	benign	benign	benign
wild_debian	usbutils__lsusb	-	benign	46800	0.555976	0.049007	6.077309	0.099908	0.105178	true	benign	benign	benign	benign	benign	benign	benign	benign	benign	benign	benign
wild_debian	usbutils__usbhid-dump	-	benign	7318	0.574307	0.060413	6.077542	0.146810	0.146810	false	benign	benign	benign	benign	benign	benign	benign	benign	benign	benign	benign
wild_debian	usbutils__usbreset	-	benign	1494	0.340756	0.014912	5.784756	0.240928	0.240928	false	benign	benign	benign	benign	benign	benign	benign	benign	benign	benign	benign
wild_debian	util-linux__addpart	-	benign	9028	0.524035	0.105560	6.064286	0.139077	0.139077	false	packed	benign	benign	benign	benign	benign	packed	benign	benign	packed	benign
wild_debian	util-linux__agetty	-	benign	28868	0.546943	0.051301	6.108053	0.108291	0.108291	false	benign	benign	benign	benign	benign	benign	benign	benign	benign	benign	benign
wild_debian	util-linux__blkdiscard	-	benign	11270	0.530660	0.113013	6.063837	0.131745	0.131745	false	packed	benign	benign	benign	benign	benign	packed	benign	benign	packed	benign
wild_debian	util-linux__blkid	-	benign	65723	0.538071	0.046260	6.119359	0.095118	0.105178	true	benign	benign	benign	benign	benign	benign	benign	benign	benign	benign	benign
wild_debian	util-linux__blkzone	-	benign	38046	0.488278	0.061674	6.057560	0.103255	0.105178	true	benign	benign	benign	benign	benign	benign	benign	benign	benign	benign	benign
wild_debian	util-linux__blockdev	-	benign	38408	0.503835	0.065039	6.072616	0.103094	0.105178	true	benign	benign	benign	benign	benign	benign	benign	benign	benign	benign	benign
wild_debian	util-linux__chcpu	-	benign	19624	0.453622	0.030437	6.059678	0.116606	0.116606	false	benign	benign	benign	benign	benign	benign	benign	benign	benign	benign	benign
wild_debian	util-linux__chmem	-	benign	31482	0.546373	0.073165	6.116557	0.106634	0.106634	false	benign	benign	benign	benign	benign	benign	benign	benign	benign	benign	benign
wild_debian	util-linux__choom	-	benign	25781	0.506616	0.059187	6.112913	0.110563	0.110563	false	benign	benign	benign	benign	benign	benign	benign	benign	benign	benign	benign
wild_debian	util-linux__chrt	-	benign	31588	0.479258	0.050548	6.102554	0.106571	0.106571	false	benign	benign	benign	benign	benign	benign	benign	benign	benign	benign	benign
wild_debian	util-linux__ctrlaltdel	-	benign	17367	0.449292	0.035506	6.109469	0.119590	0.119590	false	benign	benign	benign	benign	benign	benign	benign	benign	benign	benign	benign
wild_debian	util-linux__delpart	-	benign	8920	0.519449	0.101285	6.044138	0.139499	0.139499	false	benign	benign	benign	benign	benign	benign	benign	benign	benign	benign	benign
wild_debian	util-linux__dmesg	-	benign	31939	0.541334	0.058601	6.116623	0.106366	0.106366	false	benign	benign	benign	benign	benign	benign	benign	benign	benign	benign	benign
wild_debian	util-linux__fallocate	-	benign	11342	0.585453	0.077296	6.064259	0.131546	0.131546	false	benign	benign	benign	benign	benign	benign	benign	benign	benign	benign	benign
wild_debian	util-linux__findfs	-	benign	1028	0.438024	0.079352	5.387902	0.276217	0.276217	false	benign	benign	benign	benign	benign	benign	benign	benign	benign	benign	benign
wild_debian	util-linux__findmnt	-	benign	32841	0.536470	0.062995	6.168766	0.105852	0.105852	false	benign	benign	benign	benign	benign	benign	benign	benign	benign	benign	benign
wild_debian	util-linux__flock	-	benign	11933	0.522975	0.087718	6.029957	0.129984	0.129984	false	benign	benign	benign	benign	benign	benign	benign	benign	benign	benign	benign
wild_debian	util-linux__fsck	-	benign	22840	0.575297	0.073914	6.078428	0.113144	0.113144	false	benign	benign	benign	benign	benign	benign	benign	benign	benign	benign	benign
wild_debian	util-linux__fsck.cramfs	-	benign	16844	0.535469	0.101341	6.121547	0.120366	0.120366	false	benign	benign	benign	benign	benign	benign	benign	benign	benign	benign	benign
wild_debian	util-linux__fsck.minix	-	benign	71597	0.516512	0.055190	6.084348	0.094034	0.105178	true	benign	benign	benign	benign	benign	benign	benign	benign	benign	benign	benign
wild_debian	util-linux__fsfreeze	-	benign	1728	0.379902	0.022591	5.671243	0.228880	0.228880	false	benign	benign	benign	benign	benign	benign	benign	benign	benign	benign	benign
wild_debian	util-linux__fstrim	-	benign	36375	0.528744	0.052907	6.100990	0.104028	0.105178	true	benign	benign	benign	benign	benign	benign	benign	benign	benign	benign	benign
wild_debian	util-linux__getopt	-	benign	11561	0.505782	0.086019	6.066635	0.130953	0.130953	false	benign	benign	benign	benign	benign	benign	benign	benign	benign	benign	benign
wild_debian	util-linux__hardlink	-	benign	24089	0.635000	0.114595	6.065063	0.111990	0.111990	false	packed	packed	packed	benign	benign	benign	packed	packed	packed	packed	benign
wild_debian	util-linux__ionice	-	benign	10512	0.575640	0.091941	6.031908	0.133960	0.133960	false	benign	benign	benign	benign	benign	benign	benign	benign	benign	benign	benign
wild_debian	util-linux__ipcmk	-	benign	10709	0.521287	0.077200	6.046708	0.133362	0.133362	false	benign	benign	benign	benign	benign	benign	benign	benign	benign	benign	benign
wild_debian	util-linux__ipcrm	-	benign	11554	0.504095	0.090991	6.098191	0.130972	0.130972	false	benign	benign	benign	benign	benign	benign	benign	benign	benign	benign	benign
wild_debian	util-linux__ipcs	-	benign	37101	0.528591	0.055827	6.096395	0.103686	0.105178	true	benign	benign	benign	benign	benign	benign	benign	benign	benign	benign	benign
wild_debian	util-linux__isosize	-	benign	9830	0.575626	0.110640	6.031010	0.136167	0.136167	false	packed	benign	benign	benign	benign	benign	packed	benign	benign	packed	benign
wild_debian	util-linux__last	-	benign	20716	0.665259	0.101117	6.090566	0.115340	0.115340	false	benign	benign	benign	benign	benign	benign	benign	benign	benign	benign	benign
wild_debian	util-linux__ldattach	-	benign	11465	0.530547	0.078828	6.004769	0.131211	0.131211	false	benign	benign	benign	benign	benign	benign	benign	benign	benign	benign	benign
wild_debian	util-linux__lsblk	-	benign	94814	0.547925	0.062904	6.143624	0.090784	0.105178	true	benign	benign	benign	benign	benign	benign	benign	benign	benign	benign	benign
wild_debian	util-linux__lscpu	-	benign	63704	0.561581	0.061016	6.212941	0.095525	0.105178	true	benign	benign	benign	benign	benign	benign	benign	benign	benign	benign	benign
wild_debian	util-linux__lsipc	-	benign	46620	0.528386	0.055042	6.101691	0.099968	0.105178	true	benign	benign	benign	benign	benign	benign	benign	benign	benign	benign	benign
wild_debian	util-linux__lslocks	-	benign	33186	0.494667	0.041209	6.104510	0.105661	0.105661	false	benign	benign	benign	benign	benign	benign	benign	benign	benign	benign	benign
wild_debian	util-linux__lslogins	-	benign	45416	0.511901	0.075016	6.088486	0.100372	0.105178	true	benign	benign	benign	benign	benign	benign	benign	benign	benign	benign	benign
wild_debian	util-linux__lsmem	-	benign	31010	0.530296	0.063489	6.083756	0.106918	0.106918	false	benign	benign	benign	benign	benign	benign	benign	benign	benign	benign	benign
wild_debian	util-linux__lsns	-	benign	39953	0.487325	0.051790	6.108722	0.102433	0.105178	true	benign	benign	benign	benign	benign	benign	benign	benign	benign	benign	benign
wild_debian	util-linux__mcookie	-	benign	13716	0.517596	0.069244	6.485531	0.125897	0.125897	false	benign	benign	benign	benign	benign	benign	benign	benign	benign	benign	benign
wild_debian	util-linux__mesg	-	benign	2284	0.437779	0.044667	5.727556	0.208095	0.208095	false	benign	benign	benign	benign	benign	benign	benign	benign	benign	benign	benign
wild_debian	util-linux__mkfs	-	benign	1799	0.421030	0.058921	5.390689	0.225698	0.225698	false	benign	benign	benign	benign	benign	benign	benign	benign	benign	benign	benign
wild_debian	util-linux__mkfs.bfs	-	benign	12845	0.512106	0.082514	6.026455	0.127787	0.127787	false	benign	benign	benign	benign	benign	benign	benign	benign	benign	benign	benign
wild_debian	util-linux__mkfs.cramfs	-	benign	18819	0.548515	0.050676	6.482528	0.117608	0.117608	false	benign	benign	benign	benign	benign	benign	benign	benign	benign	benign	benign
wild_debian	util-linux__mkfs.minix	-	benign	63903	0.538589	0.047198	6.134939	0.095484	0.105178	true	benign	benign	benign	benign	benign	benign	benign	benign	benign	benign	benign
wild_debian	util-linux__mkswap	-	benign	62830	0.617889	0.036448	6.112997	0.095707	0.105178	true	benign	benign	benign	benign	benign	benign	benign	benign	benign	benign	benign
wild_debian	util-linux__more	-	benign	26007	0.585402	0.091533	6.043159	0.110383	0.110383	false	benign	benign	benign	benign	benign	benign	benign	benign	benign	benign	benign
wild_debian	util-linux__mountpoint	-	benign	1936	0.395199	0.126228	5.692798	0.220060	0.220060	false	packed	benign	benign	benign	benign	benign	packed	benign	benign	packed	benign
wild_debian	util-linux__namei	-	benign	12493	0.480810	0.076003	6.057993	0.128606	0.128606	false	benign	benign	benign	benign	benign	benign	benign	benign	benign	benign	benign
wild_debian	util-linux__nsenter	-	benign	12606	0.511821	0.074684	6.060208	0.128340	0.128340	false	benign	benign	benign	benign	benign	benign	benign	benign	benign	benign	benign
wild_debian	util-linux__partx	-	benign	62628	0.597648	0.046964	6.098717	0.095750	0.105178	true	benign	benign	benign	benign	benign	benign	benign	benign	benign	benign	benign
wild_debian	util-linux__pivot_root	-	benign	1053	0.372189	0.032525	5.360982	0.273745	0.273745	false	benign	benign	benign	benign	benign	benign	benign	benign	benign	benign	benign
wild_debian	util-linux__prlimit	-	benign	12492	0.509869	0.086565	6.076945	0.128609	0.128609	false	benign	benign	benign	benign	benign	benign	benign	benign	benign	benign	benign
wild_debian	util-linux__readprofile	-	benign	11869	0.550310	0.089889	6.057175	0.130147	0.130147	false	benign	benign	benign	benign	benign	benign	benign	benign	benign	benign	benign
wild_debian	util-linux__rename.ul	-	benign	4064	0.420677	0.049123	5.892980	0.173334	0.173334	false	benign	benign	benign	benign	benign	benign	benign	benign	benign	benign	benign
wild_debian	util-linux__resizepart	-	benign	33441	0.501680	0.055027	6.076524	0.105522	0.105522	false	benign	benign	benign	benign	benign	benign	benign	benign	benign	benign	benign
wild_debian	util-linux__rev	-	benign	1577	0.401426	0.014277	5.709464	0.236348	0.236348	false	benign	benign	benign	benign	benign	benign	benign	benign	benign	benign	benign
wild_debian	util-linux__rtcwake	-	benign	19855	0.542132	0.075944	6.078280	0.116329	0.116329	false	benign	benign	benign	benign	benign	benign	benign	benign	benign	benign	benign
wild_debian	util-linux__runuser	-	benign	34435	0.518556	0.072023	6.042727	0.104995	0.105178	true	benign	benign	benign	benign	benign	benign	benign	benign	benign	benign	benign
wild_debian	util-linux__setarch	-	benign	3221	0.390546	0.027733	5.755233	0.186165	0.186165	false	benign	benign	benign	benign	benign	benign	benign	benign	benign	benign	benign
wild_debian	util-linux__setpriv	-	benign	37916	0.453426	0.040263	6.094241	0.103313	0.105178	true	benign	benign	benign	benign	benign	benign	benign	benign	benign	benign	benign
wild_debian	util-linux__setsid	-	benign	1495	0.343096	0.020124	5.416385	0.240870	0.240870	false	benign	benign	benign	benign	benign	benign	benign	benign	benign	benign	benign
wild_debian	util-linux__setterm	-	benign	19150	0.481267	0.056276	6.044559	0.117188	0.117188	false	benign	benign	benign	benign	benign	benign	benign	benign	benign	benign	benign
wild_debian	util-linux__su	-	benign	34435	0.518559	0.072088	6.042727	0.104995	0.105178	true	benign	benign	benign	benign	benign	benign	benign	benign	benign	benign	benign
wild_debian	util-linux__sulogin	-	benign	21730	0.508374	0.050752	6.105405	0.114252	0.114252	false	benign	benign	benign	benign	benign	benign	benign	benign	benign	benign	benign
wild_debian	util-linux__swaplabel	-	benign	2440	0.293502	-0.012210	5.748485	0.203583	0.203583	false	benign	benign	benign	benign	benign	benign	benign	benign	benign	benign	benign
wild_debian	util-linux__switch_root	-	benign	2398	0.345134	0.008018	5.636687	0.204754	0.204754	false	benign	benign	benign	benign	benign	benign	benign	benign	benign	benign	benign
wild_debian	util-linux__taskset	-	benign	30008	0.474086	0.053042	6.100947	0.107542	0.107542	false	benign	benign	benign	benign	benign	benign	benign	benign	benign	benign	benign
wild_debian	util-linux__uclampset	-	benign	30909	0.474772	0.057020	6.111063	0.106979	0.106979	false	benign	benign	benign	benign	benign	benign	benign	benign	benign	benign	benign
wild_debian	util-linux__unshare	-	benign	39181	0.469526	0.047662	6.085834	0.102759	0.105178	true	benign	benign	benign	benign	benign	benign	benign	benign	benign	benign	benign
wild_debian	util-linux__utmpdump	-	benign	6926	0.642753	0.079632	6.023154	0.148975	0.148975	false	benign	benign	benign	benign	benign	benign	benign	benign	benign	benign	benign
wild_debian	util-linux__wdctl	-	benign	32886	0.504525	0.063522	6.102679	0.105827	0.105827	false	benign	benign	benign	benign	benign	benign	benign	benign	benign	benign	benign
wild_debian	util-linux__whereis	-	benign	8979	0.518013	0.032688	5.938488	0.139268	0.139268	false	benign	benign	benign	benign	benign	benign	benign	benign	benign	benign	benign
wild_debian	util-linux__wipefs	-	benign	16983	0.537875	0.067945	6.079003	0.120156	0.120156	false	benign	benign	benign	benign	benign	benign	benign	benign	benign	benign	benign
wild_debian	util-linux__zramctl	-	benign	64766	0.530133	0.046452	6.110093	0.095309	0.105178	true	benign	benign	benign	benign	benign	benign	benign	benign	benign	benign	benign
wild_debian	vlc-bin__vlc	-	benign	2507	0.327023	0.056760	5.623393	0.201775	0.201775	false	benign	benign	benign	benign	benign	benign	benign	benign	benign	benign	benign
wild_debian	vlc-bin__vlc-wrapper	-	benign	1222	0.515617	0.130081	5.556185	0.259077	0.259077	false	packed	benign	benign	benign	benign	benign	packed	benign	benign	packed	benign
wild_debian	vorbis-tools__ogg123	-	benign	42208	0.583421	0.082424	6.306112	0.101534	0.105178	true	benign	benign	benign	benign	benign	benign	benign	benign	benign	benign	benign
wild_debian	vorbis-tools__oggdec	-	benign	4667	0.640319	0.069730	6.077876	0.166376	0.166376	false	benign	benign	benign	benign	benign	benign	benign	benign	benign	benign	benign
wild_debian	vorbis-tools__oggenc	-	benign	31960	0.637476	0.094566	6.277372	0.106354	0.106354	false	benign	benign	benign	benign	benign	benign	benign	benign	benign	benign	benign
wild_debian	vorbis-tools__ogginfo	-	benign	20518	0.626184	0.087212	6.036581	0.115562	0.115562	false	benign	benign	benign	benign	benign	benign	benign	benign	benign	benign	benign
wild_debian	vorbis-tools__vcut	-	benign	4460	0.493145	0.045300	5.729906	0.168605	0.168605	false	benign	benign	benign	benign	benign	benign	benign	benign	benign	benign	benign
wild_debian	vorbis-tools__vorbiscomment	-	benign	12158	0.623525	0.059699	6.042207	0.129419	0.129419	false	benign	benign	benign	benign	benign	benign	benign	benign	benign	benign	benign
wild_debian	webp__cwebp	-	benign	26198	0.816155	0.108733	6.134139	0.110233	0.110233	false	packed	benign	benign	benign	benign	benign	packed	benign	benign	packed	benign
wild_debian	webp__dwebp	-	benign	11893	0.537002	0.053604	6.029818	0.130086	0.130086	false	benign	benign	benign	benign	benign	benign	benign	benign	benign	benign	benign
wild_debian	webp__gif2webp	-	benign	9457	0.624537	0.046634	6.109169	0.137475	0.137475	false	benign	benign	benign	benign	benign	benign	benign	benign	benign	benign	benign
wild_debian	webp__img2webp	-	benign	15890	0.592434	0.094042	6.083631	0.121879	0.121879	false	benign	benign	benign	benign	benign	benign	benign	benign	benign	benign	benign
wild_debian	webp__vwebp	-	benign	6346	0.409540	0.053468	5.945005	0.152539	0.152539	false	benign	benign	benign	benign	benign	benign	benign	benign	benign	benign	benign
wild_debian	webp__webpinfo	-	benign	11928	0.560815	0.056968	5.928054	0.129996	0.129996	false	benign	benign	benign	benign	benign	benign	benign	benign	benign	benign	benign
wild_debian	webp__webpmux	-	benign	10659	0.565199	0.075993	5.838270	0.133512	0.133512	false	benign	benign	benign	benign	benign	benign	benign	benign	benign	benign	benign
wild_debian	whois__mkpasswd	-	benign	3400	0.465583	0.076065	5.672081	0.183046	0.183046	false	benign	benign	benign	benign	benign	benign	benign	benign	benign	benign	benign
wild_debian	whois__whois	-	benign	14552	0.558682	0.079930	5.933655	0.124246	0.124246	false	benign	benign	benign	benign	benign	benign	benign	benign	benign	benign	benign
wild_debian	xfsprogs__xfs_copy	-	benign	44064	0.622561	0.070734	6.149002	0.100846	0.105178	true	benign	benign	benign	benign	benign	benign	benign	benign	benign	benign	benign
wild_debian	xfsprogs__xfs_estimate	-	benign	2201	0.473766	0.108032	5.714742	0.210689	0.210689	false	packed	benign	benign	benign	benign	benign	packed	benign	benign	packed	benign
wild_debian	xfsprogs__xfs_fsr	-	benign	17367	0.601443	0.054659	6.007104	0.119590	0.119590	false	benign	benign	benign	benign	benign	benign	benign	benign	benign	benign	benign
wild_debian	xfsprogs__xfs_growfs	-	benign	14302	0.652528	0.090982	6.091536	0.124724	0.124724	false	benign	benign	benign	benign	benign	benign	benign	benign	benign	benign	benign
wild_debian	xfsprogs__xfs_io	-	benign	84358	0.560754	0.086846	6.195567	0.092081	0.105178	true	benign	benign	benign	benign	benign	benign	benign	benign	benign	benign	benign
wild_debian	xfsprogs__xfs_logprint	-	benign	40205	0.562825	0.045896	6.114445	0.102329	0.105178	true	benign	benign	benign	benign	benign	benign	benign	benign	benign	benign	benign
wild_debian	xfsprogs__xfs_mdrestore	-	benign	4814	0.674210	0.106961	5.816955	0.164881	0.164881	false	packed	benign	benign	benign	benign	benign	packed	benign	benign	packed	benign
wild_debian	xfsprogs__xfs_quota	-	benign	42781	0.548441	0.077943	6.176643	0.101317	0.105178	true	benign	benign	benign	benign	benign	benign	benign	benign	benign	benign	benign
wild_debian	xfsprogs__xfs_rtcp	-	benign	2889	0.383124	0.008204	5.773078	0.192702	0.192702	false	benign	benign	benign	benign	benign	benign	benign	benign	benign	benign	benign
wild_debian	xfsprogs__xfs_scrub	-	benign	56701	0.598142	0.072985	6.275289	0.097102	0.105178	true	benign	benign	benign	benign	benign	benign	benign	benign	benign	benign	benign
wild_debian	xfsprogs__xfs_spaceman	-	benign	15139	0.569300	0.081773	6.004156	0.123169	0.123169	false	benign	benign	benign	benign	benign	benign	benign	benign	benign	benign	benign
wild_debian	xz-utils__lzmainfo	-	benign	1587	0.439499	0.069539	5.712482	0.235821	0.235821	false	benign	benign	benign	benign	benign	benign	benign	benign	benign	benign	benign
wild_debian	xz-utils__xz	-	benign	36667	0.585754	0.074735	6.075489	0.103889	0.105178	true	benign	benign	benign	benign	benign	benign	benign	benign	benign	benign	benign
wild_debian	zip__zip	-	benign	104449	0.618975	0.059230	6.252363	0.089766	0.105178	true	benign	benign	benign	benign	benign	benign	benign	benign	benign	benign	benign
wild_debian	zip__zipcloak	-	benign	45650	0.537306	0.043849	6.098648	0.100292	0.105178	true	benign	benign	benign	benign	benign	benign	benign	benign	benign	benign	benign
wild_debian	zip__zipnote	-	benign	43467	0.566877	0.054650	6.062607	0.101063	0.105178	true	benign	benign	benign	benign	benign	benign	benign	benign	benign	benign	benign
wild_debian	zip__zipsplit	-	benign	45255	0.551482	0.050597	6.050127	0.100428	0.105178	true	benign	benign	benign	benign	benign	benign	benign	benign	benign	benign	benign
