name,status,code_bytes,n_cand,entropy,region_ent,s_glob,s_spat,s_nis,fire_glob,fire_spat,fire_any,fire_both,rule_pick,guard_pick,guard_vetoed,secs
ace__ace,too_large:1002480,0,0,NA,NA,NA,NA,NA,-1,-1,-1,-1,NA,NA,-1,0.00
age__age,too_large:1670995,0,0,NA,NA,NA,NA,NA,-1,-1,-1,-1,NA,NA,-1,0.00
age__age-keygen,too_large:776893,0,0,NA,NA,NA,NA,NA,-1,-1,-1,-1,NA,NA,-1,0.00
alacritty__alacritty,too_large:4882305,0,0,NA,NA,NA,NA,NA,-1,-1,-1,-1,NA,NA,-1,0.00
amber__amberc,too_large:1663299,0,0,NA,NA,NA,NA,NA,-1,-1,-1,-1,NA,NA,-1,0.00
anacrolix-dms__dms,too_large:4149715,0,0,NA,NA,NA,NA,NA,-1,-1,-1,-1,NA,NA,-1,0.00
anacrolix-dms__termsig,too_large:536182,0,0,NA,NA,NA,NA,NA,-1,-1,-1,-1,NA,NA,-1,0.00
apkverifier__apkverifier,too_large:1510867,0,0,NA,NA,NA,NA,NA,-1,-1,-1,-1,NA,NA,-1,0.00
appc-spec__actool,too_large:3395219,0,0,NA,NA,NA,NA,NA,-1,-1,-1,-1,NA,NA,-1,0.00
apt__apt,ok,2273,2128,5.358080,5.665572,0.506146,0.137709,320.984125,0,1,1,0,packed,benign,1,0.07
apt__apt-cache,ok,55171,50095,6.054554,5.932358,0.882866,0.080446,541.092966,0,0,0,0,benign,benign,0,5.16
apt__apt-cdrom,ok,6769,6141,5.729130,5.764966,0.948315,0.137960,488.996053,0,1,1,0,packed,benign,1,1.20
apt__apt-config,ok,9281,7988,5.993053,5.936438,0.624971,0.077880,417.245569,0,0,0,0,benign,benign,0,0.53
apt__apt-get,ok,19153,17327,5.859330,6.088539,0.786876,0.069096,468.732837,0,0,0,0,benign,benign,0,1.86
apt__apt-mark,ok,27827,25558,6.035540,6.118369,0.657738,0.050531,493.018519,0,0,0,0,benign,benign,0,2.14
aptitude__aptitude-curses,too_large:3038926,0,0,NA,NA,NA,NA,NA,-1,-1,-1,-1,NA,NA,-1,0.00
aria2__aria2c,ok,1169,1044,5.733234,5.598884,0.364221,0.243311,194.510683,0,1,1,0,packed,benign,1,0.03
at__at,ok,23766,21646,6.078227,6.155466,0.592162,0.076841,438.430430,0,0,0,0,benign,benign,0,5.04
at__atd,ok,7976,7274,5.796816,5.715189,0.529397,0.041295,369.973137,0,0,0,0,benign,benign,0,0.44
b3sum__b3sum,too_large:830945,0,0,NA,NA,NA,NA,NA,-1,-1,-1,-1,NA,NA,-1,0.00
bash__bash,too_large:785777,0,0,NA,NA,NA,NA,NA,-1,-1,-1,-1,NA,NA,-1,0.00
bash__clear_console,ok,1900,1700,5.894935,5.732174,0.546432,0.188826,278.961198,0,1,1,0,packed,benign,1,0.07
bat__batcat,too_large:2342328,0,0,NA,NA,NA,NA,NA,-1,-1,-1,-1,NA,NA,-1,0.00
bc__bc,ok,49281,44941,6.189510,6.323209,0.517617,0.081751,362.145535,0,0,0,0,benign,benign,0,12.41
bindgen__bindgen,too_large:2348481,0,0,NA,NA,NA,NA,NA,-1,-1,-1,-1,NA,NA,-1,0.00
binutils-multiarch__x86_64-linux-gnu-addr2line,ok,6447,5844,5.986649,5.990701,0.554646,0.061049,381.659238,0,0,0,0,benign,benign,0,0.27
binutils-multiarch__x86_64-linux-gnu-ar,ok,22472,20340,6.138844,6.052146,0.595652,0.073459,427.949529,0,0,0,0,benign,benign,0,2.02
binutils-multiarch__x86_64-linux-gnu-gprof,ok,69718,63919,6.179935,6.124035,0.571395,0.050647,393.168331,0,0,0,0,benign,benign,0,20.86
binutils-multiarch__x86_64-linux-gnu-nm,ok,16703,15135,6.118847,6.044257,0.523699,0.059330,389.818300,0,0,0,0,benign,benign,0,3.51
binutils-multiarch__x86_64-linux-gnu-objcopy,ok,89090,81232,6.297102,6.249388,0.586278,0.044181,429.185863,0,0,0,0,benign,benign,0,26.25
binutils-multiarch__x86_64-linux-gnu-objdump,ok,213352,196467,6.330775,6.476370,0.632942,0.071703,416.529062,0,0,0,0,benign,benign,0,91.13
binutils-multiarch__x86_64-linux-gnu-ranlib,ok,22472,20342,6.138945,6.056175,0.594352,0.073312,426.481748,0,0,0,0,benign,benign,0,2.02
binutils-multiarch__x86_64-linux-gnu-readelf,too_large:440886,0,0,NA,NA,NA,NA,NA,-1,-1,-1,-1,NA,NA,-1,0.00
binutils-multiarch__x86_64-linux-gnu-size,ok,6687,6076,5.983767,5.921425,0.582712,0.099445,353.814440,0,0,0,0,benign,benign,0,0.42
binutils-multiarch__x86_64-linux-gnu-strings,ok,10177,9259,6.182474,6.227250,0.633043,0.022869,451.635156,0,0,0,0,benign,benign,0,1.00
binutils-multiarch__x86_64-linux-gnu-strip,ok,89090,81218,6.297849,6.249388,0.586931,0.043644,430.374388,0,0,0,0,benign,benign,0,26.27
bison__bison,too_large:386094,0,0,NA,NA,NA,NA,NA,-1,-1,-1,-1,NA,NA,-1,0.00
blueprint-tools__bpfmt,too_large:774058,0,0,NA,NA,NA,NA,NA,-1,-1,-1,-1,NA,NA,-1,0.00
blueprint-tools__bpglob,too_large:671084,0,0,NA,NA,NA,NA,NA,-1,-1,-1,-1,NA,NA,-1,0.00
blueprint-tools__bpmodify,too_large:779597,0,0,NA,NA,NA,NA,NA,-1,-1,-1,-1,NA,NA,-1,0.00
blueprint-tools__microfactory,too_large:1008840,0,0,NA,NA,NA,NA,NA,-1,-1,-1,-1,NA,NA,-1,0.00
blueprint-tools__minibp,too_large:2156191,0,0,NA,NA,NA,NA,NA,-1,-1,-1,-1,NA,NA,-1,0.00
boinc-client__boinc,too_large:807723,0,0,NA,NA,NA,NA,NA,-1,-1,-1,-1,NA,NA,-1,0.00
boinc-client__boinccmd,ok,14158,11925,6.088751,5.918308,0.484958,0.033743,381.410237,0,0,0,0,benign,benign,0,1.25
bsdutils__logger,ok,24222,21948,6.111014,6.036356,0.513334,0.071329,340.858746,0,0,0,0,benign,benign,0,1.28
bsdutils__renice,ok,2398,2111,5.776735,5.813206,0.429007,0.021507,266.590854,0,0,0,0,benign,benign,0,0.07
bsdutils__script,ok,35614,32418,6.121603,6.079315,0.579206,0.080479,411.851752,0,0,0,0,benign,benign,0,7.88
bsdutils__scriptlive,ok,29214,26557,6.130134,6.065989,0.552638,0.078246,386.904452,0,0,0,0,benign,benign,0,6.50
bsdutils__scriptreplay,ok,19854,18078,6.150730,6.030260,0.554075,0.075684,359.893026,0,0,0,0,benign,benign,0,1.20
bsdutils__wall,ok,14926,13523,6.121121,6.040232,0.537230,0.072598,330.867534,0,0,0,0,benign,benign,0,1.51
btrfs-progs__btrfs,too_large:496611,0,0,NA,NA,NA,NA,NA,-1,-1,-1,-1,NA,NA,-1,0.00
btrfs-progs__btrfs-convert,too_large:275491,0,0,NA,NA,NA,NA,NA,-1,-1,-1,-1,NA,NA,-1,0.00
btrfs-progs__btrfs-find-root,ok,247155,228609,6.438821,6.521521,0.669795,0.063048,475.411595,0,0,0,0,benign,benign,0,108.94
btrfs-progs__btrfs-image,too_large:265395,0,0,NA,NA,NA,NA,NA,-1,-1,-1,-1,NA,NA,-1,0.00
btrfs-progs__btrfs-map-logical,ok,247507,228902,6.437592,6.520735,0.671776,0.063853,476.101231,0,0,0,0,benign,benign,0,109.57
btrfs-progs__btrfs-select-super,ok,245683,227129,6.440004,6.512234,0.669541,0.064771,473.001501,0,0,0,0,benign,benign,0,108.50
btrfs-progs__btrfstune,ok,253283,234455,6.433084,6.482109,0.665731,0.058068,476.127580,0,0,0,0,benign,benign,0,118.52
btrfs-progs__mkfs.btrfs,too_large:267155,0,0,NA,NA,NA,NA,NA,-1,-1,-1,-1,NA,NA,-1,0.00
buildah__buildah,too_large:10169468,0,0,NA,NA,NA,NA,NA,-1,-1,-1,-1,NA,NA,-1,0.00
bzip2__bunzip2,ok,13349,12088,5.979979,6.107356,0.582539,0.048088,394.108130,0,0,0,0,benign,benign,0,1.13
bzip2__bzip2recover,ok,3351,3038,6.079421,6.021794,0.424408,0.040181,338.513157,0,0,0,0,benign,benign,0,0.21
capnproto__capnp,ok,85455,76472,6.040954,6.068550,0.572886,0.078661,397.559764,0,0,0,0,benign,benign,0,4.91
capnproto__capnpc-c++,too_large:421762,0,0,NA,NA,NA,NA,NA,-1,-1,-1,-1,NA,NA,-1,0.00
capnproto__capnpc-capnp,ok,91271,79480,5.932499,6.126173,0.560174,0.070820,394.853451,0,0,0,0,benign,benign,0,7.33
cargo-binutils__cargo-cov,too_large:1859137,0,0,NA,NA,NA,NA,NA,-1,-1,-1,-1,NA,NA,-1,0.00
cargo-binutils__cargo-nm,too_large:1859153,0,0,NA,NA,NA,NA,NA,-1,-1,-1,-1,NA,NA,-1,0.00
cargo-binutils__cargo-objcopy,too_large:1859153,0,0,NA,NA,NA,NA,NA,-1,-1,-1,-1,NA,NA,-1,0.00
cargo-binutils__cargo-objdump,too_large:1859153,0,0,NA,NA,NA,NA,NA,-1,-1,-1,-1,NA,NA,-1,0.00
cargo-binutils__cargo-profdata,too_large:1859137,0,0,NA,NA,NA,NA,NA,-1,-1,-1,-1,NA,NA,-1,0.00
cargo-binutils__cargo-readobj,too_large:1859153,0,0,NA,NA,NA,NA,NA,-1,-1,-1,-1,NA,NA,-1,0.00
cargo-binutils__cargo-size,too_large:1859153,0,0,NA,NA,NA,NA,NA,-1,-1,-1,-1,NA,NA,-1,0.00
cargo-binutils__cargo-strip,too_large:1859153,0,0,NA,NA,NA,NA,NA,-1,-1,-1,-1,NA,NA,-1,0.00
cargo-binutils__rust-ar,too_large:303537,0,0,NA,NA,NA,NA,NA,-1,-1,-1,-1,NA,NA,-1,0.00
cargo-binutils__rust-cov,too_large:303537,0,0,NA,NA,NA,NA,NA,-1,-1,-1,-1,NA,NA,-1,0.00
cargo-binutils__rust-ld,too_large:303537,0,0,NA,NA,NA,NA,NA,-1,-1,-1,-1,NA,NA,-1,0.00
cargo-binutils__rust-nm,too_large:303537,0,0,NA,NA,NA,NA,NA,-1,-1,-1,-1,NA,NA,-1,0.00
cargo-binutils__rust-objcopy,too_large:303537,0,0,NA,NA,NA,NA,NA,-1,-1,-1,-1,NA,NA,-1,0.00
cargo-binutils__rust-objdump,too_large:303537,0,0,NA,NA,NA,NA,NA,-1,-1,-1,-1,NA,NA,-1,0.00
cargo-binutils__rust-profdata,too_large:303537,0,0,NA,NA,NA,NA,NA,-1,-1,-1,-1,NA,NA,-1,0.00
cargo-binutils__rust-readobj,too_large:303537,0,0,NA,NA,NA,NA,NA,-1,-1,-1,-1,NA,NA,-1,0.00
cargo-binutils__rust-size,too_large:303537,0,0,NA,NA,NA,NA,NA,-1,-1,-1,-1,NA,NA,-1,0.00
cargo-binutils__rust-strip,too_large:303537,0,0,NA,NA,NA,NA,NA,-1,-1,-1,-1,NA,NA,-1,0.00
cargo-c__cargo-capi,too_large:10437694,0,0,NA,NA,NA,NA,NA,-1,-1,-1,-1,NA,NA,-1,0.00
cargo-c__cargo-cbuild,too_large:10392446,0,0,NA,NA,NA,NA,NA,-1,-1,-1,-1,NA,NA,-1,0.00
cargo-c__cargo-cinstall,too_large:10402302,0,0,NA,NA,NA,NA,NA,-1,-1,-1,-1,NA,NA,-1,0.00
cargo-c__cargo-ctest,too_large:10417566,0,0,NA,NA,NA,NA,NA,-1,-1,-1,-1,NA,NA,-1,0.00
cargo-lichking__cargo-lichking,too_large:1700417,0,0,NA,NA,NA,NA,NA,-1,-1,-1,-1,NA,NA,-1,0.00
cargo-lock__cargo-lock,too_large:733697,0,0,NA,NA,NA,NA,NA,-1,-1,-1,-1,NA,NA,-1,0.00
cargo-outdated__cargo-outdated,too_large:5227022,0,0,NA,NA,NA,NA,NA,-1,-1,-1,-1,NA,NA,-1,0.00
cargo__cargo,too_large:8704190,0,0,NA,NA,NA,NA,NA,-1,-1,-1,-1,NA,NA,-1,0.00
cbindgen-web__cbindgen,too_large:4320347,0,0,NA,NA,NA,NA,NA,-1,-1,-1,-1,NA,NA,-1,0.00
cbindgen__cbindgen,too_large:3840193,0,0,NA,NA,NA,NA,NA,-1,-1,-1,-1,NA,NA,-1,0.00
ceph-common__ceph-authtool,ok,105822,95368,6.123109,6.139271,0.675406,0.069045,456.885012,0,0,0,0,benign,benign,0,26.82
ceph-common__ceph-conf,ok,103966,93589,6.132535,6.128988,0.681784,0.067194,458.822795,0,0,0,0,benign,benign,0,25.52
ceph-common__ceph-dencoder,ok,40936,37148,6.120071,6.074346,0.692068,0.095785,460.238086,0,0,0,0,benign,benign,0,8.42
ceph-common__ceph-syn,too_large:1731518,0,0,NA,NA,NA,NA,NA,-1,-1,-1,-1,NA,NA,-1,0.00
ceph-common__cephfs-data-scan,too_large:5025902,0,0,NA,NA,NA,NA,NA,-1,-1,-1,-1,NA,NA,-1,0.00
ceph-common__cephfs-journal-tool,too_large:5051614,0,0,NA,NA,NA,NA,NA,-1,-1,-1,-1,NA,NA,-1,0.00
ceph-common__cephfs-table-tool,too_large:4910702,0,0,NA,NA,NA,NA,NA,-1,-1,-1,-1,NA,NA,-1,0.00
ceph-common__mount.ceph,ok,110478,99864,6.151396,6.200176,0.692250,0.069186,473.025896,0,0,0,0,benign,benign,0,30.29
ceph-common__rados,too_large:379310,0,0,NA,NA,NA,NA,NA,-1,-1,-1,-1,NA,NA,-1,0.00
ceph-common__radosgw-admin,too_large:8284894,0,0,NA,NA,NA,NA,NA,-1,-1,-1,-1,NA,NA,-1,0.00
ceph-common__rbd,too_large:2600318,0,0,NA,NA,NA,NA,NA,-1,-1,-1,-1,NA,NA,-1,0.00
ceph-common__rbd-replay,ok,229790,210658,6.169773,6.176013,0.658996,0.094717,440.799512,0,0,0,0,benign,benign,0,71.47
ceph-common__rbd-replay-prep,ok,98963,89617,6.078553,6.070665,0.624123,0.084517,403.375388,0,0,0,0,benign,benign,0,24.30
clang-14__clang,ok,66693,61452,6.084443,6.138285,0.589969,0.048523,450.112061,0,0,0,0,benign,benign,0,19.37
cli-spinner__cli-spinner,too_large:595518,0,0,NA,NA,NA,NA,NA,-1,-1,-1,-1,NA,NA,-1,0.00
cmake__cmake,too_large:7569055,0,0,NA,NA,NA,NA,NA,-1,-1,-1,-1,NA,NA,-1,0.00
cmake__cpack,too_large:7849663,0,0,NA,NA,NA,NA,NA,-1,-1,-1,-1,NA,NA,-1,0.00
cmake__ctest,too_large:8815039,0,0,NA,NA,NA,NA,NA,-1,-1,-1,-1,NA,NA,-1,0.00
condure__condure,too_large:1588036,0,0,NA,NA,NA,NA,NA,-1,-1,-1,-1,NA,NA,-1,0.00
containerd__containerd,too_large:19234917,0,0,NA,NA,NA,NA,NA,-1,-1,-1,-1,NA,NA,-1,0.02
containerd__containerd-shim,too_large:3028307,0,0,NA,NA,NA,NA,NA,-1,-1,-1,-1,NA,NA,-1,0.00
containerd__containerd-shim-runc-v1,too_large:4662149,0,0,NA,NA,NA,NA,NA,-1,-1,-1,-1,NA,NA,-1,0.00
containerd__containerd-shim-runc-v2,too_large:4671669,0,0,NA,NA,NA,NA,NA,-1,-1,-1,-1,NA,NA,-1,0.00
containerd__ctr,too_large:9498869,0,0,NA,NA,NA,NA,NA,-1,-1,-1,-1,NA,NA,-1,0.01
containers-storage__containers-storage,too_large:3327100,0,0,NA,NA,NA,NA,NA,-1,-1,-1,-1,NA,NA,-1,0.00
coredhcp-client__coredhcp-client,too_large:1050806,0,0,NA,NA,NA,NA,NA,-1,-1,-1,-1,NA,NA,-1,0.00
coredhcp-server__coredhcp,too_large:2903057,0,0,NA,NA,NA,NA,NA,-1,-1,-1,-1,NA,NA,-1,0.00
coreutils__[,ok,36350,32384,6.146064,6.075485,0.536818,0.066232,339.275221,0,0,0,0,benign,benign,0,9.20
coreutils__arch,ok,15838,14474,6.155924,6.045640,0.569788,0.090223,401.705190,0,0,0,0,benign,benign,0,3.27
coreutils__b2sum,ok,31582,29063,6.232146,6.054905,0.566623,0.073789,409.930968,0,0,0,0,benign,benign,0,8.33
coreutils__base32,ok,20542,18673,6.179262,6.117932,0.540727,0.093822,364.121121,0,0,0,0,benign,benign,0,4.51
coreutils__base64,ok,20206,18392,6.166939,6.174972,0.550596,0.090064,373.233875,0,0,0,0,benign,benign,0,4.38
coreutils__basename,ok,15934,14538,6.148680,6.055817,0.559369,0.099475,399.022070,0,0,0,0,benign,benign,0,3.23
coreutils__basenc,ok,25774,23517,6.234867,6.211647,0.531677,0.113532,357.498116,0,1,1,0,packed,benign,1,5.22
coreutils__cat,ok,18942,17238,6.143312,6.044592,0.551513,0.090005,390.267518,0,0,0,0,benign,benign,0,4.31
coreutils__chcon,ok,38014,34508,6.162698,6.086372,0.733552,0.073351,406.066195,0,0,0,0,benign,benign,0,11.92
coreutils__chgrp,ok,37326,33920,6.169777,6.194356,0.608443,0.087024,435.897076,0,0,0,0,benign,benign,0,11.74
coreutils__chmod,ok,35662,32480,6.199458,6.130307,0.572731,0.061609,419.411493,0,0,0,0,benign,benign,0,11.17
coreutils__chown,ok,38990,35416,6.165766,6.176939,0.599151,0.084931,439.628127,0,0,0,0,benign,benign,0,13.16
coreutils__chroot,ok,21998,20008,6.134664,6.091257,0.531561,0.075260,382.766066,0,0,0,0,benign,benign,0,5.14
coreutils__cksum,ok,92942,85987,6.472456,6.415696,0.537995,0.017559,412.297575,0,0,0,0,benign,benign,0,19.06
coreutils__comm,ok,19982,18210,6.162365,6.122233,0.528239,0.104114,362.886669,0,0,0,0,benign,benign,0,4.65
coreutils__cp,ok,95358,84620,6.155146,6.131977,0.794759,0.084326,417.891420,0,0,0,0,benign,benign,0,49.19
coreutils__csplit,ok,84894,77998,6.229547,6.364078,0.611300,0.061830,417.204347,0,0,0,0,benign,benign,0,38.96
coreutils__cut,ok,21758,19802,6.172897,6.035182,0.504727,0.079619,343.731989,0,0,0,0,benign,benign,0,4.67
coreutils__date,ok,72910,65823,6.209834,6.308204,0.527696,0.069217,350.471733,0,0,0,0,benign,benign,0,23.56
coreutils__dd,ok,52238,46789,6.183827,6.154862,0.531976,0.055420,337.926270,0,0,0,0,benign,benign,0,16.43
coreutils__df,ok,61246,54845,6.189537,6.169723,0.524873,0.062730,355.809955,0,0,0,0,benign,benign,0,21.04
coreutils__dir,ok,86174,78527,6.285052,6.161897,0.542649,0.090069,358.675148,0,0,0,0,benign,benign,0,32.68
coreutils__dircolors,ok,20030,18274,6.155877,6.053059,0.537306,0.093345,392.285250,0,0,0,0,benign,benign,0,4.44
coreutils__dirname,ok,15694,14323,6.151549,6.079328,0.560389,0.093256,392.949932,0,0,0,0,benign,benign,0,3.09
coreutils__du,ok,123246,112841,6.272934,6.324103,0.605385,0.059462,423.536772,0,0,0,0,benign,benign,0,58.16
coreutils__echo,ok,16574,15095,6.154959,6.102765,0.534396,0.095906,353.205583,0,0,0,0,benign,benign,0,3.29
coreutils__env,ok,22190,20177,6.166188,6.037003,0.541778,0.076617,378.923876,0,0,0,0,benign,benign,0,5.27
coreutils__expand,ok,18286,16674,6.132182,6.087624,0.530898,0.087435,372.763460,0,0,0,0,benign,benign,0,4.05
coreutils__expr,ok,83982,77311,6.222347,6.346956,0.649509,0.060916,418.186179,0,0,0,0,benign,benign,0,43.81
coreutils__factor,ok,39886,36572,6.191829,6.102406,0.582191,0.066906,428.279963,0,0,0,0,benign,benign,0,13.55
coreutils__false,ok,14974,13660,6.139215,6.064457,0.529437,0.093210,365.954877,0,0,0,0,benign,benign,0,2.95
coreutils__fmt,ok,21934,19970,6.211946,6.188558,0.530522,0.093260,335.723858,0,0,0,0,benign,benign,0,5.13
coreutils__fold,ok,18206,16570,6.158670,6.092788,0.549975,0.093040,393.833707,0,0,0,0,benign,benign,0,4.00
coreutils__groups,ok,16910,15404,6.146867,6.045288,0.540184,0.091713,379.984338,0,0,0,0,benign,benign,0,3.58
coreutils__head,ok,23166,21130,6.146912,6.063520,0.545970,0.074767,373.365711,0,0,0,0,benign,benign,0,6.12
coreutils__hostid,ok,15646,14298,6.129123,6.019643,0.563676,0.112123,398.254901,0,1,1,0,packed,benign,1,3.21
coreutils__id,ok,22462,20402,6.143357,6.025108,0.515592,0.085554,343.569541,0,0,0,0,benign,benign,0,5.09
coreutils__install,ok,102014,90915,6.166001,6.162497,0.760355,0.082009,401.370388,0,0,0,0,benign,benign,0,56.73
coreutils__join,ok,27086,24748,6.175263,6.201379,0.546019,0.108456,386.010481,0,1,1,0,packed,benign,1,7.25
coreutils__link,ok,15886,14532,6.122143,6.031614,0.550059,0.098278,389.305235,0,0,0,0,benign,benign,0,3.37
coreutils__ln,ok,36270,33153,6.150416,6.079201,0.586998,0.075540,355.399801,0,0,0,0,benign,benign,0,10.04
coreutils__logname,ok,15694,14349,6.132218,5.982415,0.561109,0.099210,399.112858,0,0,0,0,benign,benign,0,3.28
coreutils__ls,ok,86174,78527,6.285052,6.161897,0.542649,0.090069,358.675148,0,0,0,0,benign,benign,0,32.71
coreutils__md5sum,ok,24830,22632,6.309444,6.439028,0.540349,0.078964,390.036829,0,0,0,0,benign,benign,0,6.24
coreutils__mkdir,ok,56830,50822,6.166864,6.099167,0.547259,0.061839,372.919502,0,0,0,0,benign,benign,0,13.78
coreutils__mkfifo,ok,38462,34992,6.199400,6.108931,0.622802,0.077761,431.571839,0,0,0,0,benign,benign,0,10.76
coreutils__mknod,ok,40686,36970,6.194027,6.127515,0.570953,0.072906,411.910371,0,0,0,0,benign,benign,0,11.66
coreutils__mktemp,ok,18014,16410,6.139287,6.062072,0.526274,0.086946,353.273004,0,0,0,0,benign,benign,0,3.86
coreutils__mv,ok,95310,84871,6.151258,6.139548,0.790494,0.081908,417.303144,0,0,0,0,benign,benign,0,50.46
coreutils__nice,ok,17198,15610,6.133701,6.043797,0.548872,0.086720,387.074379,0,0,0,0,benign,benign,0,3.51
coreutils__nl,ok,78702,72429,6.225768,6.312822,0.612131,0.057891,414.479933,0,0,0,0,benign,benign,0,31.06
coreutils__nohup,ok,18270,16662,6.126470,6.063894,0.535031,0.074822,374.206349,0,0,0,0,benign,benign,0,3.94
coreutils__nproc,ok,17310,15756,6.133130,6.068057,0.533342,0.094185,368.806273,0,0,0,0,benign,benign,0,3.64
coreutils__numfmt,ok,32894,29941,6.203736,6.103408,0.593102,0.091326,392.740021,0,0,0,0,benign,benign,0,8.57
coreutils__od,ok,44910,40230,6.192695,6.310698,0.508048,0.054215,325.618149,0,0,0,0,benign,benign,0,11.49
coreutils__paste,ok,17982,16371,6.157671,6.018403,0.565068,0.091347,411.292808,0,0,0,0,benign,benign,0,3.92
coreutils__pathchk,ok,16494,15055,6.142165,6.061733,0.552925,0.080156,387.433689,0,0,0,0,benign,benign,0,3.59
coreutils__pinky,ok,19678,17909,6.141752,6.103615,0.524307,0.085603,363.509051,0,0,0,0,benign,benign,0,4.29
coreutils__pr,ok,45310,41126,6.243437,6.250041,0.518260,0.064113,355.985918,0,0,0,0,benign,benign,0,12.23
coreutils__printenv,ok,15342,13996,6.155212,6.060159,0.523902,0.092503,360.779171,0,0,0,0,benign,benign,0,3.01
coreutils__printf,ok,35934,32046,6.123088,6.089136,0.565780,0.085755,357.559292,0,0,0,0,benign,benign,0,8.65
coreutils__ptx,ok,99438,91505,6.238664,6.349890,0.592144,0.057140,408.106337,0,0,0,0,benign,benign,0,72.08
coreutils__pwd,ok,17118,15613,6.134367,6.066950,0.551949,0.095716,388.679562,0,0,0,0,benign,benign,0,3.73
coreutils__readlink,ok,23694,21718,6.206998,6.084703,0.509387,0.090860,344.857909,0,0,0,0,benign,benign,0,5.61
coreutils__realpath,ok,24782,22678,6.206254,6.061826,0.504104,0.088165,334.873836,0,0,0,0,benign,benign,0,5.98
coreutils__rm,ok,38318,34833,6.177537,6.175883,0.570208,0.076556,415.588707,0,0,0,0,benign,benign,0,12.33
coreutils__rmdir,ok,30446,27030,6.100815,6.074451,0.542480,0.065678,355.627640,0,0,0,0,benign,benign,0,7.04
coreutils__runcon,ok,17406,15843,6.114677,6.115183,0.594802,0.094231,402.622301,0,0,0,0,benign,benign,0,3.85
coreutils__seq,ok,34990,31266,6.133898,6.105740,0.579189,0.069779,383.171067,0,0,0,0,benign,benign,0,8.67
coreutils__sha1sum,ok,27838,25550,6.351440,6.253653,0.556779,0.073725,412.552338,0,0,0,0,benign,benign,0,6.98
coreutils__sha224sum,ok,34206,31413,6.371206,6.273207,0.547853,0.044685,417.135029,0,0,0,0,benign,benign,0,8.79
coreutils__sha256sum,ok,34206,31408,6.371361,6.273207,0.545463,0.044942,416.489217,0,0,0,0,benign,benign,0,8.82
coreutils__sha384sum,ok,39054,35850,6.348389,6.143620,0.554227,0.033413,422.438997,0,0,0,0,benign,benign,0,10.24
coreutils__sha512sum,ok,39054,35851,6.347920,6.143620,0.554290,0.033617,422.377379,0,0,0,0,benign,benign,0,10.25
coreutils__shred,ok,32430,29519,6.213802,6.093527,0.518859,0.071166,381.435729,0,0,0,0,benign,benign,0,9.05
coreutils__shuf,ok,30782,28076,6.207549,6.091464,0.527730,0.083781,361.414320,0,0,0,0,benign,benign,0,8.02
coreutils__sleep,ok,17102,15642,6.158377,6.010075,0.548135,0.100337,386.636315,0,0,0,0,benign,benign,0,3.56
coreutils__sort,ok,70622,64675,6.316133,6.454403,0.576337,0.061528,413.673994,0,0,0,0,benign,benign,0,33.07
coreutils__split,ok,30030,27344,6.147029,6.109295,0.542997,0.070461,384.121183,0,0,0,0,benign,benign,0,8.76
coreutils__stat,ok,60878,54467,6.219763,6.138487,0.581803,0.073967,359.398032,0,0,0,0,benign,benign,0,15.23
coreutils__stdbuf,ok,32958,29231,6.103491,6.072991,0.519227,0.064463,335.746227,0,0,0,0,benign,benign,0,7.47
coreutils__stty,ok,43870,38993,6.124785,6.056147,0.531611,0.052985,345.108044,0,0,0,0,benign,benign,0,12.40
coreutils__sum,ok,23726,21564,6.216925,6.101852,0.532000,0.088508,371.607530,0,0,0,0,benign,benign,0,4.97
coreutils__sync,ok,16398,14933,6.130042,6.059110,0.544759,0.088906,381.943255,0,0,0,0,benign,benign,0,3.48
coreutils__tac,ok,78350,72190,6.229140,6.318051,0.617403,0.060281,421.377136,0,0,0,0,benign,benign,0,32.03
coreutils__tail,ok,42046,38186,6.201116,6.083085,0.577270,0.071506,419.799924,0,0,0,0,benign,benign,0,15.77
coreutils__tee,ok,18270,16632,6.142480,6.047639,0.520873,0.079833,351.712487,0,0,0,0,benign,benign,0,3.97
coreutils__test,ok,34814,30941,6.143088,6.057186,0.555877,0.056010,371.734360,0,0,0,0,benign,benign,0,8.46
coreutils__timeout,ok,19614,17826,6.158113,6.096530,0.512487,0.078385,362.134793,0,0,0,0,benign,benign,0,4.30
coreutils__touch,ok,64542,58239,6.185164,6.325559,0.542401,0.071333,354.964994,0,0,0,0,benign,benign,0,20.57
coreutils__tr,ok,25998,23639,6.212201,6.098479,0.542585,0.096045,382.852292,0,0,0,0,benign,benign,0,6.21
coreutils__true,ok,14974,13657,6.138281,6.064457,0.531800,0.092603,367.190364,0,0,0,0,benign,benign,0,2.94
coreutils__truncate,ok,19102,17283,6.113588,6.055370,0.516070,0.083055,356.678317,0,0,0,0,benign,benign,0,4.35
coreutils__tsort,ok,29982,27221,6.154730,6.107411,0.816631,0.078689,627.573891,0,0,0,0,benign,benign,0,10.09
coreutils__tty,ok,15182,13833,6.150826,6.007759,0.521870,0.095547,357.860516,0,0,0,0,benign,benign,0,3.08
coreutils__uname,ok,15838,14474,6.155924,6.045640,0.569788,0.090223,401.705190,0,0,0,0,benign,benign,0,3.27
coreutils__unexpand,ok,18702,17044,6.132933,6.071136,0.552780,0.101703,386.518786,0,0,0,0,benign,benign,0,4.13
coreutils__uniq,ok,22094,20135,6.166988,6.168462,0.531210,0.098860,353.675582,0,0,0,0,benign,benign,0,4.99
coreutils__unlink,ok,15806,14453,6.131517,6.041150,0.556473,0.111231,390.661676,0,1,1,0,packed,benign,1,3.33
coreutils__users,ok,16654,15216,6.143120,6.007549,0.542045,0.085218,394.682438,0,0,0,0,benign,benign,0,3.47
coreutils__vdir,ok,86174,78527,6.285052,6.161897,0.542649,0.090069,358.675148,0,0,0,0,benign,benign,0,32.67
coreutils__wc,ok,24862,22774,6.175295,6.072537,0.556258,0.090845,380.192905,0,0,0,0,benign,benign,0,6.10
coreutils__who,ok,35166,31381,6.102261,6.057668,0.569398,0.070058,379.898607,0,0,0,0,benign,benign,0,8.89
coreutils__whoami,ok,15742,14399,6.128572,6.024606,0.554776,0.092924,389.724405,0,0,0,0,benign,benign,0,3.24
coreutils__yes,ok,16206,14816,6.147947,6.069838,0.546650,0.100438,389.231294,0,0,0,0,benign,benign,0,3.24
cpio__cpio,ok,100930,91484,6.234804,6.183562,0.554737,0.074585,396.336353,0,0,0,0,benign,benign,0,46.71
cpio__mt-gnu,ok,51426,46417,6.229614,6.199470,0.525559,0.065857,388.771313,0,0,0,0,benign,benign,0,22.25
cpp-12__x86_64-linux-gnu-cpp-12,too_large:623694,0,0,NA,NA,NA,NA,NA,-1,-1,-1,-1,NA,NA,-1,0.00
cron__cron,ok,22236,20094,6.140441,6.134673,0.541454,0.057559,393.475136,0,0,0,0,benign,benign,0,1.84
cron__crontab,ok,16212,14555,6.043826,6.156965,0.651875,0.079205,448.515421,0,0,0,0,benign,benign,0,4.43
crun__crun,too_large:349197,0,0,NA,NA,NA,NA,NA,-1,-1,-1,-1,NA,NA,-1,0.00
cryptsetup-bin__cryptsetup,ok,110075,99177,6.090766,6.127908,0.626643,0.050432,457.348600,0,0,0,0,benign,benign,0,85.31
cryptsetup-bin__integritysetup,ok,29153,26362,6.061565,6.074017,0.521774,0.066169,373.179790,0,0,0,0,benign,benign,0,3.23
cryptsetup-bin__veritysetup,ok,21601,19408,6.033949,6.096699,0.484227,0.068099,329.906467,0,0,0,0,benign,benign,0,4.90
curl__curl,ok,93097,85319,6.129289,6.150177,0.651105,0.075679,453.956383,0,0,0,0,benign,benign,0,38.43
cvc5__cvc5,too_large:286016,0,0,NA,NA,NA,NA,NA,-1,-1,-1,-1,NA,NA,-1,0.00
cvs__cvs,too_large:551342,0,0,NA,NA,NA,NA,NA,-1,-1,-1,-1,NA,NA,-1,0.00
dash__dash,ok,75309,68229,6.225697,6.261634,0.568715,0.058832,387.295345,0,0,0,0,benign,benign,0,30.45
dataurl__dataurl,too_large:1277683,0,0,NA,NA,NA,NA,NA,-1,-1,-1,-1,NA,NA,-1,0.00
dctrl-tools__grep-dctrl,ok,25201,23022,6.105056,6.092346,0.493691,0.055364,335.566688,0,0,0,0,benign,benign,0,5.46
dctrl-tools__join-dctrl,ok,15137,13832,6.134763,6.084470,0.444202,0.020799,321.731642,0,0,0,0,benign,benign,0,1.04
dctrl-tools__sort-dctrl,ok,16977,15630,6.124513,6.080331,0.529874,0.063325,379.404934,0,0,0,0,benign,benign,0,3.52
dctrl-tools__tbl-dctrl,ok,17041,15589,6.136174,6.093766,0.457302,0.019281,334.537809,0,0,0,0,benign,benign,0,1.32
debcargo__debcargo,too_large:8126494,0,0,NA,NA,NA,NA,NA,-1,-1,-1,-1,NA,NA,-1,0.00
debianutils__ischroot,ok,1196,1099,5.800637,5.813082,0.306060,-0.023176,193.415905,0,0,0,0,benign,benign,0,0.04
debianutils__run-parts,ok,5582,4900,5.864992,5.786194,0.452230,0.034102,336.154330,0,0,0,0,benign,benign,0,0.61
debianutils__tempfile,ok,1724,1591,5.458518,5.689173,0.576564,0.067559,361.983664,0,0,0,0,benign,benign,0,0.29
devscripts__debpkg,ok,313,267,5.092428,5.092428,0.410228,0.323983,166.458261,0,1,1,0,packed,benign,1,0.01
dfrs__dfrs,too_large:1176315,0,0,NA,NA,NA,NA,NA,-1,-1,-1,-1,NA,NA,-1,0.00
difference__difference,too_large:280577,0,0,NA,NA,NA,NA,NA,-1,-1,-1,-1,NA,NA,-1,0.00
diffutils__cmp,ok,25237,22846,6.115795,6.097339,0.512743,0.055128,338.776269,0,0,0,0,benign,benign,0,2.02
diffutils__diff,ok,93125,85065,6.263627,6.205817,0.551176,0.072478,383.362259,0,0,0,0,benign,benign,0,34.83
diffutils__diff3,ok,37269,34070,6.194158,6.093796,0.559204,0.068688,400.124205,0,0,0,0,benign,benign,0,10.79
diffutils__sdiff,ok,25701,23330,6.122625,6.074274,0.541653,0.056368,368.659934,0,0,0,0,benign,benign,0,5.86
direnv__direnv,too_large:3264163,0,0,NA,NA,NA,NA,NA,-1,-1,-1,-1,NA,NA,-1,0.00
docker.io__dnet,too_large:8147029,0,0,NA,NA,NA,NA,NA,-1,-1,-1,-1,NA,NA,-1,0.00
docker.io__docker,too_large:20391100,0,0,NA,NA,NA,NA,NA,-1,-1,-1,-1,NA,NA,-1,0.01
docker.io__docker-proxy,too_large:811171,0,0,NA,NA,NA,NA,NA,-1,-1,-1,-1,NA,NA,-1,0.00
docker.io__dockerd,too_large:27245356,0,0,NA,NA,NA,NA,NA,-1,-1,-1,-1,NA,NA,-1,0.02
docker.io__ovrouter,too_large:5575989,0,0,NA,NA,NA,NA,NA,-1,-1,-1,-1,NA,NA,-1,0.00
dosfstools__fatlabel,ok,22081,20278,6.163436,6.202615,0.545035,0.050898,377.574656,0,0,0,0,benign,benign,0,4.93
dosfstools__fsck.fat,ok,43198,39811,6.206322,6.233117,0.561494,0.030169,423.696535,0,0,0,0,benign,benign,0,9.38
dosfstools__mkfs.fat,ok,27601,25310,6.073726,6.102430,0.544371,0.039960,417.753605,0,0,0,0,benign,benign,0,3.02
dotenv__dotenv,too_large:650897,0,0,NA,NA,NA,NA,NA,-1,-1,-1,-1,NA,NA,-1,0.00
douceur__douceur,too_large:1517027,0,0,NA,NA,NA,NA,NA,-1,-1,-1,-1,NA,NA,-1,0.00
doxygen__doxygen,too_large:7737630,0,0,NA,NA,NA,NA,NA,-1,-1,-1,-1,NA,NA,-1,0.00
doxygen__doxyindexer,ok,107549,98356,6.106434,6.123431,0.645722,0.067703,460.185615,0,0,0,0,benign,benign,0,29.48
doxygen__doxysearch.cgi,ok,25253,22196,6.010438,5.978055,0.625651,0.066063,393.155246,0,0,0,0,benign,benign,0,2.03
dpkg__dpkg,ok,169909,157047,6.126209,6.126279,0.611202,0.070489,413.897515,0,0,0,0,benign,benign,0,109.13
dpkg__dpkg-deb,ok,85268,78336,6.106171,6.080356,0.536613,0.063118,376.635749,0,0,0,0,benign,benign,0,29.81
dpkg__dpkg-divert,ok,81204,74494,6.089341,6.052854,0.535455,0.073082,345.543893,0,0,0,0,benign,benign,0,27.73
dpkg__dpkg-query,ok,86500,79411,6.096507,6.088109,0.534155,0.064866,356.024102,0,0,0,0,benign,benign,0,29.60
dpkg__dpkg-split,ok,65924,60358,6.092674,6.082656,0.546677,0.079790,382.407778,0,0,0,0,benign,benign,0,15.17
dpkg__dpkg-statoverride,ok,26009,23864,6.012787,6.000340,0.488309,0.060223,324.839625,0,0,0,0,benign,benign,0,3.32
dpkg__dpkg-trigger,ok,41449,38043,6.033793,5.973696,0.540117,0.070607,343.208886,0,0,0,0,benign,benign,0,7.45
dpkg__start-stop-daemon,ok,13806,12685,5.978958,5.874499,0.712237,0.062891,470.426860,0,0,0,0,benign,benign,0,3.40
dpkg__update-alternatives,ok,28907,26200,6.024036,5.869747,0.583938,0.039107,420.174727,0,0,0,0,benign,benign,0,9.66
droid-juicer__droid-juicer,too_large:961697,0,0,NA,NA,NA,NA,NA,-1,-1,-1,-1,NA,NA,-1,0.00
e2fsprogs__badblocks,ok,12656,11391,6.040483,6.106792,0.557964,0.064523,377.229825,0,0,0,0,benign,benign,0,1.92
e2fsprogs__chattr,ok,2641,2356,5.838142,5.741170,0.455548,0.094367,289.480739,0,0,0,0,benign,benign,0,0.09
e2fsprogs__debugfs,ok,117781,107270,6.226809,6.176911,0.542917,0.055736,388.842475,0,0,0,0,benign,benign,0,27.76
e2fsprogs__dumpe2fs,ok,9539,8578,5.911218,5.888093,0.582335,0.003467,428.334041,0,0,0,0,benign,benign,0,0.51
e2fsprogs__e2freefrag,ok,3165,2921,6.053365,5.963483,0.795813,0.051324,482.739473,0,0,0,0,benign,benign,0,0.29
e2fsprogs__e2fsck,ok,195667,180641,6.195132,6.224748,0.636153,0.057461,448.143425,0,0,0,0,benign,benign,0,90.67
e2fsprogs__e2image,ok,25279,23130,6.151622,6.069275,0.513739,0.047387,360.921075,0,0,0,0,benign,benign,0,1.97
e2fsprogs__e2undo,ok,5349,4832,5.763152,5.743560,0.668584,0.081480,372.313082,0,0,0,0,benign,benign,0,0.38
e2fsprogs__e4crypt,ok,6832,6148,6.011623,6.057461,0.577914,0.068294,426.002016,0,0,0,0,benign,benign,0,0.74
e2fsprogs__e4defrag,ok,13141,11927,6.057146,5.958204,0.542290,0.039389,381.708767,0,0,0,0,benign,benign,0,0.87
e2fsprogs__filefrag,ok,6045,5578,6.085909,6.060497,0.637276,0.098353,459.749623,0,0,0,0,benign,benign,0,0.29
e2fsprogs__lsattr,ok,1791,1603,5.780465,5.644154,0.397247,0.046546,272.628445,0,0,0,0,benign,benign,0,0.06
e2fsprogs__mke2fs,ok,74483,67484,6.164757,6.140845,0.785413,0.060888,456.930066,0,0,0,0,benign,benign,0,24.17
e2fsprogs__mklost+found,ok,889,775,5.595679,5.595679,0.705251,0.230733,385.513737,0,1,1,0,packed,benign,1,0.03
e2fsprogs__resize2fs,ok,32773,29727,6.170867,6.147424,0.555314,0.025190,419.522010,0,0,0,0,benign,benign,0,4.00
e2fsprogs__tune2fs,ok,62147,56472,6.176243,6.091362,0.564485,0.053951,417.850684,0,0,0,0,benign,benign,0,18.03
ebnflint__ebnflint,too_large:603372,0,0,NA,NA,NA,NA,NA,-1,-1,-1,-1,NA,NA,-1,0.00
ed__ed,ok,29615,26753,6.191866,6.145582,0.568388,0.058385,433.378736,0,0,0,0,benign,benign,0,7.00
elfx86exts__elfx86exts,too_large:1648033,0,0,NA,NA,NA,NA,NA,-1,-1,-1,-1,NA,NA,-1,0.00
enmime__mime-dump,too_large:1412019,0,0,NA,NA,NA,NA,NA,-1,-1,-1,-1,NA,NA,-1,0.00
enmime__mime-extractor,too_large:1445507,0,0,NA,NA,NA,NA,NA,-1,-1,-1,-1,NA,NA,-1,0.00
esbuild__esbuild,too_large:4845571,0,0,NA,NA,NA,NA,NA,-1,-1,-1,-1,NA,NA,-1,0.00
etcd-client__etcdctl,too_large:8042499,0,0,NA,NA,NA,NA,NA,-1,-1,-1,-1,NA,NA,-1,0.00
etcd-discovery__discovery.etcd.io,too_large:4373507,0,0,NA,NA,NA,NA,NA,-1,-1,-1,-1,NA,NA,-1,0.00
etcd-server__etcd,too_large:10482755,0,0,NA,NA,NA,NA,NA,-1,-1,-1,-1,NA,NA,-1,0.00
exa__exa,too_large:647002,0,0,NA,NA,NA,NA,NA,-1,-1,-1,-1,NA,NA,-1,0.00
exip__exip,too_large:2258755,0,0,NA,NA,NA,NA,NA,-1,-1,-1,-1,NA,NA,-1,0.00
fakemachine__fakemachine,too_large:1672987,0,0,NA,NA,NA,NA,NA,-1,-1,-1,-1,NA,NA,-1,0.00
fakeroot__faked-sysv,ok,12636,11542,6.128784,6.011036,0.477073,0.091322,306.154688,0,0,0,0,benign,benign,0,2.35
fakeroot__faked-tcp,ok,13978,12813,6.135596,6.012255,0.511820,0.057201,319.633831,0,0,0,0,benign,benign,0,0.83
fd-find__fd,too_large:1970261,0,0,NA,NA,NA,NA,NA,-1,-1,-1,-1,NA,NA,-1,0.00
fernet-go__fernet-keygen,too_large:589518,0,0,NA,NA,NA,NA,NA,-1,-1,-1,-1,NA,NA,-1,0.00
fernet-go__fernet-sign,too_large:614362,0,0,NA,NA,NA,NA,NA,-1,-1,-1,-1,NA,NA,-1,0.00
ffjson__ffjson,too_large:1808074,0,0,NA,NA,NA,NA,NA,-1,-1,-1,-1,NA,NA,-1,0.00
ffmpeg__ffmpeg,ok,168095,155712,6.199865,6.242914,0.617669,0.048470,452.812764,0,0,0,0,benign,benign,0,136.14
ffmpeg__ffplay,ok,69159,62597,6.190817,6.217467,0.567729,0.057696,400.184069,0,0,0,0,benign,benign,0,27.75
ffmpeg__ffprobe,ok,95569,87390,6.203617,6.123181,0.605026,0.035060,452.124437,0,0,0,0,benign,benign,0,58.57
ffmpeg__qt-faststart,ok,5080,4544,6.098019,6.013391,0.633510,0.119956,428.058288,0,1,1,0,packed,benign,1,0.20
figlet__chkfont,ok,5777,5275,5.792947,5.732215,0.382067,-0.018021,255.433621,0,0,0,0,benign,benign,0,0.26
figlet__figlet-figlet,ok,26721,24529,6.214825,6.188806,0.558036,0.098089,399.609145,0,0,0,0,benign,benign,0,5.57
file__file,ok,6784,6228,5.932337,5.911340,0.561014,0.069577,351.384362,0,0,0,0,benign,benign,0,0.61
filespooler__fspl,too_large:1106865,0,0,NA,NA,NA,NA,NA,-1,-1,-1,-1,NA,NA,-1,0.00
findutils__find,ok,131070,119603,6.241820,6.142961,0.584496,0.085298,376.997754,0,0,0,0,benign,benign,0,56.45
findutils__xargs,ok,36974,33688,6.099135,6.085550,0.534115,0.077943,370.115980,0,0,0,0,benign,benign,0,10.83
flac__flac,ok,135113,124836,6.437660,6.338003,0.620473,0.058805,466.428452,0,0,0,0,benign,benign,0,49.00
flac__metaflac,ok,78780,72824,6.277369,6.372571,0.519664,0.033562,409.662553,0,0,0,0,benign,benign,0,24.29
flex__flex,ok,137240,126285,6.288556,6.277231,0.593645,0.073406,405.753761,0,0,0,0,benign,benign,0,52.13
fortune-mod__fortune,ok,12456,11144,6.087925,6.082097,0.509243,0.055756,361.761928,0,0,0,0,benign,benign,0,0.76
fortune-mod__strfile,ok,3481,3162,5.932864,5.938466,0.552223,0.049555,359.376575,0,0,0,0,benign,benign,0,0.15
fortune-mod__unstr,ok,1635,1486,5.521975,5.559593,0.437160,0.119475,280.465002,0,1,1,0,packed,benign,1,0.07
fuse-overlayfs__fuse-overlayfs,ok,59108,53584,6.096325,6.040247,0.553592,0.040500,415.418175,0,0,0,0,benign,benign,0,22.40
fzf__fzf,too_large:1448355,0,0,NA,NA,NA,NA,NA,-1,-1,-1,-1,NA,NA,-1,0.00
g++-12__x86_64-linux-gnu-g++-12,too_large:625566,0,0,NA,NA,NA,NA,NA,-1,-1,-1,-1,NA,NA,-1,0.00
gawk__gawk,too_large:534789,0,0,NA,NA,NA,NA,NA,-1,-1,-1,-1,NA,NA,-1,0.00
gcc-12__x86_64-linux-gnu-gcc-12,too_large:622782,0,0,NA,NA,NA,NA,NA,-1,-1,-1,-1,NA,NA,-1,0.00
gcc-12__x86_64-linux-gnu-gcc-ar-12,ok,13118,11657,6.136641,6.055850,0.465135,0.065865,329.539603,0,0,0,0,benign,benign,0,0.96
gcc-12__x86_64-linux-gnu-gcc-nm-12,ok,13070,11614,6.135522,6.057830,0.474473,0.074623,335.200457,0,0,0,0,benign,benign,0,0.91
gcc-12__x86_64-linux-gnu-gcc-ranlib-12,ok,13070,11614,6.134720,6.057830,0.474425,0.074613,335.200323,0,0,0,0,benign,benign,0,0.94
gcc-12__x86_64-linux-gnu-gcov-12,too_large:524780,0,0,NA,NA,NA,NA,NA,-1,-1,-1,-1,NA,NA,-1,0.00
gcc-12__x86_64-linux-gnu-gcov-dump-12,too_large:409052,0,0,NA,NA,NA,NA,NA,-1,-1,-1,-1,NA,NA,-1,0.00
gcc-12__x86_64-linux-gnu-gcov-tool-12,too_large:425516,0,0,NA,NA,NA,NA,NA,-1,-1,-1,-1,NA,NA,-1,0.00
gcc-12__x86_64-linux-gnu-lto-dump-12,too_large:19910684,0,0,NA,NA,NA,NA,NA,-1,-1,-1,-1,NA,NA,-1,0.01
gdb__gdb,too_large:6158510,0,0,NA,NA,NA,NA,NA,-1,-1,-1,-1,NA,NA,-1,0.00
genisoimage__devdump,ok,78161,71176,6.261110,6.246245,0.499138,0.067474,316.441404,0,0,0,0,benign,benign,0,18.76
genisoimage__genisoimage,too_large:266349,0,0,NA,NA,NA,NA,NA,-1,-1,-1,-1,NA,NA,-1,0.00
genisoimage__isodump,ok,80033,72918,6.265370,6.233467,0.497616,0.071473,312.011439,0,0,0,0,benign,benign,0,19.21
genisoimage__isoinfo,ok,86129,78517,6.274198,6.253778,0.525579,0.073865,332.302024,0,0,0,0,benign,benign,0,21.43
genisoimage__isovfy,ok,80625,73365,6.272612,6.278100,0.513633,0.073724,326.191462,0,0,0,0,benign,benign,0,19.60
genisoimage__mkzftree,ok,7489,6806,5.983179,6.061788,0.552513,0.080772,357.169422,0,0,0,0,benign,benign,0,0.34
genny__genny,too_large:3220035,0,0,NA,NA,NA,NA,NA,-1,-1,-1,-1,NA,NA,-1,0.00
genxdr__genxdr,too_large:1433108,0,0,NA,NA,NA,NA,NA,-1,-1,-1,-1,NA,NA,-1,0.00
gettext__msgattrib,ok,4334,3709,5.565811,5.761757,0.478402,0.066003,313.149630,0,0,0,0,benign,benign,0,0.18
gettext__msgcat,ok,3198,2696,5.410335,5.679438,0.439892,0.113745,276.769704,0,1,1,0,packed,benign,1,0.13
gettext__msgcmp,ok,6286,5673,6.092181,6.087808,0.572804,0.028411,438.575593,0,0,0,0,benign,benign,0,0.33
gettext__msgcomm,ok,3150,2641,5.382467,5.612802,0.474040,0.054502,305.380600,0,0,0,0,benign,benign,0,0.16
gettext__msgconv,ok,2734,2297,5.299084,5.529698,0.407852,0.060826,227.121290,0,0,0,0,benign,benign,0,0.10
gettext__msgen,ok,2670,2264,5.294052,5.484531,0.423534,0.016675,271.064730,0,0,0,0,benign,benign,0,0.10
gettext__msgexec,ok,3054,2653,5.681015,5.754131,0.455760,0.025497,313.064346,0,0,0,0,benign,benign,0,0.11
gettext__msgfilter,ok,7342,6450,5.924765,6.027044,0.620562,0.059191,376.423885,0,0,0,0,benign,benign,0,0.39
gettext__msgfmt,ok,41246,36828,6.030749,6.069991,0.588619,0.035138,373.464456,0,0,0,0,benign,benign,0,15.33
gettext__msggrep,ok,79918,73544,6.217351,6.272830,0.627880,0.039728,441.426318,0,0,0,0,benign,benign,0,18.52
gettext__msginit,ok,12318,10917,6.011143,6.031639,0.503479,0.059665,370.371325,0,0,0,0,benign,benign,0,2.44
gettext__msgmerge,ok,18478,16509,6.059555,6.044477,0.655604,0.052818,466.326830,0,0,0,0,benign,benign,0,4.18
gettext__msgunfmt,ok,11022,9761,5.912952,5.935400,0.491352,0.031734,325.031685,0,0,0,0,benign,benign,0,0.80
gettext__msguniq,ok,2926,2455,5.318746,5.551977,0.444256,0.066479,278.338986,0,0,0,0,benign,benign,0,0.16
gettext__recode-sr-latin,ok,2750,2438,5.992331,6.031300,0.485977,0.031644,372.010181,0,0,0,0,benign,benign,0,0.11
gettext__xgettext,ok,186494,168107,6.346093,6.283224,0.635047,0.072165,425.396378,0,0,0,0,benign,benign,0,61.42
gforth__gforth-0.7.3,ok,66215,61394,5.559496,6.186134,0.472643,0.251084,168.845813,0,1,1,0,packed,benign,1,10.90
gforth__gforth-fast-0.7.3,ok,63447,58724,5.432219,6.218064,0.467544,0.251377,165.960275,0,1,1,0,packed,benign,1,9.99
gforth__gforth-itc-0.7.3,ok,32471,29508,6.169471,6.061417,0.468356,0.236827,205.772291,0,1,1,0,packed,benign,1,5.39
gimp__gimp-2.10,too_large:4649900,0,0,NA,NA,NA,NA,NA,-1,-1,-1,-1,NA,NA,-1,0.01
gimp__gimp-console-2.10,too_large:2269548,0,0,NA,NA,NA,NA,NA,-1,-1,-1,-1,NA,NA,-1,0.00
gimp__gimp-test-clipboard-2.0,ok,1996,1767,5.772742,5.580102,0.479620,0.103271,331.365996,0,0,0,0,benign,benign,0,0.07
ginkgo__ginkgo,too_large:4353267,0,0,NA,NA,NA,NA,NA,-1,-1,-1,-1,NA,NA,-1,0.00
git-lfs__git-lfs,too_large:5330067,0,0,NA,NA,NA,NA,NA,-1,-1,-1,-1,NA,NA,-1,0.00
git__git,too_large:2672750,0,0,NA,NA,NA,NA,NA,-1,-1,-1,-1,NA,NA,-1,0.00
git__git-shell,too_large:1600094,0,0,NA,NA,NA,NA,NA,-1,-1,-1,-1,NA,NA,-1,0.00
git__scalar,too_large:1619006,0,0,NA,NA,NA,NA,NA,-1,-1,-1,-1,NA,NA,-1,0.00
gnuplot-qt__gnuplot-qt,too_large:1238334,0,0,NA,NA,NA,NA,NA,-1,-1,-1,-1,NA,NA,-1,0.00
go-bindata__go-bindata,too_large:825247,0,0,NA,NA,NA,NA,NA,-1,-1,-1,-1,NA,NA,-1,0.00
go-bluetooth__srcgen,too_large:2700229,0,0,NA,NA,NA,NA,NA,-1,-1,-1,-1,NA,NA,-1,0.00
go-bluetooth__tests,too_large:1637555,0,0,NA,NA,NA,NA,NA,-1,-1,-1,-1,NA,NA,-1,0.00
go-dqlite__dqlite,too_large:3380379,0,0,NA,NA,NA,NA,NA,-1,-1,-1,-1,NA,NA,-1,0.00
go-dqlite__dqlite-benchmark,too_large:3387734,0,0,NA,NA,NA,NA,NA,-1,-1,-1,-1,NA,NA,-1,0.00
go-dqlite__dqlite-demo,too_large:3879051,0,0,NA,NA,NA,NA,NA,-1,-1,-1,-1,NA,NA,-1,0.00
go-git__go-git,too_large:1786227,0,0,NA,NA,NA,NA,NA,-1,-1,-1,-1,NA,NA,-1,0.00
go-internal__testscript,too_large:2631187,0,0,NA,NA,NA,NA,NA,-1,-1,-1,-1,NA,NA,-1,0.00
go-internal__txtar-addmod,too_large:730090,0,0,NA,NA,NA,NA,NA,-1,-1,-1,-1,NA,NA,-1,0.00
go-internal__txtar-c,too_large:659045,0,0,NA,NA,NA,NA,NA,-1,-1,-1,-1,NA,NA,-1,0.00
go-internal__txtar-goproxy,too_large:2480419,0,0,NA,NA,NA,NA,NA,-1,-1,-1,-1,NA,NA,-1,0.00
go-internal__txtar-x,too_large:641846,0,0,NA,NA,NA,NA,NA,-1,-1,-1,-1,NA,NA,-1,0.00
go-msgauth__dkim-keygen,too_large:1037475,0,0,NA,NA,NA,NA,NA,-1,-1,-1,-1,NA,NA,-1,0.00
go-msgauth__dkim-milter,too_large:1666595,0,0,NA,NA,NA,NA,NA,-1,-1,-1,-1,NA,NA,-1,0.00
go-msgauth__dkim-verify,too_large:1374947,0,0,NA,NA,NA,NA,NA,-1,-1,-1,-1,NA,NA,-1,0.00
go-msgauth__dmarc-lookup,too_large:871907,0,0,NA,NA,NA,NA,NA,-1,-1,-1,-1,NA,NA,-1,0.00
go-org__go-org,too_large:4259503,0,0,NA,NA,NA,NA,NA,-1,-1,-1,-1,NA,NA,-1,0.00
go-staticcheck__go-staticcheck,too_large:4669219,0,0,NA,NA,NA,NA,NA,-1,-1,-1,-1,NA,NA,-1,0.00
go-staticcheck__unused,too_large:2329930,0,0,NA,NA,NA,NA,NA,-1,-1,-1,-1,NA,NA,-1,0.00
gocryptfs__gocryptfs,too_large:2032229,0,0,NA,NA,NA,NA,NA,-1,-1,-1,-1,NA,NA,-1,0.00
gocryptfs__gocryptfs-xray,too_large:1336947,0,0,NA,NA,NA,NA,NA,-1,-1,-1,-1,NA,NA,-1,0.00
gocryptfs__statfs,too_large:646154,0,0,NA,NA,NA,NA,NA,-1,-1,-1,-1,NA,NA,-1,0.00
gogoprotobuf__protoc-gen-combo,too_large:694730,0,0,NA,NA,NA,NA,NA,-1,-1,-1,-1,NA,NA,-1,0.00
gogoprotobuf__protoc-gen-gofast,too_large:2862213,0,0,NA,NA,NA,NA,NA,-1,-1,-1,-1,NA,NA,-1,0.00
gogoprotobuf__protoc-gen-gogo,too_large:2860886,0,0,NA,NA,NA,NA,NA,-1,-1,-1,-1,NA,NA,-1,0.00
gogoprotobuf__protoc-gen-gogofast,too_large:2862762,0,0,NA,NA,NA,NA,NA,-1,-1,-1,-1,NA,NA,-1,0.00
gogoprotobuf__protoc-gen-gogofaster,too_large:2864383,0,0,NA,NA,NA,NA,NA,-1,-1,-1,-1,NA,NA,-1,0.00
gogoprotobuf__protoc-gen-gogoslick,too_large:2865450,0,0,NA,NA,NA,NA,NA,-1,-1,-1,-1,NA,NA,-1,0.00
gogoprotobuf__protoc-gen-gogotypes,too_large:2864338,0,0,NA,NA,NA,NA,NA,-1,-1,-1,-1,NA,NA,-1,0.00
gogoprotobuf__protoc-gen-gostring,too_large:2843623,0,0,NA,NA,NA,NA,NA,-1,-1,-1,-1,NA,NA,-1,0.00
gogoprotobuf__protoc-min-version,too_large:655614,0,0,NA,NA,NA,NA,NA,-1,-1,-1,-1,NA,NA,-1,0.00
gogottrpc__protoc-gen-go-ttrpc,too_large:2834713,0,0,NA,NA,NA,NA,NA,-1,-1,-1,-1,NA,NA,-1,0.00
gogottrpc__protoc-gen-gogottrpc,too_large:2889509,0,0,NA,NA,NA,NA,NA,-1,-1,-1,-1,NA,NA,-1,0.00
gojay__gojay,too_large:4463605,0,0,NA,NA,NA,NA,NA,-1,-1,-1,-1,NA,NA,-1,0.00
golang-1.19-go__go,too_large:5516906,0,0,NA,NA,NA,NA,NA,-1,-1,-1,-1,NA,NA,-1,0.00
golang-1.19-go__gofmt,too_large:1115965,0,0,NA,NA,NA,NA,NA,-1,-1,-1,-1,NA,NA,-1,0.00
golang-cfssl__cfssl,too_large:4421315,0,0,NA,NA,NA,NA,NA,-1,-1,-1,-1,NA,NA,-1,0.00
golang-cfssl__cfssl-bundle,too_large:2602355,0,0,NA,NA,NA,NA,NA,-1,-1,-1,-1,NA,NA,-1,0.00
golang-cfssl__cfssl-certinfo,too_large:2157811,0,0,NA,NA,NA,NA,NA,-1,-1,-1,-1,NA,NA,-1,0.00
golang-cfssl__cfssl-mkbundle,too_large:2331683,0,0,NA,NA,NA,NA,NA,-1,-1,-1,-1,NA,NA,-1,0.00
golang-cfssl__cfssl-newkey,too_large:2663843,0,0,NA,NA,NA,NA,NA,-1,-1,-1,-1,NA,NA,-1,0.00
golang-cfssl__cfssl-scan,too_large:2769683,0,0,NA,NA,NA,NA,NA,-1,-1,-1,-1,NA,NA,-1,0.00
golang-cfssl__cfssljson,too_large:792133,0,0,NA,NA,NA,NA,NA,-1,-1,-1,-1,NA,NA,-1,0.00
golang-cfssl__multirootca,too_large:3194661,0,0,NA,NA,NA,NA,NA,-1,-1,-1,-1,NA,NA,-1,0.00
golang-chroma-v2__chroma-v2,too_large:2296598,0,0,NA,NA,NA,NA,NA,-1,-1,-1,-1,NA,NA,-1,0.00
golang-chroma-v2__chromad-v2,too_large:4489253,0,0,NA,NA,NA,NA,NA,-1,-1,-1,-1,NA,NA,-1,0.00
golang-chroma__chroma,too_large:3999958,0,0,NA,NA,NA,NA,NA,-1,-1,-1,-1,NA,NA,-1,0.00
golang-chroma__chromad,too_large:6147109,0,0,NA,NA,NA,NA,NA,-1,-1,-1,-1,NA,NA,-1,0.00
golang-docker-credential-helpers__docker-credential-pass,too_large:860408,0,0,NA,NA,NA,NA,NA,-1,-1,-1,-1,NA,NA,-1,0.00
golang-docker-credential-helpers__docker-credential-secretservice,too_large:737251,0,0,NA,NA,NA,NA,NA,-1,-1,-1,-1,NA,NA,-1,0.00
golang-easyjson__easyjson,too_large:1762163,0,0,NA,NA,NA,NA,NA,-1,-1,-1,-1,NA,NA,-1,0.00
golang-github-anacrolix-missinggo-bin-static__filecache,too_large:2925011,0,0,NA,NA,NA,NA,NA,-1,-1,-1,-1,NA,NA,-1,0.00
golang-github-anacrolix-missinggo-bin-static__gd,too_large:550832,0,0,NA,NA,NA,NA,NA,-1,-1,-1,-1,NA,NA,-1,0.00
golang-github-anacrolix-missinggo-bin-static__go-env,too_large:532298,0,0,NA,NA,NA,NA,NA,-1,-1,-1,-1,NA,NA,-1,0.00
golang-github-anacrolix-missinggo-bin-static__http-file-server,too_large:2445219,0,0,NA,NA,NA,NA,NA,-1,-1,-1,-1,NA,NA,-1,0.00
golang-github-anacrolix-missinggo-bin-static__nop,too_large:355440,0,0,NA,NA,NA,NA,NA,-1,-1,-1,-1,NA,NA,-1,0.00
golang-github-anacrolix-missinggo-bin-static__query-escape,too_large:525721,0,0,NA,NA,NA,NA,NA,-1,-1,-1,-1,NA,NA,-1,0.00
golang-github-anacrolix-missinggo-bin-static__query-unescape,too_large:527996,0,0,NA,NA,NA,NA,NA,-1,-1,-1,-1,NA,NA,-1,0.00
golang-github-dcso-bloom-cli__bloom,too_large:1483914,0,0,NA,NA,NA,NA,NA,-1,-1,-1,-1,NA,NA,-1,0.00
golang-github-dnstap-golang-dnstap-cli__dnstap,too_large:3106195,0,0,NA,NA,NA,NA,NA,-1,-1,-1,-1,NA,NA,-1,0.00
golang-github-etcd-io-gofail__gofail,too_large:741354,0,0,NA,NA,NA,NA,NA,-1,-1,-1,-1,NA,NA,-1,0.00
golang-github-pelletier-go-toml__jsontoml,too_large:826637,0,0,NA,NA,NA,NA,NA,-1,-1,-1,-1,NA,NA,-1,0.00
golang-github-pelletier-go-toml__tomljson,too_large:828670,0,0,NA,NA,NA,NA,NA,-1,-1,-1,-1,NA,NA,-1,0.00
golang-github-pelletier-go-toml__tomll,too_large:812243,0,0,NA,NA,NA,NA,NA,-1,-1,-1,-1,NA,NA,-1,0.00
golang-github-rsc-devweb__devweb,too_large:2359955,0,0,NA,NA,NA,NA,NA,-1,-1,-1,-1,NA,NA,-1,0.00
golang-github-sebest-xff__negroni,too_large:2324435,0,0,NA,NA,NA,NA,NA,-1,-1,-1,-1,NA,NA,-1,0.00
golang-github-sebest-xff__nethttp,too_large:2170275,0,0,NA,NA,NA,NA,NA,-1,-1,-1,-1,NA,NA,-1,0.00
golang-github-ugorji-go-codec__codecgen,too_large:2434825,0,0,NA,NA,NA,NA,NA,-1,-1,-1,-1,NA,NA,-1,0.00
golang-github-xordataexchange-crypt__crypt-xordataexchange,too_large:2925507,0,0,NA,NA,NA,NA,NA,-1,-1,-1,-1,NA,NA,-1,0.00
golang-golang-x-tools__benchcmp,too_large:618822,0,0,NA,NA,NA,NA,NA,-1,-1,-1,-1,NA,NA,-1,0.00
golang-golang-x-tools__callgraph,too_large:2966317,0,0,NA,NA,NA,NA,NA,-1,-1,-1,-1,NA,NA,-1,0.00
golang-golang-x-tools__compilebench,too_large:1002170,0,0,NA,NA,NA,NA,NA,-1,-1,-1,-1,NA,NA,-1,0.00
golang-golang-x-tools__digraph,too_large:605716,0,0,NA,NA,NA,NA,NA,-1,-1,-1,-1,NA,NA,-1,0.00
golang-golang-x-tools__file2fuzz,too_large:654648,0,0,NA,NA,NA,NA,NA,-1,-1,-1,-1,NA,NA,-1,0.00
golang-golang-x-tools__fiximports,too_large:1268442,0,0,NA,NA,NA,NA,NA,-1,-1,-1,-1,NA,NA,-1,0.00
golang-golang-x-tools__getgo,too_large:2508276,0,0,NA,NA,NA,NA,NA,-1,-1,-1,-1,NA,NA,-1,0.00
golang-golang-x-tools__go-contrib-init,too_large:840849,0,0,NA,NA,NA,NA,NA,-1,-1,-1,-1,NA,NA,-1,0.00
golang-golang-x-tools__godex,too_large:1950452,0,0,NA,NA,NA,NA,NA,-1,-1,-1,-1,NA,NA,-1,0.00
golang-golang-x-tools__godoc,too_large:6053339,0,0,NA,NA,NA,NA,NA,-1,-1,-1,-1,NA,NA,-1,0.00
golang-golang-x-tools__goimports,too_large:1833162,0,0,NA,NA,NA,NA,NA,-1,-1,-1,-1,NA,NA,-1,0.00
golang-golang-x-tools__golang-authtest,too_large:2286890,0,0,NA,NA,NA,NA,NA,-1,-1,-1,-1,NA,NA,-1,0.00
golang-golang-x-tools__golang-bundle,too_large:2171518,0,0,NA,NA,NA,NA,NA,-1,-1,-1,-1,NA,NA,-1,0.00
golang-golang-x-tools__golang-cookieauth,too_large:1269898,0,0,NA,NA,NA,NA,NA,-1,-1,-1,-1,NA,NA,-1,0.00
golang-golang-x-tools__golang-eg,too_large:2190348,0,0,NA,NA,NA,NA,NA,-1,-1,-1,-1,NA,NA,-1,0.00
golang-golang-x-tools__golang-fieldalignment,too_large:2789302,0,0,NA,NA,NA,NA,NA,-1,-1,-1,-1,NA,NA,-1,0.00
golang-golang-x-tools__golang-findcall,too_large:2779990,0,0,NA,NA,NA,NA,NA,-1,-1,-1,-1,NA,NA,-1,0.00
golang-golang-x-tools__golang-gitauth,too_large:2271354,0,0,NA,NA,NA,NA,NA,-1,-1,-1,-1,NA,NA,-1,0.00
golang-golang-x-tools__golang-guru,too_large:2738711,0,0,NA,NA,NA,NA,NA,-1,-1,-1,-1,NA,NA,-1,0.00
golang-golang-x-tools__golang-ifaceassert,too_large:2793750,0,0,NA,NA,NA,NA,NA,-1,-1,-1,-1,NA,NA,-1,0.00
golang-golang-x-tools__golang-lostcancel,too_large:2818614,0,0,NA,NA,NA,NA,NA,-1,-1,-1,-1,NA,NA,-1,0.00
golang-golang-x-tools__golang-netrcauth,too_large:1240411,0,0,NA,NA,NA,NA,NA,-1,-1,-1,-1,NA,NA,-1,0.00
golang-golang-x-tools__golang-nilness,too_large:3071222,0,0,NA,NA,NA,NA,NA,-1,-1,-1,-1,NA,NA,-1,0.00
golang-golang-x-tools__golang-shadow,too_large:2787670,0,0,NA,NA,NA,NA,NA,-1,-1,-1,-1,NA,NA,-1,0.00
golang-golang-x-tools__golang-stress,too_large:813561,0,0,NA,NA,NA,NA,NA,-1,-1,-1,-1,NA,NA,-1,0.00
golang-golang-x-tools__golang-stringintconv,too_large:2793206,0,0,NA,NA,NA,NA,NA,-1,-1,-1,-1,NA,NA,-1,0.00
golang-golang-x-tools__golang-unmarshal,too_large:2785558,0,0,NA,NA,NA,NA,NA,-1,-1,-1,-1,NA,NA,-1,0.00
golang-golang-x-tools__gomvpkg,too_large:2429680,0,0,NA,NA,NA,NA,NA,-1,-1,-1,-1,NA,NA,-1,0.00
golang-golang-x-tools__gopackages,too_large:2158469,0,0,NA,NA,NA,NA,NA,-1,-1,-1,-1,NA,NA,-1,0.00
golang-golang-x-tools__gorename,too_large:1982832,0,0,NA,NA,NA,NA,NA,-1,-1,-1,-1,NA,NA,-1,0.00
golang-golang-x-tools__gotype,too_large:1941279,0,0,NA,NA,NA,NA,NA,-1,-1,-1,-1,NA,NA,-1,0.00
golang-golang-x-tools__goyacc,too_large:1020337,0,0,NA,NA,NA,NA,NA,-1,-1,-1,-1,NA,NA,-1,0.00
golang-golang-x-tools__html2article,too_large:836311,0,0,NA,NA,NA,NA,NA,-1,-1,-1,-1,NA,NA,-1,0.00
golang-golang-x-tools__present,too_large:4715643,0,0,NA,NA,NA,NA,NA,-1,-1,-1,-1,NA,NA,-1,0.00
golang-golang-x-tools__present2md,too_large:2390506,0,0,NA,NA,NA,NA,NA,-1,-1,-1,-1,NA,NA,-1,0.00
golang-golang-x-tools__splitdwarf,too_large:741915,0,0,NA,NA,NA,NA,NA,-1,-1,-1,-1,NA,NA,-1,0.00
golang-golang-x-tools__ssadump,too_large:2529195,0,0,NA,NA,NA,NA,NA,-1,-1,-1,-1,NA,NA,-1,0.00
golang-golang-x-tools__stringer,too_large:2173556,0,0,NA,NA,NA,NA,NA,-1,-1,-1,-1,NA,NA,-1,0.00
golang-golang-x-tools__toolstash,too_large:857886,0,0,NA,NA,NA,NA,NA,-1,-1,-1,-1,NA,NA,-1,0.00
golang-grpc-gateway__protoc-gen-grpc-gateway,too_large:2232563,0,0,NA,NA,NA,NA,NA,-1,-1,-1,-1,NA,NA,-1,0.00
golang-grpc-gateway__protoc-gen-swagger,too_large:1808179,0,0,NA,NA,NA,NA,NA,-1,-1,-1,-1,NA,NA,-1,0.00
golang-petname__golang-petname,too_large:574378,0,0,NA,NA,NA,NA,NA,-1,-1,-1,-1,NA,NA,-1,0.00
golang-redoctober__redoctober,too_large:4471059,0,0,NA,NA,NA,NA,NA,-1,-1,-1,-1,NA,NA,-1,0.00
golang-redoctober__ro,too_large:2448515,0,0,NA,NA,NA,NA,NA,-1,-1,-1,-1,NA,NA,-1,0.00
golang-rice__rice,too_large:1947813,0,0,NA,NA,NA,NA,NA,-1,-1,-1,-1,NA,NA,-1,0.00
golang-statik__statik,too_large:740634,0,0,NA,NA,NA,NA,NA,-1,-1,-1,-1,NA,NA,-1,0.00
google-wire__google-wire,too_large:2404657,0,0,NA,NA,NA,NA,NA,-1,-1,-1,-1,NA,NA,-1,0.00
gopls__gopls,too_large:9341066,0,0,NA,NA,NA,NA,NA,-1,-1,-1,-1,NA,NA,-1,0.00
govulncheck__govulncheck,too_large:4758622,0,0,NA,NA,NA,NA,NA,-1,-1,-1,-1,NA,NA,-1,0.00
gperf__gperf,ok,47266,43328,6.238826,6.168753,0.683380,0.066009,392.234670,0,0,0,0,benign,benign,0,6.76
gpgv__gpgv,too_large:329950,0,0,NA,NA,NA,NA,NA,-1,-1,-1,-1,NA,NA,-1,0.00
gqlclient__gqlclient,too_large:2385955,0,0,NA,NA,NA,NA,NA,-1,-1,-1,-1,NA,NA,-1,0.00
gqlclient__gqlclientgen,too_large:1401226,0,0,NA,NA,NA,NA,NA,-1,-1,-1,-1,NA,NA,-1,0.00
gqlclient__gqlintrospect,too_large:2383299,0,0,NA,NA,NA,NA,NA,-1,-1,-1,-1,NA,NA,-1,0.00
grab__grab,too_large:2271875,0,0,NA,NA,NA,NA,NA,-1,-1,-1,-1,NA,NA,-1,0.00
graphviz__acyclic,ok,1661,1494,5.874238,5.852359,0.380630,0.134011,209.502593,0,1,1,0,packed,benign,1,0.05
graphviz__bcomps,ok,3771,3413,6.050544,6.002286,0.399474,0.038843,269.971630,0,0,0,0,benign,benign,0,0.14
graphviz__ccomps,ok,8747,7852,6.014858,5.895579,0.476154,0.042304,340.561667,0,0,0,0,benign,benign,0,0.53
graphviz__cluster,ok,216034,201485,6.292041,6.313371,0.557191,0.044620,424.315773,0,0,0,0,benign,benign,0,68.52
graphviz__diffimg,ok,1429,1274,5.938765,5.911573,0.400045,0.049586,295.917947,0,0,0,0,benign,benign,0,0.06
graphviz__dijkstra,ok,3451,3137,5.994138,5.856932,0.414170,0.049006,259.900991,0,0,0,0,benign,benign,0,0.13
graphviz__dot_builtins,ok,1055,938,5.636914,5.642289,0.423734,0.153924,258.073168,0,1,1,0,packed,benign,1,0.04
graphviz__edgepaint,ok,114482,105759,6.322099,6.256295,0.489548,0.029791,376.663796,0,0,0,0,benign,benign,0,30.98
graphviz__gc,ok,3515,3209,5.973961,5.861072,0.392255,0.087574,258.030702,0,0,0,0,benign,benign,0,0.14
graphviz__gml2gv,ok,18774,17333,6.061369,5.871511,0.515693,0.124715,316.560809,0,1,1,0,packed,benign,1,1.79
graphviz__graphml2gv,ok,6226,5585,5.962968,5.820019,0.479752,0.083031,340.280328,0,0,0,0,benign,benign,0,0.38
graphviz__gv2gml,ok,7915,7252,5.869448,5.876457,0.425830,0.006807,284.949400,0,0,0,0,benign,benign,0,0.51
graphviz__gvcolor,ok,4011,3664,6.121612,6.108716,0.475493,0.071494,394.627777,0,0,0,0,benign,benign,0,0.22
graphviz__gvgen,ok,9386,8575,6.139665,6.162301,0.521437,0.064403,324.727339,0,0,0,0,benign,benign,0,0.70
graphviz__gvmap,ok,219778,205106,6.286170,6.295349,0.546431,0.042575,421.307870,0,0,0,0,benign,benign,0,69.50
graphviz__gvpack,ok,7339,6640,6.014175,5.917233,0.430501,0.087611,283.871919,0,0,0,0,benign,benign,0,0.28
graphviz__gvpr,ok,361,320,5.290438,5.290438,0.348493,0.394852,64.206427,0,1,1,0,packed,benign,1,0.01
graphviz__gxl2gv,ok,18027,16320,6.032957,6.085160,0.479018,0.043944,378.286138,0,0,0,0,benign,benign,0,3.64
graphviz__lefty,ok,181155,167047,6.338783,6.282833,0.618024,0.104803,389.369760,0,0,0,0,benign,benign,0,44.62
graphviz__mingle,ok,114023,105243,6.320514,6.277077,0.495289,0.033232,380.760665,0,0,0,0,benign,benign,0,30.94
graphviz__mm2gv,ok,60546,55508,6.350047,6.265755,0.479749,0.031752,376.692916,0,0,0,0,benign,benign,0,8.68
graphviz__nop,ok,1611,1456,5.815858,5.695253,0.389264,0.137366,228.895253,0,1,1,0,packed,benign,1,0.05
graphviz__prune,ok,3259,2949,5.984016,5.878588,0.455975,0.102316,278.784525,0,0,0,0,benign,benign,0,0.12
graphviz__sccmap,ok,3803,3463,6.015012,5.917589,0.473447,0.095212,303.398368,0,0,0,0,benign,benign,0,0.14
graphviz__tred,ok,3291,3014,6.051976,5.978497,0.546581,0.078010,394.431111,0,0,0,0,benign,benign,0,0.13
graphviz__unflatten,ok,2859,2582,5.941826,5.849492,0.484550,0.058304,359.479224,0,0,0,0,benign,benign,0,0.11
grcov__grcov,too_large:3696044,0,0,NA,NA,NA,NA,NA,-1,-1,-1,-1,NA,NA,-1,0.00
grep__grep,ok,142126,130530,6.277483,6.157861,0.602096,0.062175,428.679008,0,0,0,0,benign,benign,0,73.91
groff-base__eqn,ok,88228,79540,6.189683,6.129727,0.504351,0.087908,314.849726,0,0,0,0,benign,benign,0,34.23
groff-base__groff,ok,58612,52482,6.228725,6.200199,0.636043,0.066622,375.831943,0,0,0,0,benign,benign,0,21.38
groff-base__grops,ok,100548,90492,6.252622,6.228056,0.573160,0.064886,353.244557,0,0,0,0,benign,benign,0,40.42
groff-base__grotty,ok,70372,63123,6.235259,6.187095,0.565242,0.064228,336.436742,0,0,0,0,benign,benign,0,25.32
groff-base__pic,ok,127460,116824,6.240254,6.146308,0.530338,0.098363,367.422471,0,0,0,0,benign,benign,0,33.39
groff-base__preconv,ok,35236,31331,6.156591,6.217478,0.493708,0.052823,332.865142,0,0,0,0,benign,benign,0,8.46
groff-base__soelim,ok,29060,25727,6.114773,6.089738,0.471060,0.068134,303.277432,0,0,0,0,benign,benign,0,2.55
groff-base__tbl,ok,88292,79588,6.209699,6.228345,0.518913,0.065288,355.525179,0,0,0,0,benign,benign,0,47.13
groff-base__troff,too_large:319044,0,0,NA,NA,NA,NA,NA,-1,-1,-1,-1,NA,NA,-1,0.00
gucumber__gucumber,too_large:1170728,0,0,NA,NA,NA,NA,NA,-1,-1,-1,-1,NA,NA,-1,0.00
gzip__gzip,ok,57729,52573,6.285379,6.318011,0.572940,0.054874,398.215781,0,0,0,0,benign,benign,0,26.93
hcloud-cli__hcloud,too_large:5639907,0,0,NA,NA,NA,NA,NA,-1,-1,-1,-1,NA,NA,-1,0.00
hdfs-cli__hdfs,too_large:3801667,0,0,NA,NA,NA,NA,NA,-1,-1,-1,-1,NA,NA,-1,0.00
hdparm__hdparm,ok,73302,66444,6.139790,6.042796,0.558248,0.073193,349.689838,0,0,0,0,benign,benign,0,31.09
hexyl__hexyl,too_large:575673,0,0,NA,NA,NA,NA,NA,-1,-1,-1,-1,NA,NA,-1,0.00
hugo__hugo,too_large:24699916,0,0,NA,NA,NA,NA,NA,-1,-1,-1,-1,NA,NA,-1,0.01
hyperfine__hyperfine,too_large:940588,0,0,NA,NA,NA,NA,NA,-1,-1,-1,-1,NA,NA,-1,0.00
imagemagick-6.q16__animate-im6.q16,ok,361,306,5.357818,5.357818,0.334006,0.225902,68.685650,0,1,1,0,packed,benign,1,0.01
imagemagick-6.q16__compare-im6.q16,ok,457,388,5.489971,5.489971,0.303023,0.124511,96.318138,0,1,1,0,packed,benign,1,0.01
imagemagick-6.q16__composite-im6.q16,ok,361,306,5.357818,5.357818,0.334006,0.225902,68.685650,0,1,1,0,packed,benign,1,0.01
imagemagick-6.q16__conjure-im6.q16,ok,361,306,5.357818,5.357818,0.334006,0.225902,68.685650,0,1,1,0,packed,benign,1,0.01
imagemagick-6.q16__convert-im6.q16,ok,361,306,5.344647,5.344647,0.334006,0.225902,68.685650,0,1,1,0,packed,benign,1,0.01
imagemagick-6.q16__display-im6.q16,ok,361,306,5.357818,5.357818,0.334006,0.225902,68.685650,0,1,1,0,packed,benign,1,0.01
imagemagick-6.q16__identify-im6.q16,ok,425,363,5.482949,5.482949,0.296715,0.172673,90.728874,0,1,1,0,packed,benign,1,0.01
imagemagick-6.q16__import-im6.q16,ok,361,306,5.357818,5.357818,0.334006,0.225902,68.685650,0,1,1,0,packed,benign,1,0.01
imagemagick-6.q16__mogrify-im6.q16,ok,361,306,5.357818,5.357818,0.334006,0.225902,68.685650,0,1,1,0,packed,benign,1,0.01
imagemagick-6.q16__montage-im6.q16,ok,361,306,5.344647,5.344647,0.334006,0.225902,68.685650,0,1,1,0,packed,benign,1,0.01
imagemagick-6.q16__stream-im6.q16,ok,361,306,5.357818,5.357818,0.334006,0.225902,68.685650,0,1,1,0,packed,benign,1,0.01
influxdb__influxd,too_large:9222115,0,0,NA,NA,NA,NA,NA,-1,-1,-1,-1,NA,NA,-1,0.00
inkscape__inkscape,ok,6159,5570,5.771852,5.762402,0.597340,0.083646,409.625654,0,0,0,0,benign,benign,0,0.27
inkscape__inkview,ok,393,345,5.379586,5.379586,0.624987,0.288758,246.256677,0,1,1,0,packed,benign,1,0.01
ipfs-cid__ipfs_cid,too_large:319617,0,0,NA,NA,NA,NA,NA,-1,-1,-1,-1,NA,NA,-1,0.00
iproute2__arpd,ok,50211,45688,6.145580,6.169533,0.470841,0.090341,306.727933,0,0,0,0,benign,benign,0,9.92
iproute2__bridge,ok,85139,77999,6.151782,6.145689,0.584794,0.064776,389.852466,0,0,0,0,benign,benign,0,12.55
iproute2__dcb,ok,71263,64839,6.140403,6.135906,0.546088,0.094081,328.227824,0,0,0,0,benign,benign,0,15.24
iproute2__devlink,ok,135903,123375,6.194123,6.188837,0.524378,0.080479,354.192489,0,0,0,0,benign,benign,0,39.87
iproute2__genl,ok,48051,43770,6.138835,6.192643,0.465333,0.081261,303.297069,0,0,0,0,benign,benign,0,4.11
iproute2__ip,too_large:440771,0,0,NA,NA,NA,NA,NA,-1,-1,-1,-1,NA,NA,-1,0.00
iproute2__lnstat,ok,6850,6214,6.032928,5.930127,0.460394,0.065238,305.767982,0,0,0,0,benign,benign,0,0.30
iproute2__nstat,ok,50323,45678,6.165828,6.198382,0.501576,0.086348,319.417533,0,0,0,0,benign,benign,0,5.14
iproute2__rdma,ok,91775,83487,6.118877,6.142007,0.538513,0.088046,342.819067,0,0,0,0,benign,benign,0,20.45
iproute2__rtacct,ok,11335,10333,6.096527,6.002886,0.449925,0.072655,293.644259,0,0,0,0,benign,benign,0,0.63
iproute2__rtmon,ok,45747,41655,6.148563,6.212540,0.465875,0.088378,304.619163,0,0,0,0,benign,benign,0,2.79
iproute2__ss,ok,103795,94519,6.193453,6.160094,0.542808,0.078211,359.050048,0,0,0,0,benign,benign,0,42.60
iproute2__tc,too_large:364889,0,0,NA,NA,NA,NA,NA,-1,-1,-1,-1,NA,NA,-1,0.00
iproute2__tipc,ok,83695,76303,6.071785,6.166199,0.514393,0.087628,333.584668,0,0,0,0,benign,benign,0,17.92
iproute2__vdpa,ok,52495,47715,6.149495,6.152705,0.488842,0.082260,320.452748,0,0,0,0,benign,benign,0,8.11
iputils-ping__ping,ok,40430,36942,6.223775,6.553144,0.486051,0.039121,334.669076,0,0,0,0,benign,benign,0,11.38
jq__jq,ok,8388,7528,5.845936,5.732269,0.727738,0.004624,587.299396,0,0,0,0,benign,benign,0,0.68
jwt__jwt,too_large:1497491,0,0,NA,NA,NA,NA,NA,-1,-1,-1,-1,NA,NA,-1,0.00
kmod__kmod,ok,104332,95202,6.221300,6.216969,0.546283,0.045065,407.116607,0,0,0,0,benign,benign,0,36.00
kmon__kmon,too_large:840165,0,0,NA,NA,NA,NA,NA,-1,-1,-1,-1,NA,NA,-1,0.00
ksuid__ksuid,too_large:1049172,0,0,NA,NA,NA,NA,NA,-1,-1,-1,-1,NA,NA,-1,0.00
kube-openapi__openapi-gen,too_large:4193491,0,0,NA,NA,NA,NA,NA,-1,-1,-1,-1,NA,NA,-1,0.00
kube-openapi__openapi2smd,too_large:3834499,0,0,NA,NA,NA,NA,NA,-1,-1,-1,-1,NA,NA,-1,0.00
kubernetes-client__kubectl,too_large:17472778,0,0,NA,NA,NA,NA,NA,-1,-1,-1,-1,NA,NA,-1,0.01
lalrpop__lalrpop,too_large:2800273,0,0,NA,NA,NA,NA,NA,-1,-1,-1,-1,NA,NA,-1,0.00
laurel__laurel,too_large:1609825,0,0,NA,NA,NA,NA,NA,-1,-1,-1,-1,NA,NA,-1,0.00
lego__lego,too_large:9694355,0,0,NA,NA,NA,NA,NA,-1,-1,-1,-1,NA,NA,-1,0.00
less__less,ok,105122,94838,6.237389,6.243660,0.577497,0.081256,366.120273,0,0,0,0,benign,benign,0,74.77
less__lessecho,ok,1674,1531,6.013730,5.900086,0.429786,0.051322,294.571847,0,0,0,0,benign,benign,0,0.07
less__lesskey,ok,4383,4025,6.059585,5.902429,0.443024,0.049643,364.843115,0,0,0,0,benign,benign,0,0.26
libarchive-tools__bsdcat,ok,2193,2021,5.837756,5.829442,0.392861,0.124020,266.032050,0,1,1,0,packed,benign,1,0.07
libarchive-tools__bsdcpio,ok,14903,13498,5.917851,5.874187,0.499529,0.032058,385.753069,0,0,0,0,benign,benign,0,3.03
libarchive-tools__bsdtar,ok,27719,25241,6.031821,6.048825,0.545474,0.052995,397.750584,0,0,0,0,benign,benign,0,6.93
libc-bin__getconf,ok,1790,1582,5.747728,5.639387,0.566257,0.136198,427.814723,0,1,1,0,packed,benign,1,0.06
libc-bin__getent,ok,7958,7143,6.094091,5.988218,0.458464,0.013717,281.836846,0,0,0,0,benign,benign,0,0.35
libc-bin__iconv,ok,32066,29129,6.209859,6.070716,0.644850,0.040966,470.650484,0,0,0,0,benign,benign,0,11.11
libc-bin__iconvconfig,ok,9873,8868,6.157278,6.042121,0.533702,0.060551,355.038780,0,0,0,0,benign,benign,0,0.59
libc-bin__ldconfig,too_large:730573,0,0,NA,NA,NA,NA,NA,-1,-1,-1,-1,NA,NA,-1,0.00
libc-bin__locale,ok,14009,12488,6.131848,6.050009,0.559401,0.081121,363.464908,0,0,0,0,benign,benign,0,1.16
libc-bin__localedef,ok,207017,187939,6.290665,6.470736,0.598926,0.071873,426.583769,0,0,0,0,benign,benign,0,172.33
libc-bin__pldd,ok,3998,3635,5.990851,5.978669,0.559936,0.031572,460.367086,0,0,0,0,benign,benign,0,0.23
libc-bin__zdump,ok,7420,6722,6.141333,6.243077,0.649615,0.057344,434.359454,0,0,0,0,benign,benign,0,0.34
libc-bin__zic,ok,34087,30834,6.198692,6.278812,0.653467,0.053425,457.367778,0,0,0,0,benign,benign,0,8.33
libjpeg-turbo-progs__cjpeg,ok,28255,26240,6.261139,6.207111,0.557337,0.056814,401.754133,0,0,0,0,benign,benign,0,5.27
libjpeg-turbo-progs__djpeg,ok,19336,17854,6.154458,6.104204,0.604834,0.103433,427.287457,0,0,0,0,benign,benign,0,1.35
libjpeg-turbo-progs__jpegexiforient,ok,1703,1536,6.048627,6.130498,0.428144,-0.005581,287.765309,0,0,0,0,benign,benign,0,0.05
libjpeg-turbo-progs__jpegtran,ok,25799,23746,6.359297,6.324654,0.567441,0.012803,458.140228,0,0,0,0,benign,benign,0,5.01
libjpeg-turbo-progs__rdjpgcom,ok,2332,2093,5.757132,5.609309,0.420036,0.021514,261.105862,0,0,0,0,benign,benign,0,0.09
libjpeg-turbo-progs__tjbench,ok,22913,21092,6.021257,6.092024,0.711359,0.088649,524.206807,0,0,0,0,benign,benign,0,2.63
libjpeg-turbo-progs__wrjpgcom,ok,2810,2564,5.837632,5.860247,0.566588,0.129509,310.574433,0,1,1,0,packed,benign,1,0.12
libpng-tools__png-fix-itxt,ok,1209,1069,5.859538,5.859636,0.592992,0.113374,410.914791,0,1,1,0,packed,benign,1,0.05
libpng-tools__pngfix,ok,19630,18012,6.197751,6.079216,0.583609,0.079257,414.248763,0,0,0,0,benign,benign,0,2.19
librsvg2-bin__rsvg-convert,too_large:2949053,0,0,NA,NA,NA,NA,NA,-1,-1,-1,-1,NA,NA,-1,0.00
libslirp-helper__libslirp-helper,too_large:1982033,0,0,NA,NA,NA,NA,NA,-1,-1,-1,-1,NA,NA,-1,0.00
linux-perf__perf,too_large:2443903,0,0,NA,NA,NA,NA,NA,-1,-1,-1,-1,NA,NA,-1,0.00
lld-14__lld,too_large:3440929,0,0,NA,NA,NA,NA,NA,-1,-1,-1,-1,NA,NA,-1,0.00
lldb-14__lldb,ok,24014,22326,6.072765,6.053267,0.569359,0.020269,448.349578,0,0,0,0,benign,benign,0,2.48
lldb-14__lldb-argdumper,ok,6024,5413,5.968657,5.946388,0.599730,0.058620,422.138295,0,0,0,0,benign,benign,0,0.28
lldb-14__lldb-instr,ok,188240,175725,6.100412,6.190373,0.541270,0.001318,376.550265,0,0,0,0,benign,benign,0,61.83
lldb-14__lldb-server,too_large:2131480,0,0,NA,NA,NA,NA,NA,-1,-1,-1,-1,NA,NA,-1,0.00
lldb-14__lldb-vscode,ok,166880,155243,6.060786,6.242893,0.677558,0.054095,498.639405,0,0,0,0,benign,benign,0,122.36
llvm-14-tools__FileCheck,too_large:391223,0,0,NA,NA,NA,NA,NA,-1,-1,-1,-1,NA,NA,-1,0.00
llvm-14-tools__count,ok,815,740,5.762609,5.762609,0.545671,0.213616,269.748733,0,1,1,0,packed,benign,1,0.03
llvm-14-tools__not,ok,49239,45902,6.203234,6.223878,0.561210,0.053080,424.648694,0,0,0,0,benign,benign,0,11.53
llvm-14-tools__split-file,ok,8288,7768,5.982084,5.938016,0.548791,0.086722,394.956846,0,0,0,0,benign,benign,0,0.43
llvm-14-tools__yaml-bench,ok,240947,226387,6.301420,6.362937,0.633053,0.062119,463.431262,0,0,0,0,benign,benign,0,121.63
llvm-14__bugpoint,ok,253328,236169,6.122687,6.161746,0.632914,0.062836,484.821750,0,0,0,0,benign,benign,0,177.51
llvm-14__dsymutil,ok,167395,157593,6.079712,6.188974,0.640325,0.064925,464.748991,0,0,0,0,benign,benign,0,66.52
llvm-14__llc,ok,45120,42148,5.978732,5.994676,0.540401,0.061272,414.092498,0,0,0,0,benign,benign,0,8.97
llvm-14__llvm-PerfectShuffle,ok,9264,8432,6.215338,6.238990,0.519791,-0.013903,378.683068,0,0,0,0,benign,benign,0,0.43
llvm-14__llvm-ar,ok,38480,36066,5.970110,6.102314,0.590614,0.085083,446.112963,0,0,0,0,benign,benign,0,10.19
llvm-14__llvm-as,ok,10336,9687,5.916846,5.908611,0.654476,0.086173,358.597116,0,0,0,0,benign,benign,0,1.69
llvm-14__llvm-bcanalyzer,ok,7664,7210,5.900397,5.923709,0.531921,0.098504,399.659260,0,0,0,0,benign,benign,0,0.32
llvm-14__llvm-c-test,ok,28415,25440,5.967423,6.067284,0.551145,-0.021710,421.735486,0,0,0,0,benign,benign,0,2.37
llvm-14__llvm-cat,ok,9584,8886,6.042204,6.058350,0.829146,0.104526,419.469284,0,0,0,0,benign,benign,0,0.60
llvm-14__llvm-cfi-verify,ok,53952,50388,6.097984,6.267189,0.692604,0.066882,419.917585,0,0,0,0,benign,benign,0,12.05
llvm-14__llvm-config,ok,97035,90421,6.344502,6.383221,0.674502,0.056579,508.673986,0,0,0,0,benign,benign,0,33.45
llvm-14__llvm-cov,ok,256808,242469,6.080174,6.232968,0.674281,0.092583,471.989379,0,0,0,0,benign,benign,0,105.79
llvm-14__llvm-cvtres,ok,10843,10119,5.971676,5.943998,0.589956,0.062273,396.168514,0,0,0,0,benign,benign,0,0.65
llvm-14__llvm-cxxdump,ok,45316,42086,6.201188,6.234107,1.037716,0.050437,512.787182,1,0,1,0,benign,benign,0,7.55
llvm-14__llvm-cxxfilt,ok,7776,7228,6.160588,6.095325,0.556245,0.019421,377.766135,0,0,0,0,benign,benign,0,0.37
llvm-14__llvm-cxxmap,ok,13872,13030,5.997616,6.088375,0.545169,0.056540,379.376399,0,0,0,0,benign,benign,0,0.88
llvm-14__llvm-debuginfod-find,ok,18800,17704,5.914987,6.104693,0.576885,0.032462,450.825282,0,0,0,0,benign,benign,0,0.99
llvm-14__llvm-diff,ok,37439,34799,6.238761,6.279194,0.666010,0.088463,425.540019,0,0,0,0,benign,benign,0,4.90
llvm-14__llvm-dis,ok,17024,15903,6.005664,6.011055,0.502670,0.081469,377.307859,0,0,0,0,benign,benign,0,3.29
llvm-14__llvm-dwarfdump,ok,85664,80372,6.011812,6.114842,0.534493,0.070347,405.338866,0,0,0,0,benign,benign,0,9.54
llvm-14__llvm-dwp,ok,21152,19532,6.050073,6.148597,0.675455,0.095736,443.216504,0,0,0,0,benign,benign,0,4.08
llvm-14__llvm-exegesis,too_large:16466910,0,0,NA,NA,NA,NA,NA,-1,-1,-1,-1,NA,NA,-1,0.01
llvm-14__llvm-extract,ok,24928,23110,6.057117,6.079799,0.592212,0.071174,415.779355,0,0,0,0,benign,benign,0,2.68
llvm-14__llvm-gsymutil,ok,32624,30406,6.020519,6.070343,0.601537,0.061946,420.116361,0,0,0,0,benign,benign,0,2.70
llvm-14__llvm-ifs,ok,45184,42295,6.026475,6.108760,0.587272,0.061142,441.700205,0,0,0,0,benign,benign,0,9.95
llvm-14__llvm-jitlink,ok,123311,115031,6.067471,6.147857,0.578664,0.066589,413.152954,0,0,0,0,benign,benign,0,12.42
llvm-14__llvm-jitlink-executor,too_large:735047,0,0,NA,NA,NA,NA,NA,-1,-1,-1,-1,NA,NA,-1,0.00
llvm-14__llvm-libtool-darwin,ok,50208,46949,6.060947,6.168157,0.679942,0.074150,414.061032,0,0,0,0,benign,benign,0,10.86
llvm-14__llvm-link,ok,29648,27755,5.988008,6.017665,0.546563,0.072424,406.699200,0,0,0,0,benign,benign,0,2.43
llvm-14__llvm-lipo,ok,52128,48599,6.098084,6.168392,0.701222,0.074886,449.253779,0,0,0,0,benign,benign,0,7.17
llvm-14__llvm-lto,ok,77744,72616,5.958106,6.137811,0.581566,0.063302,432.206054,0,0,0,0,benign,benign,0,22.41
llvm-14__llvm-lto2,ok,54592,50890,5.946049,6.031653,0.587212,0.088432,432.348604,0,0,0,0,benign,benign,0,12.03
llvm-14__llvm-mc,ok,43846,41021,5.980639,6.083701,0.580147,0.077482,428.219069,0,0,0,0,benign,benign,0,8.40
llvm-14__llvm-mca,ok,123331,115218,6.118481,6.264333,0.619180,0.078652,429.392329,0,0,0,0,benign,benign,0,32.04
llvm-14__llvm-ml,ok,18700,17238,6.062044,6.090158,0.774498,0.111169,462.081399,0,1,1,0,packed,benign,1,1.33
llvm-14__llvm-modextract,ok,6240,5863,5.791751,5.814677,0.661294,0.106182,466.146598,0,1,1,0,packed,benign,1,0.31
llvm-14__llvm-mt,ok,6460,6060,5.983891,5.949424,0.485844,0.060716,365.040592,0,0,0,0,benign,benign,0,0.24
llvm-14__llvm-nm,ok,85648,79993,5.975742,6.111150,0.587995,0.066469,445.437076,0,0,0,0,benign,benign,0,34.06
llvm-14__llvm-objcopy,too_large:516708,0,0,NA,NA,NA,NA,NA,-1,-1,-1,-1,NA,NA,-1,0.00
llvm-14__llvm-objdump,too_large:610307,0,0,NA,NA,NA,NA,NA,-1,-1,-1,-1,NA,NA,-1,0.00
llvm-14__llvm-opt-report,ok,33984,31468,6.117041,6.300957,0.642522,0.049641,483.810606,0,0,0,0,benign,benign,0,3.49
llvm-14__llvm-pdbutil,too_large:669822,0,0,NA,NA,NA,NA,NA,-1,-1,-1,-1,NA,NA,-1,0.00
llvm-14__llvm-profdata,ok,176896,165801,6.120124,6.275038,0.615135,0.079863,451.797453,0,0,0,0,benign,benign,0,84.37
llvm-14__llvm-profgen,ok,196112,184135,6.221874,6.268870,0.689646,0.055281,461.957634,0,0,0,0,benign,benign,0,87.35
llvm-14__llvm-rc,ok,117633,109987,6.117508,6.201919,0.633182,0.065145,455.882280,0,0,0,0,benign,benign,0,32.86
llvm-14__llvm-readobj,too_large:1553986,0,0,NA,NA,NA,NA,NA,-1,-1,-1,-1,NA,NA,-1,0.00
llvm-14__llvm-reduce,ok,151264,139802,6.237603,6.272210,0.584227,0.055322,411.977484,0,0,0,0,benign,benign,0,53.03
llvm-14__llvm-rtdyld,ok,54672,51087,5.981723,6.068456,0.538861,0.070319,421.821090,0,0,0,0,benign,benign,0,10.54
llvm-14__llvm-sim,ok,9136,8571,6.037633,6.012960,0.709294,0.110011,482.049786,0,1,1,0,packed,benign,1,1.69
llvm-14__llvm-size,ok,39696,36861,5.945333,6.143211,0.624432,0.093023,492.159393,0,0,0,0,benign,benign,0,4.71
llvm-14__llvm-split,ok,5520,5174,5.872913,6.001067,0.554915,0.071064,375.272687,0,0,0,0,benign,benign,0,0.26
llvm-14__llvm-stress,ok,24016,21869,6.230282,6.221028,0.567278,0.057958,423.026768,0,0,0,0,benign,benign,0,4.29
llvm-14__llvm-strings,ok,8272,7681,6.094211,6.047748,0.510024,0.076782,409.324616,0,0,0,0,benign,benign,0,1.47
llvm-14__llvm-symbolizer,ok,31276,29269,5.957901,6.030030,0.538906,0.031491,430.620223,0,0,0,0,benign,benign,0,2.45
llvm-14__llvm-tapi-diff,ok,80396,74972,6.196800,6.273357,0.749533,0.063391,450.821326,0,0,0,0,benign,benign,0,31.66
llvm-14__llvm-tblgen,too_large:2910921,0,0,NA,NA,NA,NA,NA,-1,-1,-1,-1,NA,NA,-1,0.00
llvm-14__llvm-tli-checker,ok,16464,15304,6.039447,6.162180,0.579645,0.077344,414.938774,0,0,0,0,benign,benign,0,3.65
llvm-14__llvm-undname,ok,11120,10394,5.990718,5.964667,0.551841,0.078865,395.165126,0,0,0,0,benign,benign,0,1.97
llvm-14__llvm-xray,too_large:323744,0,0,NA,NA,NA,NA,NA,-1,-1,-1,-1,NA,NA,-1,0.00
llvm-14__obj2yaml,too_large:4016387,0,0,NA,NA,NA,NA,NA,-1,-1,-1,-1,NA,NA,-1,0.00
llvm-14__opt,ok,134928,125791,6.118399,6.140394,0.577719,0.094904,425.256134,0,0,0,0,benign,benign,0,31.77
llvm-14__sanstats,ok,8192,7648,5.894787,6.037546,0.985055,0.140181,505.466702,0,1,1,0,packed,benign,1,1.52
llvm-14__verify-uselistorder,ok,21408,19803,6.180922,6.187585,0.782870,0.091924,487.008426,0,0,0,0,benign,benign,0,4.54
llvm-14__yaml2obj,too_large:1474707,0,0,NA,NA,NA,NA,NA,-1,-1,-1,-1,NA,NA,-1,0.00
lm-sensors__isadump,ok,3302,2996,5.863772,5.770513,0.484356,0.005293,390.328191,0,0,0,0,benign,benign,0,0.12
lm-sensors__isaset,ok,2662,2424,5.815288,5.812669,0.484578,0.027584,383.452304,0,0,0,0,benign,benign,0,0.10
lm-sensors__sensors,ok,10605,9532,5.937572,6.034372,0.475485,0.039789,307.366326,0,0,0,0,benign,benign,0,0.47
lmdb-go-tools__lmdb_cat,too_large:728435,0,0,NA,NA,NA,NA,NA,-1,-1,-1,-1,NA,NA,-1,0.00
lmdb-go-tools__lmdb_copy,too_large:664835,0,0,NA,NA,NA,NA,NA,-1,-1,-1,-1,NA,NA,-1,0.00
lmdb-go-tools__lmdb_stat,too_large:695886,0,0,NA,NA,NA,NA,NA,-1,-1,-1,-1,NA,NA,-1,0.00
lmdb-go-tools__testresize,too_large:725779,0,0,NA,NA,NA,NA,NA,-1,-1,-1,-1,NA,NA,-1,0.00
login__faillog,ok,6267,5647,5.850212,5.734359,0.515438,0.056159,344.144145,0,0,0,0,benign,benign,0,0.32
login__lastlog,ok,7531,6720,5.833103,5.794278,0.500793,0.049791,331.103614,0,0,0,0,benign,benign,0,0.32
login__login,ok,22193,19825,5.910537,5.821160,0.460270,0.034790,311.326389,0,0,0,0,benign,benign,0,1.53
login__newgrp,ok,16177,14515,5.973861,5.906296,0.439237,0.018590,321.452169,0,0,0,0,benign,benign,0,1.11
login__nologin,ok,425,364,5.395961,5.395961,0.309598,0.208581,88.764684,0,1,1,0,packed,benign,1,0.01
logrotate__logrotate,ok,62497,57196,5.941497,6.160313,0.636317,0.047031,427.299620,0,0,0,0,benign,benign,0,13.81
lscolors__lscolors,ok,261121,245569,6.255198,6.457629,0.612533,0.075462,444.555753,0,0,0,0,benign,benign,0,56.58
lsd__lsd,too_large:1780801,0,0,NA,NA,NA,NA,NA,-1,-1,-1,-1,NA,NA,-1,0.00
ltrace__ltrace,ok,165950,152253,6.155923,6.205527,0.543585,0.074885,361.873791,0,0,0,0,benign,benign,0,107.51
lua5.4__lua5.4,ok,171221,155518,6.322020,6.386657,0.500474,0.051959,341.713437,0,0,0,0,benign,benign,0,90.25
lua5.4__luac5.4,ok,122600,112068,6.387903,6.380501,0.494175,0.044099,344.215131,0,0,0,0,benign,benign,0,54.74
lz4__lz4,ok,168495,155163,6.288847,6.364462,0.600778,0.054428,424.770255,0,0,0,0,benign,benign,0,42.69
mahonia__mahoniconv,too_large:630411,0,0,NA,NA,NA,NA,NA,-1,-1,-1,-1,NA,NA,-1,0.00
make__make,ok,142720,128997,6.238483,6.391823,0.526878,0.046630,376.066538,0,0,0,0,benign,benign,0,158.79
mariadb-client__mariadb-admin,too_large:458780,0,0,NA,NA,NA,NA,NA,-1,-1,-1,-1,NA,NA,-1,0.00
mariadb-client__mariadb-binlog,too_large:638428,0,0,NA,NA,NA,NA,NA,-1,-1,-1,-1,NA,NA,-1,0.00
mariadb-client__mariadb-conv,too_large:332940,0,0,NA,NA,NA,NA,NA,-1,-1,-1,-1,NA,NA,-1,0.00
mariadb-client__mariadb-dump,too_large:501836,0,0,NA,NA,NA,NA,NA,-1,-1,-1,-1,NA,NA,-1,0.00
mariadb-client__mariadb-import,too_large:451980,0,0,NA,NA,NA,NA,NA,-1,-1,-1,-1,NA,NA,-1,0.00
mariadb-client__mariadb-plugin,too_large:313660,0,0,NA,NA,NA,NA,NA,-1,-1,-1,-1,NA,NA,-1,0.00
mariadb-client__mariadb-show,too_large:452988,0,0,NA,NA,NA,NA,NA,-1,-1,-1,-1,NA,NA,-1,0.00
mariadb-client__mariadb-slap,too_large:460956,0,0,NA,NA,NA,NA,NA,-1,-1,-1,-1,NA,NA,-1,0.00
mariadb-client__mariadb-tzinfo-to-sql,too_large:311180,0,0,NA,NA,NA,NA,NA,-1,-1,-1,-1,NA,NA,-1,0.00
mariadb-client__mariadb-waitpid,too_large:306492,0,0,NA,NA,NA,NA,NA,-1,-1,-1,-1,NA,NA,-1,0.00
mariadb-client__perror,too_large:307356,0,0,NA,NA,NA,NA,NA,-1,-1,-1,-1,NA,NA,-1,0.00
mariadb-client__replace,too_large:294828,0,0,NA,NA,NA,NA,NA,-1,-1,-1,-1,NA,NA,-1,0.00
mariadb-client__resolve_stack_dump,too_large:308396,0,0,NA,NA,NA,NA,NA,-1,-1,-1,-1,NA,NA,-1,0.00
mawk__mawk,ok,100753,92084,6.252121,6.248892,0.565711,0.096115,362.592859,0,0,0,0,benign,benign,0,30.82
mc__mc,too_large:712786,0,0,NA,NA,NA,NA,NA,-1,-1,-1,-1,NA,NA,-1,0.00
mender-artifact__mender-artifact,too_large:5431190,0,0,NA,NA,NA,NA,NA,-1,-1,-1,-1,NA,NA,-1,0.00
mercurial__chg,ok,12926,11713,6.036160,6.030249,0.507846,0.002394,374.115194,0,0,0,0,benign,benign,0,1.23
micro__micro,too_large:5109186,0,0,NA,NA,NA,NA,NA,-1,-1,-1,-1,NA,NA,-1,0.00
minify__minify,too_large:2173470,0,0,NA,NA,NA,NA,NA,-1,-1,-1,-1,NA,NA,-1,0.00
mkvtoolnix__mkvextract,too_large:1659995,0,0,NA,NA,NA,NA,NA,-1,-1,-1,-1,NA,NA,-1,0.00
mkvtoolnix__mkvinfo,too_large:876982,0,0,NA,NA,NA,NA,NA,-1,-1,-1,-1,NA,NA,-1,0.00
mkvtoolnix__mkvmerge,too_large:3796503,0,0,NA,NA,NA,NA,NA,-1,-1,-1,-1,NA,NA,-1,0.00
mkvtoolnix__mkvpropedit,too_large:1129261,0,0,NA,NA,NA,NA,NA,-1,-1,-1,-1,NA,NA,-1,0.00
mockgen__mockgen,too_large:2992308,0,0,NA,NA,NA,NA,NA,-1,-1,-1,-1,NA,NA,-1,0.00
mosh__mosh-client,ok,246533,224715,6.221457,6.186411,0.572221,0.070750,402.964918,0,0,0,0,benign,benign,0,277.66
mosh__mosh-server,ok,238373,216217,6.219981,6.226745,0.551766,0.074208,382.805821,0,0,0,0,benign,benign,0,392.08
msgp__msgp,too_large:2764972,0,0,NA,NA,NA,NA,NA,-1,-1,-1,-1,NA,NA,-1,0.00
mtail__mfmt,too_large:963779,0,0,NA,NA,NA,NA,NA,-1,-1,-1,-1,NA,NA,-1,0.00
mtail__mtail,too_large:5163475,0,0,NA,NA,NA,NA,NA,-1,-1,-1,-1,NA,NA,-1,0.00
mtd-utils__doc_loadbios,ok,1481,1322,5.815992,5.732449,0.583849,0.058029,360.888796,0,0,0,0,benign,benign,0,0.06
mtd-utils__docfdisk,ok,2443,2222,6.091128,5.985537,0.625276,0.097092,366.783851,0,0,0,0,benign,benign,0,0.09
mtd-utils__fectest,ok,6659,6149,6.311819,6.175879,0.566056,0.018423,375.377802,0,0,0,0,benign,benign,0,0.32
mtd-utils__flash_erase,ok,20479,18576,6.034492,5.921195,0.504267,0.050529,321.483427,0,0,0,0,benign,benign,0,1.26
mtd-utils__flash_lock,ok,1727,1588,5.764695,5.675097,0.426763,0.127113,278.400936,0,1,1,0,packed,benign,1,0.06
mtd-utils__flash_otp_dump,ok,889,784,5.800760,5.800760,0.493003,0.020319,366.280141,0,0,0,0,benign,benign,0,0.06
mtd-utils__flash_otp_erase,ok,745,659,5.691122,5.691122,0.379913,0.061024,233.526621,0,0,0,0,benign,benign,0,0.02
mtd-utils__flash_otp_info,ok,809,711,5.857795,5.857795,0.541709,0.119051,373.775002,0,1,1,0,packed,benign,1,0.04
mtd-utils__flash_otp_lock,ok,1049,939,5.725548,5.734082,0.394083,0.030011,276.026466,0,0,0,0,benign,benign,0,0.03
mtd-utils__flash_otp_write,ok,1177,1043,5.786001,5.764998,0.590333,0.037266,363.927445,0,0,0,0,benign,benign,0,0.03
mtd-utils__flash_unlock,ok,1727,1590,5.764819,5.674378,0.429326,0.145221,282.714973,0,1,1,0,packed,benign,1,0.06
mtd-utils__flashcp,ok,3182,2924,5.897400,5.848340,0.409575,0.010159,331.056221,0,0,0,0,benign,benign,0,0.13
mtd-utils__ftl_check,ok,1667,1495,5.897590,5.853643,0.406268,-0.015142,300.764845,0,0,0,0,benign,benign,0,0.05
mtd-utils__ftl_format,ok,2883,2613,5.899811,5.896338,0.561868,-0.001858,443.978638,0,0,0,0,benign,benign,0,0.10
mtd-utils__jffs2dump,ok,7248,6618,6.145249,5.896479,0.399473,0.047027,291.030340,0,0,0,0,benign,benign,0,0.40
mtd-utils__jffs2reader,ok,6143,5612,6.204365,6.181797,0.636053,0.035593,415.478378,0,0,0,0,benign,benign,0,0.44
mtd-utils__lsmtd,ok,38734,34969,6.065185,6.205274,0.548497,0.063669,361.372253,0,0,0,0,benign,benign,0,9.37
mtd-utils__mkfs.jffs2,ok,24720,22718,6.193231,6.174231,0.608920,0.066697,436.144311,0,0,0,0,benign,benign,0,2.67
mtd-utils__mkfs.ubifs,ok,55102,49878,6.170659,6.203285,0.533193,0.039324,381.593373,0,0,0,0,benign,benign,0,8.77
mtd-utils__mtd_debug,ok,3021,2717,5.854220,5.865674,0.501299,0.048596,354.073502,0,0,0,0,benign,benign,0,0.11
mtd-utils__mtdinfo,ok,24591,22260,6.060530,6.110531,0.550709,0.054332,336.170704,0,0,0,0,benign,benign,0,2.50
mtd-utils__mtdpart,ok,1647,1522,5.821621,5.762354,0.946071,0.101029,361.367437,0,0,0,0,benign,benign,0,0.07
mtd-utils__nanddump,ok,21807,19788,6.045456,5.957702,0.534186,0.042383,347.096934,0,0,0,0,benign,benign,0,1.57
mtd-utils__nandflipbits,ok,19167,17356,6.029766,5.887737,0.549111,0.047605,369.745030,0,0,0,0,benign,benign,0,1.35
mtd-utils__nandtest,ok,3058,2778,5.789334,5.687523,0.525085,0.063456,318.090219,0,0,0,0,benign,benign,0,0.13
mtd-utils__nandwrite,ok,22959,20855,6.053040,5.958146,0.559995,0.049183,368.890744,0,0,0,0,benign,benign,0,2.13
mtd-utils__nftl_format,ok,4037,3692,5.965119,5.814687,0.460570,0.057142,326.602639,0,0,0,0,benign,benign,0,0.18
mtd-utils__nftldump,ok,2348,2128,5.968738,5.838982,0.570547,0.135735,325.506933,0,1,1,0,packed,benign,1,0.08
mtd-utils__recv_image,ok,11664,10742,6.170188,6.178190,0.536343,0.029410,408.136161,0,0,0,0,benign,benign,0,0.61
mtd-utils__rfddump,ok,2265,2040,5.930187,5.957889,0.589267,0.034621,502.636297,0,0,0,0,benign,benign,0,0.07
mtd-utils__rfdformat,ok,1001,904,5.779421,5.779421,0.383437,0.077394,247.332215,0,0,0,0,benign,benign,0,0.03
mtd-utils__serve_image,ok,8400,7769,6.272188,6.158941,0.610907,-0.004327,433.987413,0,0,0,0,benign,benign,0,0.37
mtd-utils__sumtool,ok,7200,6595,6.104031,5.986535,0.506672,0.057531,337.515057,0,0,0,0,benign,benign,0,0.40
mtd-utils__ubiattach,ok,14894,13234,5.980917,5.907219,0.633487,0.039340,348.983930,0,0,0,0,benign,benign,0,3.26
mtd-utils__ubiblock,ok,13486,11976,5.971330,5.925795,0.514544,0.038136,341.392821,0,0,0,0,benign,benign,0,0.82
mtd-utils__ubicrc32,ok,992,874,5.666638,5.666638,0.290617,0.116997,144.042359,0,1,1,0,packed,benign,1,0.03
mtd-utils__ubidetach,ok,13742,12215,5.975060,5.828608,0.494164,0.036588,334.298657,0,0,0,0,benign,benign,0,0.91
mtd-utils__ubiformat,ok,43829,39379,6.078949,6.125157,0.561175,0.057507,357.289855,0,0,0,0,benign,benign,0,11.50
mtd-utils__ubihealthd,ok,13678,12171,5.994013,5.872386,0.507127,0.031655,335.552288,0,0,0,0,benign,benign,0,0.97
mtd-utils__ubimkvol,ok,15598,13883,5.988058,5.910317,0.514812,0.056128,324.495920,0,0,0,0,benign,benign,0,1.10
mtd-utils__ubinfo,ok,16846,15045,5.987730,5.936743,0.521292,0.032026,357.049736,0,0,0,0,benign,benign,0,1.25
mtd-utils__ubinize,ok,10080,9043,5.989585,6.124124,0.545429,0.027424,353.429949,0,0,0,0,benign,benign,0,0.52
mtd-utils__ubirename,ok,13358,11867,5.983781,5.890773,0.485848,0.037263,331.079711,0,0,0,0,benign,benign,0,0.93
mtd-utils__ubirmvol,ok,13694,12201,5.971112,5.852759,0.509051,0.035016,342.438841,0,0,0,0,benign,benign,0,0.92
mtd-utils__ubirsvol,ok,14958,13283,5.986160,5.917320,0.548335,0.046878,323.668871,0,0,0,0,benign,benign,0,1.15
mtd-utils__ubiscan,ok,22591,20453,6.044532,5.937569,0.501680,0.037191,317.379261,0,0,0,0,benign,benign,0,1.19
mtd-utils__ubiupdatevol,ok,15358,13651,5.979615,5.919248,0.502417,0.035020,348.985604,0,0,0,0,benign,benign,0,1.03
mtools__mkmanifest,ok,2833,2564,5.982348,5.912527,0.394025,0.035201,289.458430,0,0,0,0,benign,benign,0,0.12
mtools__mtools,ok,131838,120617,6.233801,6.337000,0.561719,0.057535,395.457065,0,0,0,0,benign,benign,0,47.11
nano__nano,ok,194431,177199,6.235730,6.154008,0.623670,0.076674,438.034860,0,0,0,0,benign,benign,0,337.03
nasm__nasm,too_large:264579,0,0,NA,NA,NA,NA,NA,-1,-1,-1,-1,NA,NA,-1,0.00
nasm__ndisasm,ok,20206,18332,6.209725,6.101454,0.543355,0.089340,388.955937,0,0,0,0,benign,benign,0,4.67
net-tools__arp,ok,28509,25988,6.036570,6.033678,0.523482,0.081222,334.387043,0,0,0,0,benign,benign,0,5.72
net-tools__ifconfig,ok,41005,37130,6.054426,6.086406,0.507756,0.063795,357.241070,0,0,0,0,benign,benign,0,10.23
net-tools__ipmaddr,ok,6625,6007,6.039236,5.918789,0.534191,0.043200,330.194233,0,0,0,0,benign,benign,0,0.36
net-tools__iptunnel,ok,9153,8199,6.018615,5.878843,0.513637,0.028900,359.110568,0,0,0,0,benign,benign,0,0.59
net-tools__mii-tool,ok,5281,4752,6.038576,5.973933,0.404753,0.064349,264.113983,0,0,0,0,benign,benign,0,0.23
net-tools__nameif,ok,3281,2986,5.889512,5.916551,0.421014,0.039393,305.107212,0,0,0,0,benign,benign,0,0.11
net-tools__netstat,ok,71401,64862,6.082264,6.119149,0.515666,0.072384,360.817419,0,0,0,0,benign,benign,0,19.07
net-tools__plipconfig,ok,1441,1296,5.656928,5.580163,0.448430,0.155438,288.867950,0,1,1,0,packed,benign,1,0.04
net-tools__rarp,ok,11865,10734,6.118057,6.070898,0.564073,0.099981,315.557614,0,0,0,0,benign,benign,0,1.17
net-tools__route,ok,31984,29125,5.984898,6.015558,0.487967,0.065113,347.826536,0,0,0,0,benign,benign,0,6.46
net-tools__slattach,ok,15197,13666,6.065884,6.062263,0.550060,0.090418,315.974006,0,0,0,0,benign,benign,0,2.81
netcat-openbsd__nc.openbsd,ok,16759,15234,5.995989,5.980672,0.670337,0.093016,461.274789,0,0,0,0,benign,benign,0,3.83
netpbm__411toppm,ok,1177,1069,5.886799,5.875247,0.409028,-0.008638,347.103429,0,0,0,0,benign,benign,0,0.05
netpbm__asciitopgm,ok,1593,1441,6.011908,6.000108,0.615951,0.078277,457.562016,0,0,0,0,benign,benign,0,0.08
netpbm__atktopbm,ok,1689,1461,6.090160,6.015289,0.465759,-0.006864,344.929126,0,0,0,0,benign,benign,0,0.11
netpbm__avstopam,ok,745,663,5.680965,5.680965,0.417584,0.175225,233.687250,0,1,1,0,packed,benign,1,0.04
netpbm__bioradtopgm,ok,1385,1223,5.968731,5.950498,0.462885,0.071493,286.305534,0,0,0,0,benign,benign,0,0.07
netpbm__bmptopnm,ok,8407,7764,6.098307,5.979908,0.540627,0.054628,376.655470,0,0,0,0,benign,benign,0,0.56
netpbm__brushtopbm,ok,745,656,5.802306,5.802306,0.477119,0.134556,248.968504,0,1,1,0,packed,benign,1,0.03
netpbm__cameratopam,ok,75148,69628,6.480787,6.377693,0.635974,0.075416,439.486556,0,0,0,0,benign,benign,0,18.74
netpbm__cistopbm,ok,1177,1046,5.969380,5.955897,0.413083,0.030800,310.831868,0,0,0,0,benign,benign,0,0.06
netpbm__cmuwmtopbm,ok,841,736,5.767457,5.767457,0.384296,0.075433,270.444492,0,0,0,0,benign,benign,0,0.04
netpbm__ddbugtopbm,ok,1801,1613,6.111982,6.032545,0.614577,0.142639,425.098795,0,1,1,0,packed,benign,1,0.07
netpbm__escp2topbm,ok,1802,1603,5.962069,5.910310,0.415189,0.011612,349.563958,0,0,0,0,benign,benign,0,0.08
netpbm__eyuvtoppm,ok,1873,1711,6.067493,6.031690,0.536274,0.022301,411.709298,0,0,0,0,benign,benign,0,0.06
netpbm__fiascotopnm,ok,64307,60102,6.324754,6.253890,0.568293,0.047433,435.606442,0,0,0,0,benign,benign,0,7.67
netpbm__fitstopnm,ok,6170,5711,5.932928,5.936033,0.591386,0.089665,393.900885,0,0,0,0,benign,benign,0,0.35
netpbm__fstopgm,ok,1429,1291,5.895821,5.742118,0.633619,0.131777,429.808484,0,1,1,0,packed,benign,1,0.06
netpbm__g3topbm,ok,4150,3838,5.969240,6.147554,0.993211,0.083889,466.537137,0,0,0,0,benign,benign,0,0.22
netpbm__gemtopnm,ok,2761,2501,6.124763,6.062442,0.422362,-0.011808,369.077156,0,0,0,0,benign,benign,0,0.13
netpbm__giftopnm,ok,10251,9428,6.075630,6.078275,0.703771,0.060555,506.600406,0,0,0,0,benign,benign,0,0.77
netpbm__gouldtoppm,ok,1136,1043,5.823273,5.759148,0.420740,0.055010,283.603626,0,0,0,0,benign,benign,0,0.06
netpbm__hdifftopam,ok,1113,1010,5.874384,5.855549,0.529836,0.077849,385.399931,0,0,0,0,benign,benign,0,0.05
netpbm__hipstopgm,ok,1148,1017,5.844992,5.844515,0.510054,0.042952,337.444226,0,0,0,0,benign,benign,0,0.05
netpbm__ilbmtoppm,ok,22481,20652,6.228356,6.184815,0.628849,0.052893,472.773081,0,0,0,0,benign,benign,0,3.77
netpbm__imgtoppm,ok,1433,1301,5.864377,5.755519,0.526421,0.084560,364.562479,0,0,0,0,benign,benign,0,0.05
netpbm__infotopam,ok,3378,3102,6.056311,6.087110,0.667978,0.094596,481.330770,0,0,0,0,benign,benign,0,0.11
netpbm__jbigtopnm,ok,30139,27923,6.157243,6.159599,0.638762,0.050241,435.042630,0,0,0,0,benign,benign,0,3.83
netpbm__jpeg2ktopam,ok,154422,142459,6.338528,6.279816,0.605951,0.067148,419.364748,0,0,0,0,benign,benign,0,47.40
netpbm__jpegtopnm,ok,12128,11096,6.088578,6.144167,0.546288,0.109108,384.759855,0,1,1,0,packed,benign,1,2.37
netpbm__leaftoppm,ok,2137,1907,5.953916,5.945830,0.669101,0.020973,566.776279,0,0,0,0,benign,benign,0,0.11
netpbm__lispmtopgm,ok,1193,1055,5.842109,5.832215,0.482193,0.122901,303.855887,0,1,1,0,packed,benign,1,0.05
netpbm__macptopbm,ok,1703,1511,5.928916,5.848986,0.448118,0.065076,324.385796,0,0,0,0,benign,benign,0,0.11
netpbm__mdatopbm,ok,2337,2121,5.916031,5.787788,0.524322,0.010162,365.282472,0,0,0,0,benign,benign,0,0.09
netpbm__mgrtopbm,ok,1065,929,5.853933,5.868423,0.619675,0.089339,503.148374,0,0,0,0,benign,benign,0,0.04
netpbm__mrftopbm,ok,1579,1424,6.129486,6.043450,0.476099,0.015442,344.199878,0,0,0,0,benign,benign,0,0.05
netpbm__mtvtoppm,ok,729,646,5.756523,5.756523,0.452691,0.161103,334.264203,0,1,1,0,packed,benign,1,0.03
netpbm__neotoppm,ok,793,703,5.831445,5.831445,0.390978,0.227371,227.806825,0,1,1,0,packed,benign,1,0.03
netpbm__palmtopnm,ok,8568,7900,6.052943,5.994496,0.578263,0.003652,417.649869,0,0,0,0,benign,benign,0,0.47
netpbm__pamaddnoise,ok,4825,4488,5.913467,5.814331,0.553619,0.192103,338.483288,0,1,1,0,packed,benign,1,0.19
netpbm__pamaltsat,ok,2670,2458,6.022338,5.885140,0.577212,0.057696,372.347142,0,0,0,0,benign,benign,0,0.11
netpbm__pamarith,ok,8188,7704,5.919522,6.017309,0.619526,0.091142,395.624830,0,0,0,0,benign,benign,0,0.38
netpbm__pambackground,ok,2959,2698,6.002405,5.917794,0.795567,0.007155,435.205221,0,0,0,0,benign,benign,0,0.12
netpbm__pambayer,ok,2982,2773,6.031640,5.909727,0.467067,0.118765,343.541944,0,1,1,0,packed,benign,1,0.09
netpbm__pambrighten,ok,1635,1505,6.022511,5.933760,0.382964,0.039056,309.144496,0,0,0,0,benign,benign,0,0.04
netpbm__pamcat,ok,9205,8490,6.017395,6.005451,0.618338,0.016787,413.074735,0,0,0,0,benign,benign,0,0.65
netpbm__pamchannel,ok,1353,1239,5.920407,5.859006,0.718044,0.079542,599.849986,0,0,0,0,benign,benign,0,0.04
netpbm__pamcomp,ok,7001,6456,5.937578,5.839483,0.625569,0.109572,363.970343,0,1,1,0,packed,benign,1,0.27
netpbm__pamcrater,ok,3943,3663,6.025642,6.113332,0.551334,0.101108,387.233724,0,0,0,0,benign,benign,0,0.13
netpbm__pamcut,ok,6559,6034,5.853826,5.981418,0.622404,0.057440,398.430891,0,0,0,0,benign,benign,0,0.37
netpbm__pamdeinterlace,ok,1065,961,5.791127,5.792243,0.547273,0.052146,336.686678,0,0,0,0,benign,benign,0,0.03
netpbm__pamdepth,ok,1337,1204,5.993843,5.969302,0.473331,0.070940,404.611547,0,0,0,0,benign,benign,0,0.03
netpbm__pamdice,ok,3401,3166,5.742713,5.800432,0.721764,0.094194,431.119366,0,0,0,0,benign,benign,0,0.12
netpbm__pamditherbw,ok,7221,6729,5.996872,6.054465,0.569251,0.100880,369.787124,0,0,0,0,benign,benign,0,0.51
netpbm__pamedge,ok,1619,1477,5.999764,5.919047,0.720753,0.060963,391.776585,0,0,0,0,benign,benign,0,0.06
netpbm__pamendian,ok,681,599,5.904616,5.904616,0.455516,0.136192,278.978845,0,1,1,0,packed,benign,1,0.02
netpbm__pamenlarge,ok,6107,5701,6.197017,6.160510,0.956046,0.160023,452.144974,0,1,1,0,packed,benign,1,0.20
netpbm__pamexec,ok,1188,1074,5.712336,5.672469,0.457681,0.044612,384.130381,0,0,0,0,benign,benign,0,0.03
netpbm__pamfile,ok,2587,2373,5.722627,5.827257,0.613432,0.187244,349.665175,0,1,1,0,packed,benign,1,0.08
netpbm__pamfind,ok,1849,1686,5.901606,5.831768,0.648956,0.126866,421.448878,0,1,1,0,packed,benign,1,0.06
netpbm__pamfix,ok,1911,1755,5.895909,5.872511,0.780279,0.133770,496.760373,0,1,1,0,packed,benign,1,0.08
netpbm__pamflip,ok,8692,8097,6.063415,6.151094,0.673701,0.097987,432.949517,0,0,0,0,benign,benign,0,0.50
netpbm__pamfunc,ok,3842,3554,5.707582,5.823658,0.628943,0.189773,333.783136,0,1,1,0,packed,benign,1,0.14
netpbm__pamgauss,ok,2526,2352,5.822938,5.812589,0.666474,0.124561,383.527913,0,1,1,0,packed,benign,1,0.08
netpbm__pamgetcolor,ok,3559,3287,5.952411,6.019593,0.835014,0.082717,554.881872,0,0,0,0,benign,benign,0,0.12
netpbm__pamgradient,ok,1630,1473,5.958926,5.956316,0.572187,0.047261,492.834794,0,0,0,0,benign,benign,0,0.05
netpbm__pamhomography,ok,6928,6574,5.834263,5.779845,0.753203,0.141260,452.037465,0,1,1,0,packed,benign,1,0.36
netpbm__pamhue,ok,1150,1048,5.861016,5.781680,0.433025,0.069084,327.491058,0,0,0,0,benign,benign,0,0.04
netpbm__pamlevels,ok,3854,3583,6.026749,5.892858,0.619718,0.067875,469.198268,0,0,0,0,benign,benign,0,0.25
netpbm__pamlookup,ok,2729,2500,5.753367,5.797312,0.561873,0.098631,426.721054,0,0,0,0,benign,benign,0,0.09
netpbm__pammasksharpen,ok,1721,1570,5.947733,5.932219,0.626092,0.067908,474.547115,0,0,0,0,benign,benign,0,0.05
netpbm__pammixinterlace,ok,2501,2316,6.091718,6.044013,0.552353,0.008939,428.231187,0,0,0,0,benign,benign,0,0.07
netpbm__pammixmulti,ok,3491,3228,5.980207,5.915154,0.590229,0.072009,433.300831,0,0,0,0,benign,benign,0,0.14
netpbm__pammosaicknit,ok,1673,1523,6.030702,6.023896,0.518721,0.072574,360.906925,0,0,0,0,benign,benign,0,0.06
netpbm__pamoil,ok,1225,1113,5.994654,5.970979,0.499032,0.020495,380.482738,0,0,0,0,benign,benign,0,0.05
netpbm__pampaintspill,ok,4427,4160,5.825253,5.784111,0.494064,0.075884,392.717935,0,0,0,0,benign,benign,0,0.17
netpbm__pamperspective,ok,12143,11511,5.936578,6.088853,0.604688,0.076856,387.340641,0,0,0,0,benign,benign,0,0.53
netpbm__pampick,ok,1348,1222,5.898593,5.824442,0.391851,0.066490,304.658340,0,0,0,0,benign,benign,0,0.05
netpbm__pampop9,ok,921,811,5.907599,5.907599,0.454090,0.155338,277.002882,0,1,1,0,packed,benign,1,0.03
netpbm__pamrecolor,ok,4469,4069,5.931588,5.880468,0.476705,0.026989,357.586452,0,0,0,0,benign,benign,0,0.17
netpbm__pamrestack,ok,2325,2138,6.073890,6.069006,0.508390,0.059610,406.726896,0,0,0,0,benign,benign,0,0.10
netpbm__pamrubber,ok,20788,19764,5.862380,6.186921,0.941746,0.090951,585.086042,0,0,0,0,benign,benign,0,1.45
netpbm__pamscale,ok,13498,12013,6.106964,6.076830,0.484402,0.077670,260.363594,0,0,0,0,benign,benign,0,0.83
netpbm__pamseq,ok,3223,2985,5.920557,5.930412,0.579926,0.043434,469.512958,0,0,0,0,benign,benign,0,0.12
netpbm__pamshadedrelief,ok,1497,1374,5.891080,5.681926,0.343584,-0.003684,271.629467,0,0,0,0,benign,benign,0,0.03
netpbm__pamsharpmap,ok,1702,1557,5.961427,6.007319,0.497451,0.063573,423.645742,0,0,0,0,benign,benign,0,0.05
netpbm__pamsharpness,ok,1081,976,5.913472,5.913205,0.412947,0.124338,293.150996,0,1,1,0,packed,benign,1,0.03
netpbm__pamshuffle,ok,1129,1027,5.810985,5.792388,0.621754,0.141178,434.688907,0,1,1,0,packed,benign,1,0.19
netpbm__pamsistoaglyph,ok,2773,2543,6.060400,5.979476,0.574034,0.073102,402.239258,0,0,0,0,benign,benign,0,0.09
netpbm__pamslice,ok,1609,1485,5.710235,5.631925,0.632610,0.069583,482.745787,0,0,0,0,benign,benign,0,0.07
netpbm__pamsplit,ok,1125,1024,5.782435,5.732475,0.479668,0.117225,400.084328,0,1,1,0,packed,benign,1,0.03
netpbm__pamstack,ok,1741,1610,5.933914,5.837348,0.494580,0.031891,429.348409,0,0,0,0,benign,benign,0,0.05
netpbm__pamstereogram,ok,12017,11201,6.065544,6.229915,0.556302,0.075692,411.232877,0,0,0,0,benign,benign,0,0.65
netpbm__pamstretch,ok,3387,3141,5.861064,5.753483,0.517408,0.024739,407.625135,0,0,0,0,benign,benign,0,0.14
netpbm__pamsumm,ok,1785,1634,5.746067,5.999185,0.639990,0.169352,352.371235,0,1,1,0,packed,benign,1,0.09
netpbm__pamsummcol,ok,2329,2135,5.942502,5.999887,0.709114,0.076331,457.424401,0,0,0,0,benign,benign,0,0.09
netpbm__pamtable,ok,1305,1198,5.765651,5.668934,0.672727,0.116022,523.823366,0,1,1,0,packed,benign,1,0.06
netpbm__pamthreshold,ok,4630,4294,5.959774,6.009657,0.865551,0.097508,476.008700,0,0,0,0,benign,benign,0,0.16
netpbm__pamtilt,ok,3673,3440,5.994453,6.001355,0.501724,0.056786,338.129152,0,0,0,0,benign,benign,0,0.13
netpbm__pamtoavs,ok,1593,1404,5.671934,5.587403,0.653269,0.042240,593.104756,0,0,0,0,benign,benign,0,0.07
netpbm__pamtodjvurle,ok,1851,1712,5.889965,5.783123,0.643871,0.096116,408.849392,0,0,0,0,benign,benign,0,0.09
netpbm__pamtofits,ok,2259,2111,5.879431,5.882476,0.432701,-0.016296,310.086486,0,0,0,0,benign,benign,0,0.07
netpbm__pamtogif,ok,7832,7222,5.973497,6.077694,0.711354,0.097976,495.041777,0,0,0,0,benign,benign,0,0.51
netpbm__pamtohdiff,ok,889,800,5.824159,5.824159,0.465000,0.096591,327.230106,0,0,0,0,benign,benign,0,0.04
netpbm__pamtohtmltbl,ok,2307,2101,5.986915,5.969165,0.576504,0.109615,413.105108,0,1,1,0,packed,benign,1,0.08
netpbm__pamtojpeg2k,ok,157430,145484,6.329607,6.295344,0.603638,0.067240,413.959185,0,0,0,0,benign,benign,0,48.81
netpbm__pamtompfont,ok,905,796,5.775822,5.775822,0.536633,-0.004170,369.848155,0,0,0,0,benign,benign,0,0.02
netpbm__pamtooctaveimg,ok,1759,1616,5.797045,5.685775,0.544978,0.099634,357.135588,0,0,0,0,benign,benign,0,0.10
netpbm__pamtopam,ok,553,491,5.669298,5.669298,0.494521,0.212299,218.761753,0,1,1,0,packed,benign,1,0.01
netpbm__pamtopdbimg,ok,5120,4686,6.089487,6.004895,0.640466,0.045976,458.813070,0,0,0,0,benign,benign,0,0.20
netpbm__pamtopfm,ok,1545,1404,5.945783,5.933293,0.579755,0.127928,412.702770,0,1,1,0,packed,benign,1,0.06
netpbm__pamtopng,ok,11459,10481,6.067775,6.023771,0.618317,0.067356,376.911729,0,0,0,0,benign,benign,0,0.78
netpbm__pamtopnm,ok,1001,910,5.778225,5.778225,0.467074,0.072225,386.633626,0,0,0,0,benign,benign,0,0.03
netpbm__pamtoqoi,ok,3049,2737,5.980198,5.971856,0.545095,0.121418,351.106916,0,1,1,0,packed,benign,1,0.13
netpbm__pamtosrf,ok,5945,5366,6.152734,6.087773,0.743078,0.047110,498.122310,0,0,0,0,benign,benign,0,0.28
netpbm__pamtosvg,ok,50124,46706,6.157903,6.216544,0.568238,0.045018,434.027162,0,0,0,0,benign,benign,0,8.55
netpbm__pamtotga,ok,5397,4975,5.944342,6.038674,0.689569,0.048313,489.574550,0,0,0,0,benign,benign,0,0.24
netpbm__pamtotiff,ok,10862,10129,5.824645,6.027117,0.609444,0.083742,400.165651,0,0,0,0,benign,benign,0,0.68
netpbm__pamtouil,ok,2745,2483,5.936690,5.991845,0.554063,0.033045,394.795763,0,0,0,0,benign,benign,0,0.15
netpbm__pamtowinicon,ok,6452,5965,6.152971,6.057609,0.621477,0.041100,501.709677,0,0,0,0,benign,benign,0,0.35
netpbm__pamtoxvmini,ok,1369,1258,5.834126,5.731835,0.662870,0.117306,410.630798,0,1,1,0,packed,benign,1,0.06
netpbm__pamtris,ok,11560,10619,6.158760,6.149069,0.616523,0.043810,452.632042,0,0,0,0,benign,benign,0,0.62
netpbm__pamundice,ok,4623,4246,5.920361,5.906376,0.701550,0.054937,465.094899,0,0,0,0,benign,benign,0,0.17
netpbm__pamunlookup,ok,1369,1257,5.906243,5.774427,0.490315,0.004864,375.743930,0,0,0,0,benign,benign,0,0.05
netpbm__pamvalidate,ok,921,822,5.797170,5.797170,0.420043,0.091007,241.441639,0,0,0,0,benign,benign,0,0.03
netpbm__pamwipeout,ok,1951,1795,6.091783,6.033717,0.514413,0.029879,325.094180,0,0,0,0,benign,benign,0,0.06
netpbm__pamx,ok,18942,17600,6.167263,6.125468,0.633920,0.078876,409.553648,0,0,0,0,benign,benign,0,1.80
netpbm__pbmclean,ok,3772,3529,6.055906,6.087592,0.667783,0.059128,459.710651,0,0,0,0,benign,benign,0,0.24
netpbm__pbmlife,ok,873,780,5.881152,5.881152,0.604375,0.118233,431.302096,0,1,1,0,packed,benign,1,0.04
netpbm__pbmmake,ok,1145,1025,5.769315,5.723880,0.469013,0.074838,334.465350,0,0,0,0,benign,benign,0,0.02
netpbm__pbmmask,ok,2559,2354,6.185185,6.070870,0.673903,0.062069,456.532842,0,0,0,0,benign,benign,0,0.15
netpbm__pbmminkowski,ok,1193,1063,6.010929,5.996403,0.514085,0.083583,331.847025,0,0,0,0,benign,benign,0,0.04
netpbm__pbmnoise,ok,2769,2551,5.827533,5.755913,0.593071,0.040997,411.079443,0,0,0,0,benign,benign,0,0.13
netpbm__pbmpage,ok,2572,2364,6.169277,6.146466,0.499379,-0.004397,356.108253,0,0,0,0,benign,benign,0,0.09
netpbm__pbmpscale,ok,2315,2112,6.108966,5.956941,0.725896,-0.037400,640.058209,0,0,0,0,benign,benign,0,0.09
netpbm__pbmreduce,ok,2596,2373,6.042701,6.063356,0.674695,0.088033,474.766231,0,0,0,0,benign,benign,0,0.11
netpbm__pbmtext,ok,9557,8759,6.047892,6.127904,0.594589,0.037478,429.057458,0,0,0,0,benign,benign,0,0.64
netpbm__pbmtextps,ok,4899,4475,5.718643,5.741051,0.587067,0.072373,425.312616,0,0,0,0,benign,benign,0,0.20
netpbm__pbmto10x,ok,2034,1850,6.029276,5.956251,0.606282,0.041500,436.603159,0,0,0,0,benign,benign,0,0.09
netpbm__pbmto4425,ok,1177,1068,5.949672,5.963873,0.373816,0.084838,298.799594,0,0,0,0,benign,benign,0,0.05
netpbm__pbmtoascii,ok,1317,1203,5.999674,5.936729,0.591284,0.045577,465.319325,0,0,0,0,benign,benign,0,0.04
netpbm__pbmtoatk,ok,1165,1045,5.909825,5.820922,0.460470,0.041590,348.876091,0,0,0,0,benign,benign,0,0.05
netpbm__pbmtobbnbg,ok,944,839,5.735786,5.735786,0.466997,0.064325,306.189398,0,0,0,0,benign,benign,0,0.04
netpbm__pbmtocis,ok,1289,1142,5.853632,5.797499,0.423004,-0.019297,324.244849,0,0,0,0,benign,benign,0,0.06
netpbm__pbmtocmuwm,ok,841,735,5.888560,5.888560,0.541099,0.092750,375.461487,0,0,0,0,benign,benign,0,0.04
netpbm__pbmtodjvurle,ok,956,851,5.934658,5.934658,0.482359,0.037692,294.529482,0,0,0,0,benign,benign,0,0.04
netpbm__pbmtoepsi,ok,1705,1565,6.119601,6.068304,0.455865,0.072478,330.512803,0,0,0,0,benign,benign,0,0.06
netpbm__pbmtoepson,ok,1993,1787,5.901165,5.893424,0.591345,0.039480,477.510528,0,0,0,0,benign,benign,0,0.07
netpbm__pbmtoescp2,ok,2169,2003,5.824205,5.730132,0.781486,0.080206,550.583255,0,0,0,0,benign,benign,0,0.12
netpbm__pbmtog3,ok,2846,2620,6.014450,6.002933,0.595182,0.045791,418.273307,0,0,0,0,benign,benign,0,0.10
netpbm__pbmtogem,ok,1791,1615,5.939463,5.752275,0.574757,0.107581,392.886826,0,1,1,0,packed,benign,1,0.09
netpbm__pbmtogo,ok,2058,1863,6.005001,6.108140,0.423839,-0.015366,350.969333,0,0,0,0,benign,benign,0,0.09
netpbm__pbmtoibm23xx,ok,1872,1710,5.907061,5.822064,0.573858,0.044535,507.236589,0,0,0,0,benign,benign,0,0.07
netpbm__pbmtolj,ok,3929,3594,5.909343,5.965803,0.541567,0.000798,394.986382,0,0,0,0,benign,benign,0,0.19
netpbm__pbmtoln03,ok,2004,1799,5.977119,5.822821,0.395717,0.036140,305.606727,0,0,0,0,benign,benign,0,0.06
netpbm__pbmtolps,ok,1913,1760,5.972872,5.772177,0.450339,0.017968,359.301721,0,0,0,0,benign,benign,0,0.07
netpbm__pbmtomacp,ok,2942,2697,6.032582,5.994152,0.568484,0.012538,429.621926,0,0,0,0,benign,benign,0,0.10
netpbm__pbmtomatrixorbital,ok,745,654,5.894194,5.894194,0.409243,0.136294,274.564758,0,1,1,0,packed,benign,1,0.03
netpbm__pbmtomda,ok,1433,1298,6.108026,6.121752,0.497652,0.012168,358.279143,0,0,0,0,benign,benign,0,0.07
netpbm__pbmtomgr,ok,793,707,5.884886,5.884886,0.556822,0.112064,372.347712,0,1,1,0,packed,benign,1,0.03
netpbm__pbmtomrf,ok,1928,1730,6.219907,6.156954,0.615487,0.002966,411.885379,0,0,0,0,benign,benign,0,0.09
netpbm__pbmtonokia,ok,3097,2842,6.083516,6.028056,0.442401,0.069901,293.372478,0,0,0,0,benign,benign,0,0.55
netpbm__pbmtopgm,ok,1209,1096,6.092559,6.073179,0.622480,0.028251,452.023485,0,0,0,0,benign,benign,0,0.06
netpbm__pbmtopi3,ok,841,751,5.870466,5.870466,0.453253,0.012899,290.325281,0,0,0,0,benign,benign,0,0.03
netpbm__pbmtopk,ok,11043,10147,6.203237,6.104147,0.521970,0.048514,375.956825,0,0,0,0,benign,benign,0,0.69
netpbm__pbmtoplot,ok,817,712,5.699279,5.699279,0.409235,0.085258,248.929548,0,0,0,0,benign,benign,0,0.04
netpbm__pbmtoppa,ok,12396,11237,6.182870,6.138221,0.611568,0.006461,452.742459,0,0,0,0,benign,benign,0,0.78
netpbm__pbmtopsg3,ok,1917,1760,6.077813,6.009797,0.400479,0.009845,288.897593,0,0,0,0,benign,benign,0,0.10
netpbm__pbmtoptx,ok,761,678,5.924941,5.924941,0.469605,0.150145,236.884229,0,1,1,0,packed,benign,1,0.03
netpbm__pbmtosunicon,ok,1113,1016,5.926780,5.930812,0.493019,0.060487,354.848893,0,0,0,0,benign,benign,0,0.05
netpbm__pbmtowbmp,ok,790,692,5.816457,5.816457,0.414686,0.021654,306.296076,0,0,0,0,benign,benign,0,0.03
netpbm__pbmtoxbm,ok,2649,2428,6.056478,6.020933,0.571246,0.112166,430.860769,0,1,1,0,packed,benign,1,0.09
netpbm__pbmtoybm,ok,777,683,5.968927,5.968927,0.438017,0.080495,308.886278,0,0,0,0,benign,benign,0,0.03
netpbm__pbmtozinc,ok,1033,924,5.838471,5.830308,0.500320,0.094553,421.683787,0,0,0,0,benign,benign,0,0.03
netpbm__pbmupc,ok,4482,4066,6.069714,5.960076,0.466241,0.051666,303.903511,0,0,0,0,benign,benign,0,0.25
netpbm__pc1toppm,ok,1161,1054,6.078698,6.086836,0.383124,0.067764,264.192388,0,0,0,0,benign,benign,0,0.05
netpbm__pcxtoppm,ok,4698,4335,6.200752,6.056619,0.585026,0.007705,524.792932,0,0,0,0,benign,benign,0,0.26
netpbm__pdbimgtopam,ok,5008,4564,6.185815,5.990599,0.558103,0.057860,458.581553,0,0,0,0,benign,benign,0,0.27
netpbm__pfmtopam,ok,2041,1823,5.924247,5.848942,0.470955,0.060533,383.616276,0,0,0,0,benign,benign,0,0.06
netpbm__pgmabel,ok,3911,3604,6.036937,5.949472,0.750432,0.061963,528.322850,0,0,0,0,benign,benign,0,0.17
netpbm__pgmbentley,ok,681,609,5.805132,5.805132,0.395433,0.100288,242.156073,0,0,0,0,benign,benign,0,0.03
netpbm__pgmdeshadow,ok,1625,1485,6.171692,6.132887,0.449764,0.056669,354.804407,0,0,0,0,benign,benign,0,0.05
netpbm__pgmenhance,ok,1145,1031,6.034143,6.017020,0.481081,0.021891,338.642703,0,0,0,0,benign,benign,0,0.05
netpbm__pgmhist,ok,3383,3118,6.054089,6.003448,0.628929,0.090615,380.758244,0,0,0,0,benign,benign,0,0.33
netpbm__pgmkernel,ok,1769,1622,6.032871,5.979821,0.477588,0.028962,362.130289,0,0,0,0,benign,benign,0,0.06
netpbm__pgmmake,ok,1017,907,5.796187,5.796187,0.455254,0.035634,373.633754,0,0,0,0,benign,benign,0,0.04
netpbm__pgmmedian,ok,4302,4007,5.971579,6.049034,0.545126,0.024983,388.129986,0,0,0,0,benign,benign,0,0.16
netpbm__pgmminkowski,ok,1991,1838,6.091002,5.952334,0.435272,0.019098,332.036029,0,0,0,0,benign,benign,0,0.06
netpbm__pgmmorphconv,ok,2985,2754,6.060735,6.002152,0.669246,0.039377,495.907808,0,0,0,0,benign,benign,0,0.09
netpbm__pgmnoise,ok,1609,1473,5.929415,5.886077,0.618632,0.056166,512.196229,0,0,0,0,benign,benign,0,0.04
netpbm__pgmramp,ok,1897,1745,5.798515,5.760122,0.671355,0.211787,331.401781,0,1,1,0,packed,benign,1,0.09
netpbm__pgmtexture,ok,12569,11812,6.254604,6.118596,0.437610,-0.012750,340.098254,0,0,0,0,benign,benign,0,0.71
netpbm__pgmtofs,ok,1184,1045,5.765986,5.779910,0.495388,0.100169,316.272583,0,0,0,0,benign,benign,0,0.05
netpbm__pgmtolispm,ok,1145,1029,5.889350,5.858756,0.476927,0.021191,366.151472,0,0,0,0,benign,benign,0,0.05
netpbm__pgmtopbm,ok,5897,5524,5.939589,5.964865,0.546301,0.093982,360.130549,0,0,0,0,benign,benign,0,0.33
netpbm__pgmtopgm,ok,505,441,5.509731,5.509731,0.389973,0.029686,228.395153,0,0,0,0,benign,benign,0,0.02
netpbm__pgmtoppm,ok,2057,1907,5.841635,5.787972,0.855972,0.039636,682.568482,0,0,0,0,benign,benign,0,0.06
netpbm__pgmtosbig,ok,878,787,5.721078,5.721078,0.474500,0.130418,230.232607,0,1,1,0,packed,benign,1,0.04
netpbm__pgmtost4,ok,857,782,5.663892,5.663892,0.524809,0.186322,402.388356,0,1,1,0,packed,benign,1,0.04
netpbm__pi1toppm,ok,745,662,5.825662,5.825662,0.507393,0.233591,235.871385,0,1,1,0,packed,benign,1,0.03
netpbm__pi3topbm,ok,873,773,5.773849,5.773849,0.354417,-0.029123,234.022408,0,0,0,0,benign,benign,0,0.03
netpbm__pjtoppm,ok,3379,3072,6.069810,5.936991,0.606822,0.084493,511.364524,0,0,0,0,benign,benign,0,0.16
netpbm__pktopbm,ok,5311,4761,6.128800,6.036742,0.549326,0.026886,351.528299,0,0,0,0,benign,benign,0,0.34
netpbm__pngtopam,ok,12380,11373,6.121952,6.023767,0.599571,0.095571,412.467398,0,0,0,0,benign,benign,0,0.95
netpbm__pnmalias,ok,4153,3817,5.987022,5.854475,0.613884,0.097839,458.945117,0,0,0,0,benign,benign,0,0.19
netpbm__pnmcolormap,ok,5859,5406,5.949705,6.093430,0.641469,0.070398,426.257859,0,0,0,0,benign,benign,0,0.22
netpbm__pnmconvol,ok,16875,15658,6.224709,6.186644,0.580294,0.023834,452.505872,0,0,0,0,benign,benign,0,1.25
netpbm__pnmcrop,ok,10221,9621,5.833685,5.826285,0.792492,0.118382,441.548713,0,1,1,0,packed,benign,1,0.56
netpbm__pnmgamma,ok,7047,6624,5.979105,5.818832,0.451590,0.047249,343.233803,0,0,0,0,benign,benign,0,0.23
netpbm__pnmhisteq,ok,3145,2922,6.010428,6.048972,0.712832,0.067027,435.925883,0,0,0,0,benign,benign,0,0.10
netpbm__pnmhistmap,ok,5391,5083,5.860993,5.900250,0.528333,0.052039,394.401137,0,0,0,0,benign,benign,0,0.19
netpbm__pnmindex,ok,4847,4451,5.741692,5.773206,0.552480,0.054489,371.693892,0,0,0,0,benign,benign,0,0.20
netpbm__pnminvert,ok,889,803,5.880066,5.880066,0.508463,0.034807,381.263422,0,0,0,0,benign,benign,0,0.04
netpbm__pnmmercator,ok,3353,3123,6.015958,5.935411,0.550692,0.007091,450.724646,0,0,0,0,benign,benign,0,0.11
netpbm__pnmmontage,ok,6297,5900,5.918358,6.069495,0.584512,0.027585,440.768236,0,0,0,0,benign,benign,0,0.22
netpbm__pnmnlfilt,ok,10103,9288,6.382270,6.289934,0.528223,0.010326,367.361522,0,0,0,0,benign,benign,0,0.53
netpbm__pnmnorm,ok,6313,5910,5.919060,6.019921,0.592467,0.061502,361.525701,0,0,0,0,benign,benign,0,0.29
netpbm__pnmpad,ok,7458,6889,6.005245,6.032500,0.933671,0.079569,610.618015,0,0,0,0,benign,benign,0,0.38
netpbm__pnmpaste,ok,3449,3198,5.865658,5.888005,0.726818,0.055521,533.433094,0,0,0,0,benign,benign,0,0.17
netpbm__pnmpsnr,ok,3769,3508,5.839968,5.817753,0.541444,0.116624,390.540244,0,1,1,0,packed,benign,1,0.13
netpbm__pnmremap,ok,6387,5927,5.922069,5.911839,0.559209,0.087982,429.041106,0,0,0,0,benign,benign,0,0.33
netpbm__pnmrotate,ok,5497,5178,6.068968,6.005514,0.811651,0.103337,516.111547,0,0,0,0,benign,benign,0,0.20
netpbm__pnmscalefixed,ok,5785,5389,5.927356,6.092281,0.561415,0.045706,406.553067,0,0,0,0,benign,benign,0,0.22
netpbm__pnmshear,ok,2151,1998,6.026277,5.946912,0.682860,0.094793,439.829122,0,0,0,0,benign,benign,0,0.11
netpbm__pnmsmooth,ok,1497,1366,5.803727,5.731874,0.588310,0.104766,503.175726,0,0,0,0,benign,benign,0,0.05
netpbm__pnmstitch,ok,13683,12720,6.230136,6.304783,0.631636,0.076212,432.923797,0,0,0,0,benign,benign,0,2.48
netpbm__pnmtile,ok,729,641,5.833978,5.833978,0.417602,0.018092,329.105132,0,0,0,0,benign,benign,0,0.02
netpbm__pnmtoddif,ok,3888,3599,5.908242,5.921621,0.475860,0.008450,364.173704,0,0,0,0,benign,benign,0,0.21
netpbm__pnmtofiasco,ok,120899,113738,6.330981,6.283376,0.622891,0.046118,459.288299,0,0,0,0,benign,benign,0,24.19
netpbm__pnmtojbig,ok,31787,29424,6.165884,6.124714,0.611600,0.045005,431.713161,0,0,0,0,benign,benign,0,7.44
netpbm__pnmtojpeg,ok,7582,7043,5.730172,5.816738,0.718051,0.126015,434.962965,0,1,1,0,packed,benign,1,0.47
netpbm__pnmtopalm,ok,9416,8658,5.971786,5.981634,0.715430,0.071688,512.624278,0,0,0,0,benign,benign,0,0.65
netpbm__pnmtopclxl,ok,9724,8940,5.838341,6.134861,0.516619,0.057569,326.083488,0,0,0,0,benign,benign,0,0.46
netpbm__pnmtopng,ok,23939,22279,5.991844,6.089459,0.603834,0.104845,444.994917,0,0,0,0,benign,benign,0,5.72
netpbm__pnmtops,ok,13719,12629,5.913341,5.948688,0.501654,0.064383,353.033021,0,0,0,0,benign,benign,0,0.78
netpbm__pnmtorast,ok,6205,5624,6.101284,5.923446,0.611290,0.041360,415.017984,0,0,0,0,benign,benign,0,0.26
netpbm__pnmtorle,ok,11704,10672,6.203959,6.252533,0.646829,0.126873,484.813728,0,1,1,0,packed,benign,1,1.10
netpbm__pnmtosgi,ok,2967,2695,6.021703,5.872889,0.579749,0.057937,486.169282,0,0,0,0,benign,benign,0,0.13
netpbm__pnmtosir,ok,1321,1208,5.994304,5.985253,0.543857,0.067754,405.174739,0,0,0,0,benign,benign,0,0.06
netpbm__pnmtotiffcmyk,ok,8494,7771,6.208803,6.101497,0.607194,0.106369,380.573449,0,1,1,0,packed,benign,1,0.38
netpbm__pnmtoxwd,ok,3273,3016,5.949870,5.981471,0.496446,-0.003348,407.796540,0,0,0,0,benign,benign,0,0.11
netpbm__ppm3d,ok,2241,2035,6.001237,5.819680,0.654841,0.091385,562.390361,0,0,0,0,benign,benign,0,0.08
netpbm__ppmchange,ok,1705,1591,5.965220,6.014344,0.614634,0.038936,487.299396,0,0,0,0,benign,benign,0,0.05
netpbm__ppmcie,ok,9255,8751,6.148722,5.984152,0.938052,0.065576,541.349022,0,0,0,0,benign,benign,0,0.58
netpbm__ppmcolormask,ok,1833,1667,5.805836,5.760234,0.635483,0.076931,480.101230,0,0,0,0,benign,benign,0,0.06
netpbm__ppmcolors,ok,569,500,5.484622,5.484622,0.335696,0.033810,196.270069,0,0,0,0,benign,benign,0,0.01
netpbm__ppmdcfont,ok,1817,1677,5.736090,5.690199,0.482709,0.032209,375.676365,0,0,0,0,benign,benign,0,0.05
netpbm__ppmddumpfont,ok,665,581,5.855707,5.855707,0.598582,0.106689,341.845117,0,1,1,0,packed,benign,1,0.02
netpbm__ppmdim,ok,745,655,5.840352,5.840352,0.532160,0.164487,381.901945,0,1,1,0,packed,benign,1,0.03
netpbm__ppmdist,ok,1191,1068,6.067042,6.067586,0.418039,0.115843,298.983410,0,1,1,0,packed,benign,1,0.05
netpbm__ppmdither,ok,2937,2737,5.814872,5.823402,0.680234,0.104353,422.741518,0,0,0,0,benign,benign,0,0.10
netpbm__ppmdmkfont,ok,809,713,5.773920,5.773920,0.677349,0.191022,382.964378,0,1,1,0,packed,benign,1,0.03
netpbm__ppmdraw,ok,5562,5049,5.974094,5.864896,0.506949,0.088114,346.716361,0,0,0,0,benign,benign,0,0.32
netpbm__ppmflash,ok,777,687,5.880269,5.880269,0.546732,0.101007,412.059368,0,0,0,0,benign,benign,0,0.03
netpbm__ppmforge,ok,11199,10608,5.957962,6.055885,0.606348,0.078262,392.777568,0,0,0,0,benign,benign,0,0.57
netpbm__ppmglobe,ok,1209,1105,6.039852,6.035175,0.472143,0.007863,388.919742,0,0,0,0,benign,benign,0,0.04
netpbm__ppmhist,ok,4370,4084,5.917575,5.971470,0.694184,0.200796,427.128181,0,1,1,0,packed,benign,1,0.16
netpbm__ppmlabel,ok,2929,2700,6.071594,5.846398,0.486998,0.010161,378.220300,0,0,0,0,benign,benign,0,0.15
netpbm__ppmmake,ok,809,716,5.727757,5.727757,0.665451,0.065148,421.923882,0,0,0,0,benign,benign,0,0.03
netpbm__ppmmix,ok,969,853,5.936649,5.936649,0.465208,0.039161,366.532689,0,0,0,0,benign,benign,0,0.04
netpbm__ppmntsc,ok,3369,3147,5.867915,5.891906,0.731907,0.095090,471.154044,0,0,0,0,benign,benign,0,0.12
netpbm__ppmpat,ok,13602,12737,6.093107,6.060050,0.614739,0.017544,441.832237,0,0,0,0,benign,benign,0,0.59
netpbm__ppmrelief,ok,1081,990,5.910741,5.901748,0.629595,0.105057,510.234259,0,1,1,0,benign,benign,0,0.05
netpbm__ppmrough,ok,4957,4686,5.972923,6.100611,0.541201,0.172340,391.137768,0,1,1,0,packed,benign,1,0.21
netpbm__ppmshift,ok,1129,1022,5.952208,5.941094,0.406236,0.017620,316.200082,0,0,0,0,benign,benign,0,0.05
netpbm__ppmspread,ok,1257,1147,5.944756,5.882336,0.639744,0.089461,454.309040,0,0,0,0,benign,benign,0,0.04
netpbm__ppmtoacad,ok,3616,3230,6.132115,6.037337,0.456421,0.017902,367.628055,0,0,0,0,benign,benign,0,0.16
netpbm__ppmtoapplevol,ok,729,651,5.772963,5.772963,0.513378,0.071087,320.765311,0,0,0,0,benign,benign,0,0.03
netpbm__ppmtoarbtxt,ok,5078,4618,6.096554,5.950641,0.519482,0.141874,383.581179,0,1,1,0,packed,benign,1,0.26
netpbm__ppmtoascii,ok,1913,1776,5.961598,5.829295,0.586141,-0.001228,453.287613,0,0,0,0,benign,benign,0,0.07
netpbm__ppmtobmp,ok,5644,5098,6.151574,6.000430,0.576748,0.036060,411.565259,0,0,0,0,benign,benign,0,0.25
netpbm__ppmtoeyuv,ok,4268,3935,6.205867,6.090119,0.698648,0.096784,447.720433,0,0,0,0,benign,benign,0,0.21
netpbm__ppmtogif,ok,2665,2485,5.546798,5.710446,0.671113,0.070407,536.352210,0,0,0,0,benign,benign,0,0.11
netpbm__ppmtoicr,ok,2345,2170,6.082853,6.095439,0.650258,0.037589,497.561735,0,0,0,0,benign,benign,0,0.19
netpbm__ppmtoilbm,ok,18486,16806,6.265634,6.327327,0.623123,0.010845,472.108154,0,0,0,0,benign,benign,0,2.83
netpbm__ppmtoleaf,ok,2233,1987,5.940833,5.932086,0.536568,0.098143,285.223733,0,0,0,0,benign,benign,0,0.12
netpbm__ppmtolj,ok,2137,1939,5.944080,5.896369,0.531140,0.023855,435.370308,0,0,0,0,benign,benign,0,0.09
netpbm__ppmtomitsu,ok,10082,9112,5.663496,5.745982,0.534164,0.012207,388.779149,0,0,0,0,benign,benign,0,1.15
netpbm__ppmtompeg,ok,142100,130561,6.367913,6.278926,0.813396,0.058877,471.024654,0,0,0,0,benign,benign,0,81.56
netpbm__ppmtoneo,ok,1097,979,5.979163,5.964637,0.572911,0.046350,420.928813,0,0,0,0,benign,benign,0,0.03
netpbm__ppmtopcx,ok,6595,6064,5.974730,6.060690,0.534100,0.060259,351.534689,0,0,0,0,benign,benign,0,0.32
netpbm__ppmtopgm,ok,937,860,5.852149,5.852149,0.676430,0.026989,527.388925,0,0,0,0,benign,benign,0,0.03
netpbm__ppmtopi1,ok,1033,926,5.975583,5.969167,0.529783,0.083842,371.680259,0,0,0,0,benign,benign,0,0.05
netpbm__ppmtopict,ok,2835,2590,5.986027,5.996662,0.551703,0.018031,446.124519,0,0,0,0,benign,benign,0,0.16
netpbm__ppmtopj,ok,2393,2192,5.917067,5.947977,0.466016,0.001878,351.762859,0,0,0,0,benign,benign,0,0.10
netpbm__ppmtopjxl,ok,4047,3654,6.094740,5.968134,0.547206,0.023482,394.231255,0,0,0,0,benign,benign,0,0.20
netpbm__ppmtoppm,ok,473,410,5.470210,5.470210,0.418365,-0.015865,257.624340,0,0,0,0,benign,benign,0,0.02
netpbm__ppmtopuzz,ok,905,805,5.925161,5.925161,0.511945,0.108326,380.334673,0,1,1,0,packed,benign,1,0.02
netpbm__ppmtorgb3,ok,1101,992,5.854337,5.845119,0.497239,0.090390,382.815724,0,0,0,0,benign,benign,0,0.05
netpbm__ppmtosixel,ok,1785,1613,5.988064,5.923895,0.470731,0.053711,378.839195,0,0,0,0,benign,benign,0,0.06
netpbm__ppmtospu,ok,3068,2846,6.092411,5.981554,0.489114,0.016722,390.361037,0,0,0,0,benign,benign,0,0.10
netpbm__ppmtoterm,ok,1129,1025,6.009662,6.000517,0.366870,0.030876,321.043107,0,0,0,0,benign,benign,0,0.02
netpbm__ppmtowinicon,ok,6915,6302,5.983954,6.033162,0.579448,0.056478,386.596438,0,0,0,0,benign,benign,0,0.45
netpbm__ppmtoxpm,ok,3457,3197,5.858656,5.807133,0.599505,0.004862,441.565336,0,0,0,0,benign,benign,0,0.13
netpbm__ppmtoyuv,ok,1033,952,6.104121,6.094613,0.729284,-0.022218,517.430810,0,0,0,0,benign,benign,0,0.05
netpbm__ppmtoyuvsplit,ok,2025,1850,5.754461,5.552583,0.518019,0.057680,445.060985,0,0,0,0,benign,benign,0,0.07
netpbm__ppmtv,ok,793,698,5.934692,5.934692,0.532109,0.109454,431.571887,0,1,1,0,packed,benign,1,0.06
netpbm__ppmwheel,ok,2233,2077,5.929263,5.774752,0.551481,0.088990,408.364720,0,0,0,0,benign,benign,0,0.08
netpbm__psidtopgm,ok,1237,1099,6.057023,5.961522,0.377579,0.033041,264.320426,0,0,0,0,benign,benign,0,0.04
netpbm__pstopnm,ok,7626,7108,5.749445,5.750819,0.618812,0.149630,430.088554,0,1,1,0,packed,benign,1,0.32
netpbm__qoitopam,ok,2495,2239,5.934436,5.906670,0.770394,0.148079,560.388727,0,1,1,0,packed,benign,1,0.13
netpbm__qrttoppm,ok,857,750,5.773573,5.773573,0.482672,0.070660,366.876383,0,0,0,0,benign,benign,0,0.05
netpbm__rasttopnm,ok,6669,6072,6.033440,5.933780,0.783898,0.124143,503.900402,0,1,1,0,packed,benign,1,0.32
netpbm__rawtopgm,ok,2265,2102,5.783521,6.023121,0.572575,0.113492,422.035958,0,1,1,0,packed,benign,1,0.10
netpbm__rawtoppm,ok,2569,2313,6.007933,5.901266,0.543156,0.055565,433.990757,0,0,0,0,benign,benign,0,0.10
netpbm__rgb3toppm,ok,937,835,5.819479,5.819479,0.438972,-0.002860,359.672655,0,0,0,0,benign,benign,0,0.03
netpbm__rlatopam,ok,2400,2167,6.189738,5.967457,0.561291,0.179905,411.720296,0,1,1,0,packed,benign,1,0.15
netpbm__rletopnm,ok,14525,13168,6.249244,6.163957,0.560682,0.099833,380.778465,0,0,0,0,benign,benign,0,2.68
netpbm__sbigtopgm,ok,1801,1620,5.965994,5.890306,0.556048,0.112194,450.332925,0,1,1,0,packed,benign,1,0.08
netpbm__sgitopnm,ok,4725,4292,6.100423,6.065374,0.616964,0.076476,483.308487,0,0,0,0,benign,benign,0,0.29
netpbm__sirtopnm,ok,1049,930,5.936334,5.941506,0.416247,0.083876,281.967699,0,0,0,0,benign,benign,0,0.05
netpbm__sldtoppm,ok,5029,4610,6.102027,5.903644,0.611874,0.111375,418.946001,0,1,1,0,packed,benign,1,0.25
netpbm__spctoppm,ok,1497,1350,6.251940,6.214274,0.541559,0.058932,392.656545,0,0,0,0,benign,benign,0,0.06
netpbm__spottopgm,ok,1673,1514,5.740826,5.695008,0.496476,0.029769,360.144806,0,0,0,0,benign,benign,0,0.06
netpbm__sputoppm,ok,889,790,6.032659,6.032659,0.320035,0.103865,218.721831,0,0,0,0,benign,benign,0,0.04
netpbm__srftopam,ok,5785,5181,6.141715,6.036883,0.682099,0.025314,466.222134,0,0,0,0,benign,benign,0,0.26
netpbm__st4topgm,ok,1429,1315,5.673310,5.415803,0.560038,0.260282,404.658176,0,1,1,0,packed,benign,1,0.06
netpbm__sunicontopnm,ok,1865,1652,5.919330,5.850742,0.614022,0.043186,521.391715,0,0,0,0,benign,benign,0,0.09
netpbm__svgtopam,ok,4016,3575,5.992444,5.848296,0.677306,0.081253,564.643422,0,0,0,0,benign,benign,0,0.19
netpbm__tgatoppm,ok,4542,4169,5.925192,5.885165,0.838875,0.055736,508.988072,0,0,0,0,benign,benign,0,0.29
netpbm__thinkjettopbm,ok,6645,6159,6.033527,5.941177,0.463596,0.074764,335.103912,0,0,0,0,benign,benign,0,1.28
netpbm__tifftopnm,ok,9454,8581,6.064591,6.020786,0.704207,0.066589,517.074887,0,0,0,0,benign,benign,0,0.53
netpbm__wbmptopbm,ok,1096,957,6.009322,5.931521,0.594493,0.079692,378.885298,0,0,0,0,benign,benign,0,0.04
netpbm__winicontopam,ok,8105,7489,6.086419,6.158886,0.741917,0.055903,483.941720,0,0,0,0,benign,benign,0,0.47
netpbm__winicontoppm,ok,6502,5921,6.140977,6.119447,0.638614,0.043089,486.527982,0,0,0,0,benign,benign,0,0.56
netpbm__xbmtopbm,ok,2002,1818,5.973366,5.920858,0.459652,0.067393,345.411043,0,0,0,0,benign,benign,0,0.06
netpbm__ximtoppm,ok,2667,2458,5.912605,5.889774,0.553191,0.090203,450.844496,0,0,0,0,benign,benign,0,0.14
netpbm__xpmtoppm,ok,5624,5118,6.047536,6.066916,0.686013,0.042703,556.222655,0,0,0,0,benign,benign,0,0.32
netpbm__xvminitoppm,ok,1289,1174,5.879226,5.821078,0.495124,0.090973,366.591264,0,0,0,0,benign,benign,0,0.06
netpbm__xwdtopnm,ok,7312,6687,6.067151,5.971741,0.867824,0.056289,537.762772,0,0,0,0,benign,benign,0,0.53
netpbm__ybmtopbm,ok,921,820,5.818897,5.818897,0.525467,0.055909,389.710384,0,0,0,0,benign,benign,0,0.04
netpbm__yuvsplittoppm,ok,2402,2169,5.942410,5.855484,0.716163,0.043656,434.998064,0,0,0,0,benign,benign,0,0.07
netpbm__yuvtoppm,ok,1241,1098,5.851557,5.824286,0.307553,0.016109,240.401992,0,0,0,0,benign,benign,0,0.02
netpbm__yuy2topam,ok,1427,1312,5.816979,5.734851,0.499566,0.051725,346.594917,0,0,0,0,benign,benign,0,0.04
netpbm__zeisstopnm,ok,1337,1194,5.937698,5.919523,0.555680,0.046771,396.188860,0,0,0,0,benign,benign,0,0.06
netr__netr,too_large:269489,0,0,NA,NA,NA,NA,NA,-1,-1,-1,-1,NA,NA,-1,0.00
ninja-build__ninja,ok,223057,205912,6.140282,6.242384,0.674586,0.054007,498.326355,0,0,0,0,benign,benign,0,131.85
nitrocli__nitrocli,too_large:374815,0,0,NA,NA,NA,NA,NA,-1,-1,-1,-1,NA,NA,-1,0.00
nmap__nmap,too_large:751006,0,0,NA,NA,NA,NA,NA,-1,-1,-1,-1,NA,NA,-1,0.00
nmap__nping,too_large:305346,0,0,NA,NA,NA,NA,NA,-1,-1,-1,-1,NA,NA,-1,0.00
nodejs__node,ok,8195,7368,2.372002,3.317108,0.432014,0.544554,1.763011,0,1,1,0,packed,benign,1,0.17
ocaml-base__ocamlrun,ok,165123,152127,6.258234,6.499245,0.566545,0.125470,352.003287,0,1,1,0,packed,benign,1,93.91
ocaml-base__ocamlrund,ok,184622,170274,6.248130,6.512543,0.618341,0.123389,381.447746,0,1,1,0,packed,benign,1,142.70
ocaml-base__ocamlruni,ok,169278,155877,6.252181,6.524533,0.586506,0.122507,346.139062,0,1,1,0,packed,benign,1,99.19
octave__octave,ok,9430,8424,5.864420,5.957895,0.588268,0.107588,374.321163,0,1,1,0,packed,benign,1,0.46
octave__octave-cli,ok,1340,1166,5.806264,5.611135,0.602736,0.133716,405.515995,0,1,1,0,packed,benign,1,0.05
openshift-imagebuilder__imagebuilder,too_large:4654792,0,0,NA,NA,NA,NA,NA,-1,-1,-1,-1,NA,NA,-1,0.00
openssh-client__scp,ok,196481,183746,6.100602,6.185501,0.520879,0.067302,333.778845,0,0,0,0,benign,benign,0,141.54
openssh-client__sftp,ok,204065,191162,6.097897,6.189404,0.511001,0.064664,320.028259,0,0,0,0,benign,benign,0,71.97
openssh-client__ssh,too_large:739905,0,0,NA,NA,NA,NA,NA,-1,-1,-1,-1,NA,NA,-1,0.00
openssh-client__ssh-add,too_large:305169,0,0,NA,NA,NA,NA,NA,-1,-1,-1,-1,NA,NA,-1,0.00
openssh-client__ssh-agent,too_large:266353,0,0,NA,NA,NA,NA,NA,-1,-1,-1,-1,NA,NA,-1,0.00
openssh-client__ssh-keygen,too_large:397585,0,0,NA,NA,NA,NA,NA,-1,-1,-1,-1,NA,NA,-1,0.00
openssh-client__ssh-keyscan,too_large:379825,0,0,NA,NA,NA,NA,NA,-1,-1,-1,-1,NA,NA,-1,0.00
openssl__openssl,too_large:412415,0,0,NA,NA,NA,NA,NA,-1,-1,-1,-1,NA,NA,-1,0.00
optipng__optipng,ok,51861,47591,6.212564,6.184443,0.523459,0.043064,400.051511,0,0,0,0,benign,benign,0,11.52
opus-tools__opusdec,ok,19491,17745,6.257591,6.252576,0.517804,0.060053,381.512253,0,0,0,0,benign,benign,0,3.73
opus-tools__opusenc,ok,25895,23838,6.189926,6.309980,0.542109,0.045702,386.677159,0,0,0,0,benign,benign,0,5.73
opus-tools__opusinfo,ok,14245,13054,6.276210,6.225697,0.775461,0.043737,533.825298,0,0,0,0,benign,benign,0,3.26
passwd__chage,ok,32126,29067,6.016549,6.118901,0.518940,0.054190,369.770196,0,0,0,0,benign,benign,0,7.40
passwd__chfn,ok,24190,21699,5.931201,5.855942,0.495767,0.029866,331.109047,0,0,0,0,benign,benign,0,5.01
passwd__chgpasswd,ok,28126,25454,5.979988,5.912223,0.501322,0.030239,353.676435,0,0,0,0,benign,benign,0,5.50
passwd__chpasswd,ok,24398,21993,5.932114,5.755867,0.514887,0.037648,352.281286,0,0,0,0,benign,benign,0,4.97
passwd__chsh,ok,19966,17900,5.892068,5.821535,0.503466,0.031425,329.165635,0,0,0,0,benign,benign,0,3.85
passwd__cppw,ok,24382,22097,5.998638,5.915027,0.481564,0.063197,316.510819,0,0,0,0,benign,benign,0,4.54
passwd__expiry,ok,7585,6787,5.939864,5.895628,0.518415,0.053079,299.741502,0,0,0,0,benign,benign,0,0.45
passwd__gpasswd,ok,39710,35813,5.948282,5.901099,0.487633,0.043678,336.258247,0,0,0,0,benign,benign,0,8.70
passwd__groupadd,ok,43406,39153,6.006435,6.053811,0.456815,0.054819,302.746951,0,0,0,0,benign,benign,0,8.89
passwd__groupdel,ok,38622,34791,5.996557,6.068407,0.493647,0.049660,309.144920,0,0,0,0,benign,benign,0,7.72
passwd__groupmems,ok,27118,24535,5.956777,5.918190,0.519602,0.054603,353.838559,0,0,0,0,benign,benign,0,5.49
passwd__groupmod,ok,44270,39955,6.009111,6.059905,0.475643,0.052260,312.598715,0,0,0,0,benign,benign,0,4.49
passwd__grpck,ok,27294,24611,5.978904,5.918282,0.547836,0.053715,365.085419,0,0,0,0,benign,benign,0,5.50
passwd__grpconv,ok,23742,21445,5.971763,5.878653,0.579968,0.049826,317.821708,0,0,0,0,benign,benign,0,4.53
passwd__grpunconv,ok,23582,21286,5.971855,5.880482,0.496534,0.031479,321.084696,0,0,0,0,benign,benign,0,4.49
passwd__newusers,ok,49102,44088,5.992366,6.050415,0.484629,0.044971,327.578174,0,0,0,0,benign,benign,0,6.66
passwd__passwd,ok,26462,23750,5.911922,5.795936,0.511755,0.036076,338.677259,0,0,0,0,benign,benign,0,5.29
passwd__pwck,ok,23422,21025,5.926644,5.769917,0.490669,0.031433,334.008217,0,0,0,0,benign,benign,0,4.97
passwd__pwconv,ok,20382,18365,5.908078,5.794365,0.511388,0.033805,352.916177,0,0,0,0,benign,benign,0,3.98
passwd__pwunconv,ok,19342,17414,5.902309,5.822327,0.494084,0.035731,334.806706,0,0,0,0,benign,benign,0,3.66
passwd__useradd,ok,78766,70856,6.071342,6.052493,0.554199,0.053537,357.760475,0,0,0,0,benign,benign,0,23.35
passwd__userdel,ok,51342,46413,5.999405,6.054036,0.513555,0.046605,338.256828,0,0,0,0,benign,benign,0,7.68
passwd__usermod,ok,72094,65122,6.065287,6.083902,0.513293,0.054155,351.455122,0,0,0,0,benign,benign,0,18.73
passwd__vipw,ok,27902,25176,5.974919,5.909231,0.505874,0.051998,343.171987,0,0,0,0,benign,benign,0,5.28
patch__patch,ok,123377,113228,6.284042,6.246004,0.610264,0.090026,419.486171,0,0,0,0,benign,benign,0,117.66
pciutils__lspci,ok,56424,51885,6.248623,6.149375,0.515960,0.031995,357.881589,0,0,0,0,benign,benign,0,19.02
pciutils__setpci,ok,6680,6164,6.043135,6.029048,0.549325,0.047724,420.634776,0,0,0,0,benign,benign,0,0.42
peg-go__peg-go,too_large:1492113,0,0,NA,NA,NA,NA,NA,-1,-1,-1,-1,NA,NA,-1,0.00
perl-base__perl,too_large:1650636,0,0,NA,NA,NA,NA,NA,-1,-1,-1,-1,NA,NA,-1,0.00
pleaser__please,too_large:1027876,0,0,NA,NA,NA,NA,NA,-1,-1,-1,-1,NA,NA,-1,0.00
pleaser__pleaseedit,too_large:1070796,0,0,NA,NA,NA,NA,NA,-1,-1,-1,-1,NA,NA,-1,0.00
podman-toolbox__toolbox,too_large:3384723,0,0,NA,NA,NA,NA,NA,-1,-1,-1,-1,NA,NA,-1,0.00
podman__podman,too_large:16346218,0,0,NA,NA,NA,NA,NA,-1,-1,-1,-1,NA,NA,-1,0.01
poppler-utils__pdfattach,ok,3203,2905,6.056220,6.057009,0.497861,0.072207,356.860917,0,0,0,0,benign,benign,0,0.38
poppler-utils__pdfdetach,ok,6146,5614,6.181118,6.157008,0.496459,0.025941,360.715929,0,0,0,0,benign,benign,0,0.74
poppler-utils__pdffonts,ok,4067,3713,6.129927,6.096938,0.580276,0.104238,371.572263,0,0,0,0,benign,benign,0,0.48
poppler-utils__pdfimages,ok,14400,13016,5.945669,6.108452,0.512433,0.128944,311.305562,0,1,1,0,packed,benign,1,2.48
poppler-utils__pdfinfo,ok,33491,30589,6.141040,6.097684,0.576138,0.039134,461.854934,0,0,0,0,benign,benign,0,5.35
poppler-utils__pdfseparate,ok,3907,3513,6.062847,6.075784,0.493274,0.044624,357.548593,0,0,0,0,benign,benign,0,0.46
poppler-utils__pdfsig,ok,10126,9252,6.064817,6.082296,0.620405,0.095414,412.934733,0,0,0,0,benign,benign,0,1.35
poppler-utils__pdftocairo,ok,80491,73440,6.137293,6.327195,0.549781,0.069487,357.115357,0,0,0,0,benign,benign,0,19.33
poppler-utils__pdftohtml,ok,60527,54855,6.145174,6.116417,0.572681,0.064279,414.134850,0,0,0,0,benign,benign,0,11.63
poppler-utils__pdftoppm,ok,10515,9617,6.090151,6.073056,0.486626,0.063860,319.023346,0,0,0,0,benign,benign,0,1.46
poppler-utils__pdftops,ok,8995,8203,6.091726,6.089942,0.558187,0.030059,350.690975,0,0,0,0,benign,benign,0,1.20
poppler-utils__pdftotext,ok,20371,18678,6.138370,6.071000,0.621261,0.040623,469.284242,0,0,0,0,benign,benign,0,4.59
poppler-utils__pdfunite,ok,14728,13355,6.046881,6.073682,0.527178,0.007113,405.759523,0,0,0,0,benign,benign,0,2.60
postgresql-client-15__clusterdb,ok,45019,40072,6.212115,6.180850,0.450061,0.060408,267.954038,0,0,0,0,benign,benign,0,8.90
postgresql-client-15__createdb,ok,45451,40371,6.203706,6.180745,0.455228,0.064746,271.077163,0,0,0,0,benign,benign,0,8.88
postgresql-client-15__createuser,ok,46107,40896,6.184718,6.199606,0.457442,0.060985,271.255073,0,0,0,0,benign,benign,0,8.90
postgresql-client-15__dropdb,ok,43515,38692,6.212556,6.200924,0.446439,0.061409,265.227530,0,0,0,0,benign,benign,0,8.35
postgresql-client-15__dropuser,ok,43323,38581,6.206773,6.123102,0.446643,0.066952,270.267965,0,0,0,0,benign,benign,0,8.31
postgresql-client-15__pg_amcheck,ok,57931,51495,6.199335,6.212800,0.473727,0.074681,308.058679,0,0,0,0,benign,benign,0,13.22
postgresql-client-15__pg_basebackup,ok,92318,82900,6.220637,6.234174,0.528391,0.073504,325.492147,0,0,0,0,benign,benign,0,25.17
postgresql-client-15__pg_config,ok,21051,18823,6.078370,6.081334,0.566165,0.088920,270.697701,0,0,0,0,benign,benign,0,4.18
postgresql-client-15__pg_dump,too_large:267403,0,0,NA,NA,NA,NA,NA,-1,-1,-1,-1,NA,NA,-1,0.00
postgresql-client-15__pg_dumpall,ok,63147,56070,6.188992,6.162689,0.494936,0.059451,321.218604,0,0,0,0,benign,benign,0,18.51
postgresql-client-15__pg_isready,ok,42875,38161,6.205539,6.132501,0.452687,0.065809,272.360574,0,0,0,0,benign,benign,0,8.07
postgresql-client-15__pg_receivewal,ok,55790,49898,6.111395,6.117807,0.580022,0.078508,331.308812,0,0,0,0,benign,benign,0,13.09
postgresql-client-15__pg_recvlogical,ok,54222,48588,6.121706,6.100642,0.580194,0.087375,328.174332,0,0,0,0,benign,benign,0,12.76
postgresql-client-15__pg_restore,ok,115659,104523,6.192834,6.269673,0.546437,0.076013,361.345280,0,0,0,0,benign,benign,0,46.93
postgresql-client-15__pg_verifybackup,ok,49668,44499,6.285250,6.291766,0.476849,0.068381,302.999996,0,0,0,0,benign,benign,0,9.71
postgresql-client-15__psql,too_large:389598,0,0,NA,NA,NA,NA,NA,-1,-1,-1,-1,NA,NA,-1,0.00
postgresql-client-15__reindexdb,ok,50187,44482,6.201668,6.199782,0.467510,0.068812,283.387000,0,0,0,0,benign,benign,0,10.23
postgresql-client-15__vacuumdb,ok,51419,45515,6.194303,6.196562,0.473738,0.072066,295.186303,0,0,0,0,benign,benign,0,10.79
process-viewer__process_viewer,too_large:944433,0,0,NA,NA,NA,NA,NA,-1,-1,-1,-1,NA,NA,-1,0.00
procps__free,ok,6542,5858,5.872617,5.916326,0.514546,0.046710,382.292785,0,0,0,0,benign,benign,0,0.30
procps__kill,ok,4272,3806,6.036588,5.914089,0.411494,0.049878,273.785358,0,0,0,0,benign,benign,0,0.14
procps__pgrep,ok,11182,10008,6.031224,5.939769,0.470385,0.058008,338.961730,0,0,0,0,benign,benign,0,0.85
procps__pmap,ok,12990,11712,5.916263,5.780481,0.592903,0.055451,376.138828,0,0,0,0,benign,benign,0,0.77
procps__ps,ok,63374,57391,6.106833,6.051320,0.524271,0.108132,332.947329,0,1,1,0,packed,benign,1,13.28
procps__pwdx,ok,1614,1433,5.801733,5.768405,0.364665,0.029075,225.598181,0,0,0,0,benign,benign,0,0.05
procps__skill,ok,8000,7154,6.002540,5.939212,0.464786,0.074764,311.690064,0,0,0,0,benign,benign,0,0.36
procps__slabtop,ok,5198,4704,5.887481,5.865599,0.472603,0.162025,267.405163,0,1,1,0,packed,benign,1,0.17
procps__sysctl,ok,9694,8574,6.003202,6.045108,0.479517,0.042043,327.629889,0,0,0,0,benign,benign,0,0.47
procps__tload,ok,3390,3058,5.987205,5.929480,0.440430,0.059320,279.997839,0,0,0,0,benign,benign,0,0.11
procps__top,ok,78558,71624,6.198259,6.214386,0.516681,0.085052,356.935419,0,0,0,0,benign,benign,0,23.71
procps__uptime,ok,1422,1267,5.776278,5.769012,0.374368,0.021649,239.918625,0,0,0,0,benign,benign,0,0.04
procps__vmstat,ok,15422,14012,5.999172,5.879035,0.445137,0.054769,311.468093,0,0,0,0,benign,benign,0,0.86
procps__w,ok,5950,5343,6.112243,6.124187,0.608119,0.078265,407.323041,0,0,0,0,benign,benign,0,0.30
procps__watch,ok,9102,7760,5.915071,5.899449,0.555803,0.080842,288.267789,0,0,0,0,benign,benign,0,0.49
prometheus-alertmanager__amtool,too_large:8470579,0,0,NA,NA,NA,NA,NA,-1,-1,-1,-1,NA,NA,-1,0.00
prometheus-alertmanager__prometheus-alertmanager,too_large:11145861,0,0,NA,NA,NA,NA,NA,-1,-1,-1,-1,NA,NA,-1,0.00
prometheus-blackbox-exporter__prometheus-blackbox-exporter,too_large:6711827,0,0,NA,NA,NA,NA,NA,-1,-1,-1,-1,NA,NA,-1,0.00
prometheus-node-exporter__prometheus-node-exporter,too_large:6670899,0,0,NA,NA,NA,NA,NA,-1,-1,-1,-1,NA,NA,-1,0.00
prometheus-pushgateway__prometheus-pushgateway,too_large:5296083,0,0,NA,NA,NA,NA,NA,-1,-1,-1,-1,NA,NA,-1,0.00
prometheus__prometheus,too_large:22153093,0,0,NA,NA,NA,NA,NA,-1,-1,-1,-1,NA,NA,-1,0.01
prometheus__promtool,too_large:21254883,0,0,NA,NA,NA,NA,NA,-1,-1,-1,-1,NA,NA,-1,0.01
protobuf-codegen__protobuf-bin-gen-rust-do-not-use,too_large:1092497,0,0,NA,NA,NA,NA,NA,-1,-1,-1,-1,NA,NA,-1,0.00
protobuf-codegen__protoc-gen-rust,too_large:1183233,0,0,NA,NA,NA,NA,NA,-1,-1,-1,-1,NA,NA,-1,0.00
protobuf-compiler__protoc,ok,4371,4056,5.326335,5.404813,1.063587,0.130924,822.363440,1,1,1,1,packed,benign,1,0.15
protoc-gen-go-1-3__protoc-gen-go,too_large:1808357,0,0,NA,NA,NA,NA,NA,-1,-1,-1,-1,NA,NA,-1,0.00
protoc-gen-go-1-5__protoc-gen-go,too_large:2989548,0,0,NA,NA,NA,NA,NA,-1,-1,-1,-1,NA,NA,-1,0.00
protoc-gen-go-grpc__protoc-gen-go-grpc,too_large:2871724,0,0,NA,NA,NA,NA,NA,-1,-1,-1,-1,NA,NA,-1,0.00
protoc-gen-go__protoc-gen-go,too_large:2962668,0,0,NA,NA,NA,NA,NA,-1,-1,-1,-1,NA,NA,-1,0.00
protoc-gen-yarpc__protoc-gen-yarpc,too_large:2934385,0,0,NA,NA,NA,NA,NA,-1,-1,-1,-1,NA,NA,-1,0.00
proton-caller__proton-call,too_large:375345,0,0,NA,NA,NA,NA,NA,-1,-1,-1,-1,NA,NA,-1,0.00
psmisc__fuser,ok,17678,16106,6.073184,6.038042,0.548043,0.023707,389.249651,0,0,0,0,benign,benign,0,3.72
psmisc__killall,ok,8037,7246,5.991512,5.971328,0.605953,0.019662,431.348739,0,0,0,0,benign,benign,0,0.80
psmisc__peekfd,ok,2718,2480,5.702829,5.786276,0.463437,0.063171,317.408284,0,0,0,0,benign,benign,0,0.10
psmisc__prtstat,ok,4431,4045,5.887240,5.790698,0.492681,0.094329,273.095126,0,0,0,0,benign,benign,0,0.16
psmisc__pslog,ok,1123,1005,5.581230,5.599890,0.447144,0.146345,328.505643,0,1,1,0,packed,benign,1,0.03
psmisc__pstree,ok,12378,11321,6.060060,6.141651,0.507318,0.025697,363.744123,0,0,0,0,benign,benign,0,0.90
pulldown-cmark__pulldown-cmark,too_large:412897,0,0,NA,NA,NA,NA,NA,-1,-1,-1,-1,NA,NA,-1,0.00
qbittorrent-nox__qbittorrent-nox,too_large:1810272,0,0,NA,NA,NA,NA,NA,-1,-1,-1,-1,NA,NA,-1,0.00
qtbase5-dev-tools__moc,too_large:511358,0,0,NA,NA,NA,NA,NA,-1,-1,-1,-1,NA,NA,-1,0.00
qtbase5-dev-tools__qdbuscpp2xml,ok,204056,186459,6.203857,6.253232,0.626966,0.033131,500.119339,0,0,0,0,benign,benign,0,219.67
qtbase5-dev-tools__qdbusxml2cpp,ok,46870,42013,5.958046,5.925435,0.617515,0.011664,529.470603,0,0,0,0,benign,benign,0,11.10
qtbase5-dev-tools__qlalr,ok,98684,89916,6.161135,6.179629,0.591783,0.011490,489.609221,0,0,0,0,benign,benign,0,29.59
qtbase5-dev-tools__qvkgen,ok,18004,16139,6.022424,6.105427,0.716693,0.021824,526.281342,0,0,0,0,benign,benign,0,3.01
qtbase5-dev-tools__rcc,too_large:394734,0,0,NA,NA,NA,NA,NA,-1,-1,-1,-1,NA,NA,-1,0.00
qtbase5-dev-tools__tracegen,ok,259742,236324,6.296163,6.280591,0.689703,0.058570,455.907883,0,0,0,0,benign,benign,0,135.66
qtbase5-dev-tools__uic,too_large:316300,0,0,NA,NA,NA,NA,NA,-1,-1,-1,-1,NA,NA,-1,0.00
qttools5-dev-tools__designer,ok,245717,224417,6.166804,6.145815,0.581373,0.043188,461.232550,0,0,0,0,benign,benign,0,188.35
qttools5-dev-tools__lconvert,ok,209430,189824,6.062086,6.120993,0.627816,0.046834,501.881539,0,0,0,0,benign,benign,0,103.72
qttools5-dev-tools__linguist,too_large:837935,0,0,NA,NA,NA,NA,NA,-1,-1,-1,-1,NA,NA,-1,0.00
qttools5-dev-tools__lprodump,ok,208917,191129,6.126096,6.207656,0.607122,0.038908,482.275308,0,0,0,0,benign,benign,0,136.78
qttools5-dev-tools__lrelease,ok,229446,208465,6.067617,6.126868,0.632961,0.046376,506.207640,0,0,0,0,benign,benign,0,97.71
qttools5-dev-tools__lrelease-pro,ok,8445,7616,6.068332,6.042763,0.566172,0.038296,458.311587,0,0,0,0,benign,benign,0,0.61
qttools5-dev-tools__lupdate,too_large:558376,0,0,NA,NA,NA,NA,NA,-1,-1,-1,-1,NA,NA,-1,0.00
qttools5-dev-tools__lupdate-pro,ok,6381,5786,5.964227,5.908947,0.629434,0.025302,541.238057,0,0,0,0,benign,benign,0,1.17
qttools5-dev-tools__pixeltool,ok,22951,20625,6.049047,6.048682,0.714858,0.018707,491.737303,0,0,0,0,benign,benign,0,4.73
qttools5-dev-tools__qcollectiongenerator,ok,553,484,5.732570,5.732570,0.901510,0.218559,446.181903,0,1,1,0,packed,benign,1,0.02
qttools5-dev-tools__qdbusviewer,ok,49130,44010,5.961651,6.045108,0.605375,0.019163,468.004453,0,0,0,0,benign,benign,0,14.45
qttools5-dev-tools__qdistancefieldgenerator,ok,54578,49317,6.144078,6.203686,0.594548,0.028976,462.084610,0,0,0,0,benign,benign,0,13.07
qttools5-dev-tools__qtdiag,ok,33328,29462,5.958762,6.120390,0.506533,0.002738,409.048780,0,0,0,0,benign,benign,0,7.45
qttools5-dev-tools__qtpaths,ok,9541,8750,5.899427,5.921549,0.580776,-0.003132,521.781577,0,0,0,0,benign,benign,0,0.67
qttools5-dev-tools__qtplugininfo,ok,6006,5454,5.798933,5.847922,0.749112,0.070438,545.627957,0,0,0,0,benign,benign,0,0.33
rav1e__rav1e,too_large:2896244,0,0,NA,NA,NA,NA,NA,-1,-1,-1,-1,NA,NA,-1,0.00
rclone__rclone,too_large:20111400,0,0,NA,NA,NA,NA,NA,-1,-1,-1,-1,NA,NA,-1,0.01
redis-tools__redis-benchmark,ok,103489,94598,6.240612,6.227732,0.511052,0.083915,351.347954,0,0,0,0,benign,benign,0,26.83
redis-tools__redis-check-aof,too_large:1137553,0,0,NA,NA,NA,NA,NA,-1,-1,-1,-1,NA,NA,-1,0.00
redis-tools__redis-cli,ok,178846,163650,6.250564,6.137356,0.540229,0.076749,390.320971,0,0,0,0,benign,benign,0,82.84
resource-proof__resource_proof,too_large:662193,0,0,NA,NA,NA,NA,NA,-1,-1,-1,-1,NA,NA,-1,0.00
restic__restic,too_large:9104835,0,0,NA,NA,NA,NA,NA,-1,-1,-1,-1,NA,NA,-1,0.00
ripasso-cursive__ripasso-cursive,too_large:6152940,0,0,NA,NA,NA,NA,NA,-1,-1,-1,-1,NA,NA,-1,0.00
ripgrep__rg,too_large:2829233,0,0,NA,NA,NA,NA,NA,-1,-1,-1,-1,NA,NA,-1,0.00
ripper__ripper,too_large:656508,0,0,NA,NA,NA,NA,NA,-1,-1,-1,-1,NA,NA,-1,0.00
rsync__rsync,too_large:354819,0,0,NA,NA,NA,NA,NA,-1,-1,-1,-1,NA,NA,-1,0.00
rsyslog__rsyslogd,too_large:394479,0,0,NA,NA,NA,NA,NA,-1,-1,-1,-1,NA,NA,-1,0.00
ruby3.1__ruby3.1,ok,361,307,5.284793,5.284793,0.381589,0.192141,181.424946,0,1,1,0,packed,benign,1,0.01
runc__runc,too_large:4190373,0,0,NA,NA,NA,NA,NA,-1,-1,-1,-1,NA,NA,-1,0.00
runsc__runsc,too_large:10369624,0,0,NA,NA,NA,NA,NA,-1,-1,-1,-1,NA,NA,-1,0.00
rust-coreutils__coreutils,too_large:7756972,0,0,NA,NA,NA,NA,NA,-1,-1,-1,-1,NA,NA,-1,0.00
rust-markdown__rust-markdown,too_large:826017,0,0,NA,NA,NA,NA,NA,-1,-1,-1,-1,NA,NA,-1,0.00
rustc__rustc,ok,362,310,5.159989,5.159989,0.388205,0.270799,131.571607,0,1,1,0,packed,benign,1,0.01
rustc__rustdoc,too_large:4540540,0,0,NA,NA,NA,NA,NA,-1,-1,-1,-1,NA,NA,-1,0.00
rustdoc-stripper__rustdoc-stripper,too_large:360625,0,0,NA,NA,NA,NA,NA,-1,-1,-1,-1,NA,NA,-1,0.00
rustfilt__rustfilt,too_large:1078713,0,0,NA,NA,NA,NA,NA,-1,-1,-1,-1,NA,NA,-1,0.00
rusty-tags__rusty-tags,too_large:1013649,0,0,NA,NA,NA,NA,NA,-1,-1,-1,-1,NA,NA,-1,0.00
scep__scepclient,too_large:2590410,0,0,NA,NA,NA,NA,NA,-1,-1,-1,-1,NA,NA,-1,0.00
scep__scepserver,too_large:2586256,0,0,NA,NA,NA,NA,NA,-1,-1,-1,-1,NA,NA,-1,0.00
screen__screen,too_large:345005,0,0,NA,NA,NA,NA,NA,-1,-1,-1,-1,NA,NA,-1,0.00
sd__sd,too_large:1135637,0,0,NA,NA,NA,NA,NA,-1,-1,-1,-1,NA,NA,-1,0.00
sed__sed,ok,78334,71458,6.213834,6.154372,0.630840,0.088920,409.606312,0,0,0,0,benign,benign,0,35.35
serf__serf,too_large:4190229,0,0,NA,NA,NA,NA,NA,-1,-1,-1,-1,NA,NA,-1,0.00
sha1cdsum__sha1cdsum,too_large:656145,0,0,NA,NA,NA,NA,NA,-1,-1,-1,-1,NA,NA,-1,0.00
shfmt__shfmt,too_large:1367962,0,0,NA,NA,NA,NA,NA,-1,-1,-1,-1,NA,NA,-1,0.00
siftool__siftool,too_large:1528131,0,0,NA,NA,NA,NA,NA,-1,-1,-1,-1,NA,NA,-1,0.00
skopeo__skopeo,too_large:7937884,0,0,NA,NA,NA,NA,NA,-1,-1,-1,-1,NA,NA,-1,0.00
slirp4netns__slirp4netns,ok,36081,32693,6.096379,6.169672,0.569717,0.104050,382.321266,0,0,0,0,benign,benign,0,6.84
smartmontools__smartctl,too_large:382617,0,0,NA,NA,NA,NA,NA,-1,-1,-1,-1,NA,NA,-1,0.00
smartmontools__smartd,ok,260249,237183,6.260901,6.305711,0.778928,0.110560,444.689587,0,1,1,0,packed,benign,1,101.44
snapd__snap,too_large:6611770,0,0,NA,NA,NA,NA,NA,-1,-1,-1,-1,NA,NA,-1,0.00
sniffglue__sniffglue,too_large:1715201,0,0,NA,NA,NA,NA,NA,-1,-1,-1,-1,NA,NA,-1,0.00
socat__filan,ok,42958,39154,6.149511,6.125319,0.536598,0.088057,338.773755,0,0,0,0,benign,benign,0,11.72
socat__procan,ok,35678,32459,6.143570,6.119483,0.501830,0.088571,328.584597,0,0,0,0,benign,benign,0,9.33
socat__socat,ok,176974,161839,6.140858,6.142238,0.608392,0.068158,413.877136,0,0,0,0,benign,benign,0,127.02
sox__sox,ok,32478,29668,6.205895,6.117218,0.557116,0.054953,412.494722,0,0,0,0,benign,benign,0,7.66
sq-keyring-linter__sq-keyring-linter,too_large:1986961,0,0,NA,NA,NA,NA,NA,-1,-1,-1,-1,NA,NA,-1,0.00
sq-wot__sq-wot,too_large:2929473,0,0,NA,NA,NA,NA,NA,-1,-1,-1,-1,NA,NA,-1,0.00
sq__sq,too_large:6472657,0,0,NA,NA,NA,NA,NA,-1,-1,-1,-1,NA,NA,-1,0.00
sql-migrate__sql-migrate,too_large:3732963,0,0,NA,NA,NA,NA,NA,-1,-1,-1,-1,NA,NA,-1,0.00
sqlite3__sqlite3,ok,183062,166792,6.296671,6.310259,0.618294,0.062430,452.744785,0,0,0,0,benign,benign,0,64.00
sqop__sqop,too_large:2645441,0,0,NA,NA,NA,NA,NA,-1,-1,-1,-1,NA,NA,-1,0.00
squashfs-tools__mksquashfs,ok,166881,153158,6.254055,6.243585,0.566361,0.050469,415.614071,0,0,0,0,benign,benign,0,114.73
squashfs-tools__unsquashfs,ok,82337,75103,6.186320,6.153002,0.582654,0.075289,404.321521,0,0,0,0,benign,benign,0,26.98
sqv__sqv,too_large:1788497,0,0,NA,NA,NA,NA,NA,-1,-1,-1,-1,NA,NA,-1,0.00
stargz-snapshotter__ctr-remote,too_large:9763029,0,0,NA,NA,NA,NA,NA,-1,-1,-1,-1,NA,NA,-1,0.01
strace__strace,too_large:645806,0,0,NA,NA,NA,NA,NA,-1,-1,-1,-1,NA,NA,-1,0.00
subversion__svn,ok,140862,128589,6.106981,6.074878,0.616263,0.056882,457.286176,0,0,0,0,benign,benign,0,36.94
subversion__svnadmin,ok,23075,20622,6.001517,5.892586,0.575696,0.078756,403.638615,0,0,0,0,benign,benign,0,4.43
subversion__svnauthz,ok,4223,3839,6.108800,5.946872,0.534321,0.051712,404.034567,0,0,0,0,benign,benign,0,0.18
subversion__svnbench,ok,17921,16184,6.014878,5.963165,0.611684,0.088757,422.448235,0,0,0,0,benign,benign,0,0.84
subversion__svndumpfilter,ok,9219,8302,6.055787,6.018613,0.645139,0.017606,449.991898,0,0,0,0,benign,benign,0,1.63
subversion__svnfsfs,ok,9158,8283,6.054024,6.107003,0.580690,0.047275,361.396072,0,0,0,0,benign,benign,0,0.60
subversion__svnlook,ok,20231,18362,6.037730,6.021114,0.647964,0.031317,471.569523,0,0,0,0,benign,benign,0,4.19
subversion__svnmucc,ok,6157,5594,5.889202,5.847361,0.542211,0.124057,385.949641,0,1,1,0,packed,benign,1,0.32
subversion__svnrdump,ok,14641,13239,6.062817,6.004120,0.547017,0.085391,404.465934,0,0,0,0,benign,benign,0,0.88
subversion__svnserve,ok,45168,41128,6.040845,6.031977,0.614267,0.044769,458.693790,0,0,0,0,benign,benign,0,10.04
subversion__svnsync,ok,17356,15624,6.012488,5.888823,0.581144,0.064525,408.741443,0,0,0,0,benign,benign,0,1.21
subversion__svnversion,ok,2316,2108,5.826333,5.717306,0.586790,0.049047,402.302871,0,0,0,0,benign,benign,0,0.07
sudo__cvtsudoers,ok,190791,176213,6.322370,6.241301,0.559246,0.068541,395.600456,0,0,0,0,benign,benign,0,68.68
sudo__sudo,ok,180853,164354,6.205176,6.227773,0.596780,0.054927,405.183100,0,0,0,0,benign,benign,0,88.11
sudo__sudo_logsrvd,ok,155733,141197,6.183919,6.209645,0.562540,0.066861,363.196099,0,0,0,0,benign,benign,0,56.49
sudo__sudo_sendlog,ok,87061,79142,6.180532,6.239827,0.637866,0.080843,397.458896,0,0,0,0,benign,benign,0,20.01
sudo__sudoreplay,ok,60558,55045,6.113160,6.106120,0.565253,0.049104,398.285538,0,0,0,0,benign,benign,0,14.39
sudo__visudo,ok,122744,112488,6.286407,6.176566,0.557612,0.076677,372.509527,0,0,0,0,benign,benign,0,34.78
suffixfsm__suffixfsm,too_large:658508,0,0,NA,NA,NA,NA,NA,-1,-1,-1,-1,NA,NA,-1,0.00
suffixfsm__switchvsmap,too_large:528010,0,0,NA,NA,NA,NA,NA,-1,-1,-1,-1,NA,NA,-1,0.00
syncthing__syncthing,too_large:9869395,0,0,NA,NA,NA,NA,NA,-1,-1,-1,-1,NA,NA,-1,0.00
sysstat__cifsiostat,ok,6655,6077,5.973237,5.853519,0.561518,0.128004,337.940964,0,1,1,0,packed,benign,1,0.33
sysstat__iostat,ok,31330,29073,6.133225,6.044295,0.548082,0.058274,404.126895,0,0,0,0,benign,benign,0,4.38
sysstat__mpstat,ok,27123,25090,6.298875,6.223092,0.504975,0.061617,371.411061,0,0,0,0,benign,benign,0,3.12
sysstat__pidstat,ok,28813,26229,6.164025,6.078632,0.666002,0.097257,428.439489,0,0,0,0,benign,benign,0,8.11
sysstat__sadf,too_large:287722,0,0,NA,NA,NA,NA,NA,-1,-1,-1,-1,NA,NA,-1,0.00
sysstat__sar.sysstat,ok,87926,81308,6.223752,6.171150,0.518091,0.065808,330.501404,0,0,0,0,benign,benign,0,26.60
sysstat__tapestat,ok,11262,10326,6.120313,5.884140,0.585679,0.047914,339.205059,0,0,0,0,benign,benign,0,0.73
tar-split__tar-split,too_large:1722323,0,0,NA,NA,NA,NA,NA,-1,-1,-1,-1,NA,NA,-1,0.00
tar__rmt-tar,ok,33732,30381,6.200347,6.152031,0.490350,0.049665,358.009578,0,0,0,0,benign,benign,0,3.58
tar__tar,too_large:358126,0,0,NA,NA,NA,NA,NA,-1,-1,-1,-1,NA,NA,-1,0.00
task-spooler__tsp,ok,32641,29714,6.027461,5.947751,0.529482,0.063067,396.715607,0,0,0,0,benign,benign,0,6.44
tcpdump__tcpdump,too_large:662492,0,0,NA,NA,NA,NA,NA,-1,-1,-1,-1,NA,NA,-1,0.00
tcsh__tcsh,too_large:303375,0,0,NA,NA,NA,NA,NA,-1,-1,-1,-1,NA,NA,-1,0.00
tealdeer__tldr,too_large:2633073,0,0,NA,NA,NA,NA,NA,-1,-1,-1,-1,NA,NA,-1,0.00
terminfo__go-infocmp,too_large:677491,0,0,NA,NA,NA,NA,NA,-1,-1,-1,-1,NA,NA,-1,0.00
tesseract-ocr__ambiguous_words,ok,4461,3936,6.034404,5.937204,0.543769,0.014797,346.723959,0,0,0,0,benign,benign,0,0.19
tesseract-ocr__classifier_tester,ok,92806,84021,6.237333,6.278143,0.634507,0.042821,440.109872,0,0,0,0,benign,benign,0,13.59
tesseract-ocr__cntraining,ok,93062,84281,6.237383,6.263640,0.636333,0.034434,439.127014,0,0,0,0,benign,benign,0,13.29
tesseract-ocr__combine_lang_model,ok,65381,58452,6.110157,6.037355,0.684762,0.044802,432.318782,0,0,0,0,benign,benign,0,8.91
tesseract-ocr__combine_tessdata,ok,5681,5109,5.996359,5.966227,0.504166,0.041519,363.173550,0,0,0,0,benign,benign,0,0.23
tesseract-ocr__dawg2wordlist,ok,2177,1961,5.892990,5.770091,0.501993,0.140044,381.128416,0,1,1,0,packed,benign,1,0.05
tesseract-ocr__lstmeval,ok,180022,163683,6.213213,6.304480,0.686257,0.053524,455.117609,0,0,0,0,benign,benign,0,55.79
tesseract-ocr__lstmtraining,ok,184838,168273,6.218700,6.286454,0.667036,0.054009,458.594580,0,0,0,0,benign,benign,0,53.72
tesseract-ocr__merge_unicharsets,ok,1149,1011,5.761096,5.719635,0.489982,0.121848,350.537916,0,1,1,0,packed,benign,1,0.03
tesseract-ocr__mftraining,ok,97798,88393,6.246148,6.275735,0.630556,0.042437,440.483670,0,0,0,0,benign,benign,0,14.24
tesseract-ocr__set_unicharset_properties,ok,130037,117504,6.235558,6.271486,0.635520,0.044186,442.352296,0,0,0,0,benign,benign,0,19.29
tesseract-ocr__shapeclustering,ok,92502,83686,6.237978,6.238780,0.686375,0.042802,439.503015,0,0,0,0,benign,benign,0,24.53
tesseract-ocr__tesseract,ok,13591,11813,6.018263,6.051855,0.505320,0.052574,345.134113,0,0,0,0,benign,benign,0,0.72
tesseract-ocr__text2image,ok,219686,198271,6.264721,6.308353,0.635927,0.054348,446.430090,0,0,0,0,benign,benign,0,66.38
tesseract-ocr__unicharset_extractor,ok,67029,59667,6.104985,6.049044,0.681500,0.047085,429.760092,0,0,0,0,benign,benign,0,9.31
tesseract-ocr__wordlist2dawg,ok,3217,2910,5.924837,5.863020,0.513983,0.024845,393.458602,0,0,0,0,benign,benign,0,0.10
thrift-compiler__thrift,too_large:3666341,0,0,NA,NA,NA,NA,NA,-1,-1,-1,-1,NA,NA,-1,0.00
tmpl__tmpl,too_large:1446425,0,0,NA,NA,NA,NA,NA,-1,-1,-1,-1,NA,NA,-1,0.00
tmux__tmux,too_large:593457,0,0,NA,NA,NA,NA,NA,-1,-1,-1,-1,NA,NA,-1,0.00
traceroute__traceroute.db,ok,30601,28234,6.220517,6.180761,0.505476,0.060592,357.101555,0,0,0,0,benign,benign,0,2.81
transmission-cli__transmission-cli,too_large:369030,0,0,NA,NA,NA,NA,NA,-1,-1,-1,-1,NA,NA,-1,0.00
transmission-cli__transmission-create,too_large:371206,0,0,NA,NA,NA,NA,NA,-1,-1,-1,-1,NA,NA,-1,0.00
transmission-cli__transmission-edit,too_large:368870,0,0,NA,NA,NA,NA,NA,-1,-1,-1,-1,NA,NA,-1,0.00
transmission-cli__transmission-remote,too_large:392102,0,0,NA,NA,NA,NA,NA,-1,-1,-1,-1,NA,NA,-1,0.00
transmission-cli__transmission-show,too_large:368822,0,0,NA,NA,NA,NA,NA,-1,-1,-1,-1,NA,NA,-1,0.00
tre-command__tre,too_large:1267457,0,0,NA,NA,NA,NA,NA,-1,-1,-1,-1,NA,NA,-1,0.00
truststore__truststore,too_large:1197859,0,0,NA,NA,NA,NA,NA,-1,-1,-1,-1,NA,NA,-1,0.00
ucd-generate__ucd-generate,too_large:1986625,0,0,NA,NA,NA,NA,NA,-1,-1,-1,-1,NA,NA,-1,0.00
units__units,ok,56910,51623,6.137542,6.068758,0.566999,0.053252,427.734929,0,0,0,0,benign,benign,0,14.79
unzip__funzip,ok,11512,10579,6.247520,6.173053,0.537935,0.066973,368.920979,0,0,0,0,benign,benign,0,0.80
unzip__unzip,ok,102604,94560,6.295635,6.317344,0.615265,0.089118,423.595743,0,0,0,0,benign,benign,0,36.06
unzip__unzipsfx,ok,52211,47906,6.254601,6.296558,0.549755,0.063989,397.094453,0,0,0,0,benign,benign,0,9.53
usbutils__lsusb,ok,51347,46800,6.215798,6.077309,0.555976,0.049007,360.876056,0,0,0,0,benign,benign,0,17.84
usbutils__usbhid-dump,ok,7974,7318,6.136017,6.077542,0.574307,0.060413,392.790381,0,0,0,0,benign,benign,0,0.36
usbutils__usbreset,ok,1661,1494,5.814211,5.784756,0.340756,0.014912,199.252959,0,0,0,0,benign,benign,0,0.05
util-linux__addpart,ok,9914,9028,6.178245,6.064286,0.524035,0.105560,299.525363,0,1,1,0,packed,benign,1,0.42
util-linux__agetty,ok,31965,28868,6.117795,6.108053,0.546943,0.051301,387.621112,0,0,0,0,benign,benign,0,7.66
util-linux__blkdiscard,ok,12462,11270,6.172146,6.063837,0.530660,0.113013,318.267918,0,1,1,0,packed,benign,1,0.52
util-linux__blkid,ok,72622,65723,6.103626,6.119359,0.538071,0.046260,322.241592,0,0,0,0,benign,benign,0,20.82
util-linux__blkzone,ok,41838,38046,6.108326,6.057560,0.488278,0.061674,311.175521,0,0,0,0,benign,benign,0,8.11
util-linux__blockdev,ok,42254,38408,6.108095,6.072616,0.503835,0.065039,320.198570,0,0,0,0,benign,benign,0,8.43
util-linux__chcpu,ok,21614,19624,6.037961,6.059678,0.453622,0.030437,292.091922,0,0,0,0,benign,benign,0,4.12
util-linux__chmem,ok,34478,31482,6.105195,6.116557,0.546373,0.073165,327.513327,0,0,0,0,benign,benign,0,6.87
util-linux__choom,ok,28286,25781,6.112096,6.112913,0.506616,0.059187,315.152694,0,0,0,0,benign,benign,0,5.39
util-linux__chrt,ok,34766,31588,6.100525,6.102554,0.479258,0.050548,296.320278,0,0,0,0,benign,benign,0,6.75
util-linux__ctrlaltdel,ok,19086,17367,6.006650,6.109469,0.449292,0.035506,287.702522,0,0,0,0,benign,benign,0,3.57
util-linux__delpart,ok,9802,8920,6.175993,6.044138,0.519449,0.101285,296.704382,0,0,0,0,benign,benign,0,0.40
util-linux__dmesg,ok,35310,31939,6.166203,6.116623,0.541334,0.058601,371.578470,0,0,0,0,benign,benign,0,7.39
util-linux__fallocate,ok,12558,11342,6.169033,6.064259,0.585453,0.077296,307.445430,0,0,0,0,benign,benign,0,2.16
util-linux__findfs,ok,1198,1028,5.462885,5.387902,0.438024,0.079352,219.290999,0,0,0,0,benign,benign,0,0.03
util-linux__findmnt,ok,36542,32841,6.121753,6.168766,0.536470,0.062995,355.465277,0,0,0,0,benign,benign,0,2.69
util-linux__flock,ok,13198,11933,6.156891,6.029957,0.522975,0.087718,319.921437,0,0,0,0,benign,benign,0,0.55
util-linux__fsck,ok,25390,22840,6.128221,6.078428,0.575297,0.073914,355.627892,0,0,0,0,benign,benign,0,1.82
util-linux__fsck.cramfs,ok,18718,16844,6.150668,6.121547,0.535469,0.101341,342.281530,0,0,0,0,benign,benign,0,0.98
util-linux__fsck.minix,ok,79102,71597,6.134009,6.084348,0.516512,0.055190,317.621243,0,0,0,0,benign,benign,0,23.98
util-linux__fsfreeze,ok,1966,1728,5.658548,5.671243,0.379902,0.022591,233.974165,0,0,0,0,benign,benign,0,0.06
util-linux__fstrim,ok,40046,36375,6.110804,6.100990,0.528744,0.052907,332.857780,0,0,0,0,benign,benign,0,8.20
util-linux__getopt,ok,12718,11561,6.187304,6.066635,0.505782,0.086019,303.250530,0,0,0,0,benign,benign,0,0.52
util-linux__hardlink,ok,26574,24089,6.128541,6.065063,0.635000,0.114595,371.498970,0,1,1,0,packed,benign,1,5.53
util-linux__ionice,ok,11630,10512,6.150035,6.031908,0.575640,0.091941,322.111452,0,0,0,0,benign,benign,0,0.52
util-linux__ipcmk,ok,11806,10709,6.163754,6.046708,0.521287,0.077200,301.934013,0,0,0,0,benign,benign,0,0.50
util-linux__ipcrm,ok,12814,11554,6.122265,6.098191,0.504095,0.090991,283.911587,0,0,0,0,benign,benign,0,0.53
util-linux__ipcs,ok,41070,37101,6.086241,6.096395,0.528591,0.055827,327.018899,0,0,0,0,benign,benign,0,10.13
util-linux__isosize,ok,10846,9830,6.190431,6.031010,0.575626,0.110640,311.326070,0,1,1,0,packed,benign,1,0.45
util-linux__last,ok,22686,20716,6.146294,6.090566,0.665259,0.101117,438.571850,0,0,0,0,benign,benign,0,4.26
util-linux__ldattach,ok,12670,11465,6.166295,6.004769,0.530547,0.078828,328.342925,0,0,0,0,benign,benign,0,0.62
util-linux__lsblk,ok,104510,94814,6.149855,6.143624,0.547925,0.062904,347.335367,0,0,0,0,benign,benign,0,30.35
util-linux__lscpu,ok,69758,63704,6.150713,6.212941,0.561581,0.061016,371.148464,0,0,0,0,benign,benign,0,16.81
util-linux__lsipc,ok,51342,46620,6.129491,6.101691,0.528386,0.055042,342.223577,0,0,0,0,benign,benign,0,11.29
util-linux__lslocks,ok,36414,33186,6.114463,6.104510,0.494667,0.041209,300.532390,0,0,0,0,benign,benign,0,7.11
util-linux__lslogins,ok,50094,45416,6.131520,6.088486,0.511901,0.075016,328.961268,0,0,0,0,benign,benign,0,9.85
util-linux__lsmem,ok,34078,31010,6.122003,6.083756,0.530296,0.063489,320.563936,0,0,0,0,benign,benign,0,6.74
util-linux__lsns,ok,43870,39953,6.135318,6.108722,0.487325,0.051790,318.383995,0,0,0,0,benign,benign,0,9.01
util-linux__mcookie,ok,15118,13716,6.393577,6.485531,0.517596,0.069244,309.948413,0,0,0,0,benign,benign,0,0.63
util-linux__mesg,ok,2606,2284,5.789183,5.727556,0.437779,0.044667,260.832139,0,0,0,0,benign,benign,0,0.07
util-linux__mkfs,ok,2014,1799,5.632607,5.390689,0.421030,0.058921,270.275125,0,0,0,0,benign,benign,0,0.06
util-linux__mkfs.bfs,ok,14190,12845,6.119930,6.026455,0.512106,0.082514,294.585494,0,0,0,0,benign,benign,0,0.64
util-linux__mkfs.cramfs,ok,20814,18819,6.344997,6.482528,0.548515,0.050676,364.168044,0,0,0,0,benign,benign,0,3.81
util-linux__mkfs.minix,ok,70526,63903,6.125901,6.134939,0.538589,0.047198,331.419407,0,0,0,0,benign,benign,0,18.24
util-linux__mkswap,ok,69422,62830,6.087425,6.112997,0.617889,0.036448,315.278512,0,0,0,0,benign,benign,0,19.63
util-linux__more,ok,28750,26007,6.053635,6.043159,0.585402,0.091533,382.384448,0,0,0,0,benign,benign,0,3.31
util-linux__mountpoint,ok,2190,1936,5.743451,5.692798,0.395199,0.126228,214.403159,0,1,1,0,packed,benign,1,0.06
util-linux__namei,ok,13710,12493,6.151182,6.057993,0.480810,0.076003,284.123067,0,0,0,0,benign,benign,0,0.59
util-linux__nsenter,ok,13982,12606,6.143011,6.060208,0.511821,0.074684,307.127010,0,0,0,0,benign,benign,0,0.61
util-linux__partx,ok,69326,62628,6.102713,6.098717,0.597648,0.046964,329.345185,0,0,0,0,benign,benign,0,19.40
util-linux__pivot_root,ok,1214,1053,5.433865,5.360982,0.372189,0.032525,183.673712,0,0,0,0,benign,benign,0,0.03
util-linux__prlimit,ok,13838,12492,6.127869,6.076945,0.509869,0.086565,299.920581,0,0,0,0,benign,benign,0,0.57
util-linux__readprofile,ok,13054,11869,6.165690,6.057175,0.550310,0.089889,329.485912,0,0,0,0,benign,benign,0,0.54
util-linux__rename.ul,ok,4590,4064,5.879030,5.892980,0.420677,0.049123,300.614274,0,0,0,0,benign,benign,0,0.15
util-linux__resizepart,ok,36718,33441,6.114299,6.076524,0.501680,0.055027,310.418379,0,0,0,0,benign,benign,0,7.07
util-linux__rev,ok,1774,1577,5.752025,5.709464,0.401426,0.014277,293.275981,0,0,0,0,benign,benign,0,0.05
util-linux__rtcwake,ok,21934,19855,6.112131,6.078280,0.542132,0.075944,342.683147,0,0,0,0,benign,benign,0,2.02
util-linux__runuser,ok,37950,34435,6.079446,6.042727,0.518556,0.072023,355.075241,0,0,0,0,benign,benign,0,8.92
util-linux__setarch,ok,3678,3221,5.699197,5.755233,0.390546,0.027733,254.538548,0,0,0,0,benign,benign,0,0.12
util-linux__setpriv,ok,41886,37916,6.110467,6.094241,0.453426,0.040263,290.671122,0,0,0,0,benign,benign,0,8.68
util-linux__setsid,ok,1710,1495,5.600332,5.416385,0.343096,0.020124,227.648174,0,0,0,0,benign,benign,0,0.04
util-linux__setterm,ok,21182,19150,6.087690,6.044559,0.481267,0.056276,305.302854,0,0,0,0,benign,benign,0,2.50
util-linux__su,ok,37950,34435,6.079414,6.042727,0.518559,0.072088,355.057805,0,0,0,0,benign,benign,0,8.93
util-linux__sulogin,ok,24062,21730,6.144899,6.105405,0.508374,0.050752,335.771581,0,0,0,0,benign,benign,0,1.42
util-linux__swaplabel,ok,2766,2440,5.757579,5.748485,0.293502,-0.012210,168.629092,0,0,0,0,benign,benign,0,0.08
util-linux__switch_root,ok,2734,2398,5.683735,5.636687,0.345134,0.008018,224.068861,0,0,0,0,benign,benign,0,0.09
util-linux__taskset,ok,32958,30008,6.112678,6.100947,0.474086,0.053042,306.497590,0,0,0,0,benign,benign,0,4.28
util-linux__uclampset,ok,33982,30909,6.098447,6.111063,0.474772,0.057020,302.712355,0,0,0,0,benign,benign,0,6.63
util-linux__unshare,ok,43118,39181,6.083841,6.085834,0.469526,0.047662,317.815652,0,0,0,0,benign,benign,0,8.77
util-linux__utmpdump,ok,7774,6926,6.058182,6.023154,0.642753,0.079632,434.790536,0,0,0,0,benign,benign,0,0.29
util-linux__wdctl,ok,36078,32886,6.101392,6.102679,0.504525,0.063522,314.260738,0,0,0,0,benign,benign,0,5.08
util-linux__whereis,ok,9982,8979,6.032072,5.938488,0.518013,0.032688,346.705612,0,0,0,0,benign,benign,0,0.71
util-linux__wipefs,ok,18862,16983,6.127879,6.079003,0.537875,0.067945,347.922065,0,0,0,0,benign,benign,0,1.15
util-linux__zramctl,ok,71550,64766,6.097389,6.110093,0.530133,0.046452,313.221696,0,0,0,0,benign,benign,0,19.03
v2ray__v2ctl,too_large:4657539,0,0,NA,NA,NA,NA,NA,-1,-1,-1,-1,NA,NA,-1,0.00
v2ray__v2ray,too_large:7358499,0,0,NA,NA,NA,NA,NA,-1,-1,-1,-1,NA,NA,-1,0.00
varlink-go__varlink-go-certification,too_large:1103875,0,0,NA,NA,NA,NA,NA,-1,-1,-1,-1,NA,NA,-1,0.00
varlink-go__varlink-go-interface-generator,too_large:1069532,0,0,NA,NA,NA,NA,NA,-1,-1,-1,-1,NA,NA,-1,0.00
varlink-go__varlink-go-type-generator,too_large:1912976,0,0,NA,NA,NA,NA,NA,-1,-1,-1,-1,NA,NA,-1,0.00
vim-nox__vim.nox,too_large:2753447,0,0,NA,NA,NA,NA,NA,-1,-1,-1,-1,NA,NA,-1,0.00
vivid__vivid,too_large:792529,0,0,NA,NA,NA,NA,NA,-1,-1,-1,-1,NA,NA,-1,0.00
vlc-bin__vlc,ok,2844,2507,5.748621,5.623393,0.327023,0.056760,175.815740,0,0,0,0,benign,benign,0,0.08
vlc-bin__vlc-wrapper,ok,1369,1222,5.694284,5.556185,0.515617,0.130081,386.260235,0,1,1,0,packed,benign,1,0.04
vorbis-tools__ogg123,ok,46439,42208,6.084202,6.306112,0.583421,0.082424,409.279407,0,0,0,0,benign,benign,0,10.35
vorbis-tools__oggdec,ok,5248,4667,6.041623,6.077876,0.640319,0.069730,355.507688,0,0,0,0,benign,benign,0,0.30
vorbis-tools__oggenc,ok,34727,31960,6.129511,6.277372,0.637476,0.094566,446.043227,0,0,0,0,benign,benign,0,8.10
vorbis-tools__ogginfo,ok,22647,20518,6.128305,6.036581,0.626184,0.087212,423.653339,0,0,0,0,benign,benign,0,5.16
vorbis-tools__vcut,ok,4946,4460,5.882686,5.729906,0.493145,0.045300,331.353862,0,0,0,0,benign,benign,0,0.22
vorbis-tools__vorbiscomment,ok,13623,12158,5.996781,6.042207,0.623525,0.059699,457.006704,0,0,0,0,benign,benign,0,0.63
webp__cwebp,ok,28482,26198,6.047199,6.134139,0.816155,0.108733,526.640347,0,1,1,0,packed,benign,1,3.11
webp__dwebp,ok,12957,11893,6.077586,6.029818,0.537002,0.053604,399.517586,0,0,0,0,benign,benign,0,0.63
webp__gif2webp,ok,10317,9457,6.058280,6.109169,0.624537,0.046634,469.407624,0,0,0,0,benign,benign,0,1.67
webp__img2webp,ok,17442,15890,6.086088,6.083631,0.592434,0.094042,443.079510,0,0,0,0,benign,benign,0,1.75
webp__vwebp,ok,6925,6346,6.086289,5.945005,0.409540,0.053468,257.561300,0,0,0,0,benign,benign,0,0.33
webp__webpinfo,ok,12877,11928,5.974513,5.928054,0.560815,0.056968,379.329450,0,0,0,0,benign,benign,0,2.93
webp__webpmux,ok,11741,10659,5.952708,5.838270,0.565199,0.075993,376.112583,0,0,0,0,benign,benign,0,0.71
wget__wget,too_large:266375,0,0,NA,NA,NA,NA,NA,-1,-1,-1,-1,NA,NA,-1,0.00
whois__mkpasswd,ok,3787,3400,5.830119,5.672081,0.465583,0.076065,327.948039,0,0,0,0,benign,benign,0,0.65
whois__whois,ok,16417,14552,6.027049,5.933655,0.558682,0.079930,364.702555,0,0,0,0,benign,benign,0,0.98
xfsprogs__mkfs.xfs,too_large:291975,0,0,NA,NA,NA,NA,NA,-1,-1,-1,-1,NA,NA,-1,0.00
xfsprogs__xfs_copy,ok,48013,44064,6.181948,6.149002,0.622561,0.070734,420.684434,0,0,0,0,benign,benign,0,3.75
xfsprogs__xfs_db,too_large:403675,0,0,NA,NA,NA,NA,NA,-1,-1,-1,-1,NA,NA,-1,0.00
xfsprogs__xfs_estimate,ok,2453,2201,5.796543,5.714742,0.473766,0.108032,241.290732,0,1,1,0,packed,benign,1,0.23
xfsprogs__xfs_fsr,ok,19442,17367,6.081997,6.007104,0.601443,0.054659,429.081748,0,0,0,0,benign,benign,0,4.03
xfsprogs__xfs_growfs,ok,15683,14302,5.987568,6.091536,0.652528,0.090982,431.658332,0,0,0,0,benign,benign,0,3.27
xfsprogs__xfs_io,ok,93190,84358,6.172104,6.195567,0.560754,0.086846,365.554240,0,0,0,0,benign,benign,0,28.51
xfsprogs__xfs_logprint,ok,44339,40205,6.190247,6.114445,0.562825,0.045896,377.356821,0,0,0,0,benign,benign,0,12.97
xfsprogs__xfs_mdrestore,ok,5225,4814,5.940850,5.816955,0.674210,0.106961,455.680810,0,1,1,0,packed,benign,1,0.96
xfsprogs__xfs_quota,ok,47347,42781,6.210362,6.176643,0.548441,0.077943,376.276276,0,0,0,0,benign,benign,0,3.81
xfsprogs__xfs_repair,too_large:464515,0,0,NA,NA,NA,NA,NA,-1,-1,-1,-1,NA,NA,-1,0.00
xfsprogs__xfs_rtcp,ok,3321,2889,5.813706,5.773078,0.383124,0.008204,232.751292,0,0,0,0,benign,benign,0,0.19
xfsprogs__xfs_scrub,ok,61996,56701,6.187696,6.275289,0.598142,0.072985,414.008249,0,0,0,0,benign,benign,0,13.94
xfsprogs__xfs_spaceman,ok,16810,15139,6.092871,6.004156,0.569300,0.081773,398.995856,0,0,0,0,benign,benign,0,3.07
xml-rs__xml-analyze,too_large:331457,0,0,NA,NA,NA,NA,NA,-1,-1,-1,-1,NA,NA,-1,0.00
xz-utils__lzmainfo,ok,1779,1587,5.696204,5.712482,0.439499,0.069539,261.978478,0,0,0,0,benign,benign,0,0.05
xz-utils__xz,ok,40382,36667,6.060751,6.075489,0.585754,0.074735,395.591951,0,0,0,0,benign,benign,0,5.91
yaegi__yaegi,too_large:9605267,0,0,NA,NA,NA,NA,NA,-1,-1,-1,-1,NA,NA,-1,0.00
yasm__yasm,too_large:375075,0,0,NA,NA,NA,NA,NA,-1,-1,-1,-1,NA,NA,-1,0.00
yasm__ytasm,too_large:370435,0,0,NA,NA,NA,NA,NA,-1,-1,-1,-1,NA,NA,-1,0.00
ykls__ykls,too_large:1033094,0,0,NA,NA,NA,NA,NA,-1,-1,-1,-1,NA,NA,-1,0.00
z3__z3,too_large:19045068,0,0,NA,NA,NA,NA,NA,-1,-1,-1,-1,NA,NA,-1,0.00
zip__zip,ok,114514,104449,6.255223,6.252363,0.618975,0.059230,431.585055,0,0,0,0,benign,benign,0,63.68
zip__zipcloak,ok,50458,45650,6.152656,6.098648,0.537306,0.043849,391.429959,0,0,0,0,benign,benign,0,12.43
zip__zipnote,ok,48107,43467,6.145195,6.062607,0.566877,0.054650,413.229392,0,0,0,0,benign,benign,0,4.18
zip__zipsplit,ok,50091,45255,6.155439,6.050127,0.551482,0.050597,405.643758,0,0,0,0,benign,benign,0,4.67
zoxide__zoxide,too_large:702848,0,0,NA,NA,NA,NA,NA,-1,-1,-1,-1,NA,NA,-1,0.00
zsh__zsh,too_large:624855,0,0,NA,NA,NA,NA,NA,-1,-1,-1,-1,NA,NA,-1,0.00
zstd__pzstd,too_large:657842,0,0,NA,NA,NA,NA,NA,-1,-1,-1,-1,NA,NA,-1,0.00
zstd__zstd,too_large:1027392,0,0,NA,NA,NA,NA,NA,-1,-1,-1,-1,NA,NA,-1,0.00
