pkg,version,source,arch,path,sha256,size,build_id,stripped,lang,text_bytes,dwarf_producer,opt_hint
ace,0.0.5-3.1+b11,golang-github-yosssi-ace,amd64,ace__ace,92c7dda62876c332b19bace2aba739f7a3b3ab9961892e7340bb2b343de69199,2242840,NA,yes,go,1002480,"NA",NA
age,1.1.1-1+b3,age,amd64,age__age,0e52299ea44efef0f6b94d6cd153ed5011c686ba818aedd6949bcbd3c0b6eb0f,3672144,d0e5766f5561d4695f650a05764e255d959349ff,yes,go,1670995,"NA",NA
age,1.1.1-1+b3,age,amd64,age__age-keygen,08692b7ba7dfdfc6ee76d0e64bb7e4b9ce084b6ba0b6354eb89cd2b7d3422c2f,1829784,NA,yes,go,776893,"NA",NA
alacritty,0.11.0-4,rust-alacritty,amd64,alacritty__alacritty,c6273a9e3ad239aa8d198028b8a0beffc60d8ec37361f1d0e3fad0df560ff3d7,7476256,b20fc432dc85b4f7460bdb4019a433ba7808082e,yes,c,4882305,"NA",NA
amber,0.0~git20171010.cdade1c-2+b5,golang-github-eknkc-amber,amd64,amber__amberc,c6072221193d4c41b7b3478892a45a9e346edcfe4113f04de559a4baa5cc4754,3544408,3c1daf64d83aa43c9301b31f8823d41dbff303ff,yes,go,1663299,"NA",NA
anacrolix-dms,1.5.0-2+b4,golang-github-anacrolix-dms,amd64,anacrolix-dms__dms,92ee27135f4d195d2cfce054da515637063f5786112b9ec85e63b47f86add78d,8426800,5881fb6fbe66a909aa0aced13083398864b40068,yes,go,4149715,"NA",NA
anacrolix-dms,1.5.0-2+b4,golang-github-anacrolix-dms,amd64,anacrolix-dms__termsig,a9abc0a16ec3ced5435e6433e1fa72cdcb0711551e939c79988c7c100f73e851,1234456,NA,yes,go,536182,"NA",NA
apkverifier,0.0~git20191015.7330a51-11+b4,golang-github-avast-apkverifier,amd64,apkverifier__apkverifier,c6e933caf958e2e60d8361d58c66453a583a7febe49e45ecd464dccf2e239f7d,3133888,f87072984070c76d610787ca479ee58a7e5e1dfe,yes,go,1510867,"NA",NA
appc-spec,0.8.11+dfsg-2.1+b11,golang-github-appc-spec,amd64,appc-spec__actool,4403e8e24ae8ad4028cd52b0dd98cc881f8ee47d358c9085eb7580f5d6762f3b,7037560,4a7a816da198bb18697c786fa398c2b2568f204c,yes,go,3395219,"NA",NA
apt,2.6.1,apt,amd64,apt__apt,44059b6dbfbc89c0748bcb6e630a4a9af6fe33ecbb87b8a45a9d3e88287eabec,18752,157631f2617f73dee730273c7c598fd4d17b7284,yes,cxx,2273,"NA",NA
apt,2.6.1,apt,amd64,apt__apt-cache,50aedfe7bc85326f1eeb838cddeea2bc29260851f7ade4e44756cdd7ebc00d60,88456,0e651a7cb1a6607d2ef7821cc7ad4b420b6d683c,yes,cxx,55171,"NA",NA
apt,2.6.1,apt,amd64,apt__apt-cdrom,038988aec1aec295d41fcc01a7e0a372a85d0ff6a8cfd310318111b97c56f5d3,22920,5add461a8e2fed32771c879fdfc69abfb8155641,yes,cxx,6769,"NA",NA
apt,2.6.1,apt,amd64,apt__apt-config,231139f082f153244419738c62d5cf7fa0152339f21b6cd0666a4c19c7abc660,26944,a976003cdc52998aeb2f095245fd64f24d3110d8,yes,cxx,9281,"NA",NA
apt,2.6.1,apt,amd64,apt__apt-get,c2117516d26cc559ccbd16252778d8ab8cee1ceac4be60e9c975e5c4bbbb47fe,51592,286f4abe2da6341ef32cf6c52bdb33604ebee8be,yes,cxx,19153,"NA",NA
apt,2.6.1,apt,amd64,apt__apt-mark,86bcb5892071b371c3ab6bceb1b1910e80b1339404c798873a7aaf01ee6997dd,59784,a4b996763122ab585ee0133525fbbd4b372420fc,yes,cxx,27827,"NA",NA
aptitude,0.8.13-5,aptitude,amd64,aptitude__aptitude-curses,94db94a1d16dc367b936ff3633c29413ef47856d3e978ebb12d00455cc5dbe1a,4281896,7b241a91e617342e555693ae8e22daf38a7276f9,yes,cxx,3038926,"NA",NA
aria2,1.36.0-1,aria2,amd64,aria2__aria2c,0e4a4cad4ab164a2f7b0ee70826b153a7bfd5c8614b4040b0af7c9d068dfbb07,14432,5bad17ecf3980c537dab7e804c3ea985ec4c7cbf,yes,cxx,1169,"NA",NA
at,3.2.5-1+b1,at,amd64,at__at,79ba082489f190aa86e1a3b0c38778c1a62e0c51b0ec227266fac508a6e0142f,59768,4d4156dc56c48426483e4a32acc7bfe3cd7dc141,yes,c,23766,"NA",NA
at,3.2.5-1+b1,at,amd64,at__atd,7024a699d850434ddff2ffd95b807a1cf8f425f9a43d51c882f94b8755056e03,30816,7d02a6399330dabb28e3a6e844492d884e89e88c,yes,c,7976,"NA",NA
b3sum,1.2.0-1+b4,rust-b3sum,amd64,b3sum__b3sum,98693908137c68d1a5caef8847eb91c4981ee3fc176dbab8aba6c13819f0a58d,1202704,c7ab3912ca609da532b16f9dcffbaca9ba9de399,yes,rust,830945,"NA",NA
bash,5.2.15-2+b13,bash,amd64,bash__bash,55b89ab22bee4792a210f493a53fb066accd5d30b69837c28d98be5ff863efcf,1265648,82a0acb92e6288fb69856b6bab91f23854738fb9,yes,c,785777,"NA",NA
bash,5.2.15-2+b13,bash,amd64,bash__clear_console,24dd58ec386be7ab32e9d92bc318d94d655d4b63a49b258cf69f0873241c90dd,14488,b260387cd1d27389e1686ba42246d1bf5fa46a23,yes,c,1900,"NA",NA
bat,0.22.1-4,rust-bat,amd64,bat__batcat,9efc2b8c33b5b5e7347c4fe146e640545d4868897cd7b18fd990652658377c4a,4703712,ece035ee1b5573d811b1dca8cfe28efcd9017854,yes,c,2342328,"NA",NA
bc,1.07.1-3+b1,bc,amd64,bc__bc,e0738dc0a3015eabc9b41fba79743c6969bc0e9b04a3cad7b03cc3b449d23832,96968,b0cf6d073d9d428197b897054ec102dd000b0a7e,yes,c,49281,"NA",NA
bindgen,0.60.1-2+b2,rust-bindgen,amd64,bindgen__bindgen,9eaf859a1090b255a7fa8253c27031c81853e94098ef627018649938fcad6722,3758672,0d73c70bb9fb08a1b64d3838e429130979c715c5,yes,c,2348481,"NA",NA
binutils-multiarch,2.40-2,binutils,amd64,binutils-multiarch__x86_64-linux-gnu-addr2line,600de6264a1120099239fa35db80781a11de854d98c68039dead90356f33cd97,23688,454e9dc00f281e816a01da9bb79f3ec1bfc8eb99,yes,c,6447,"NA",NA
binutils-multiarch,2.40-2,binutils,amd64,binutils-multiarch__x86_64-linux-gnu-ar,04f61642c62cfd828928161001fdd5c220acfebe2028d18acbada0e9d49d3eee,52392,fed484f8bd5288a1172dab9948c3e343c1cf37ea,yes,c,22472,"NA",NA
binutils-multiarch,2.40-2,binutils,amd64,binutils-multiarch__x86_64-linux-gnu-gprof,184057912fcb7a06796a910355d6050d5071d398964d0d51ab927f4e60b9df96,110944,f3a7996bea374eff53675322b3e23e1e5f087d56,yes,c,69718,"NA",NA
binutils-multiarch,2.40-2,binutils,amd64,binutils-multiarch__x86_64-linux-gnu-nm,661d9c4f650d4f47325c7535705f95210172167c10a99a44325ea05547bd185b,45080,51378110f75e8c1ebff30e9fab3ef072cd79ce81,yes,c,16703,"NA",NA
binutils-multiarch,2.40-2,binutils,amd64,binutils-multiarch__x86_64-linux-gnu-objcopy,14153f2efb313f257a9b20f5cebafe34bf77a8caece7b53889c732024fa02991,159392,33f144f92a23a51534d5d02719e911933cf0e15f,yes,c,89090,"NA",NA
binutils-multiarch,2.40-2,binutils,amd64,binutils-multiarch__x86_64-linux-gnu-objdump,5a0db23a90fad7e0229384c2b65cc895d9469d3b67c19dd34ca1ab0c1bd07d04,371256,a7097824d030757239b57c0570b23293cbf8ffbf,yes,c,213352,"NA",NA
binutils-multiarch,2.40-2,binutils,amd64,binutils-multiarch__x86_64-linux-gnu-ranlib,59f979bb7c00c153efdc8f736ab2693a9ed4ad1582741ecf4cac8e15177868e2,52392,7999428ed6579008d95660770a2ce214408f031d,yes,c,22472,"NA",NA
binutils-multiarch,2.40-2,binutils,amd64,binutils-multiarch__x86_64-linux-gnu-readelf,a065f3555b4381c9cc4c0169401acd12d1141012058b5e3c7c9d35d83baafd13,769400,9f0b57aeecfb7fd752b581ff3ae228f76c80fb5f,yes,c,440886,"NA",NA
binutils-multiarch,2.40-2,binutils,amd64,binutils-multiarch__x86_64-linux-gnu-size,261ce14f716b7016eec03f82988b136f180fc9087ab1fb81af99dd93ef29840d,27496,4f588637fcc14453a19012df9edb126bab4c6a8c,yes,c,6687,"NA",NA
binutils-multiarch,2.40-2,binutils,amd64,binutils-multiarch__x86_64-linux-gnu-strings,9c33bc8d45948ad4cc2e56225aad159a673cbf1fdfce95591ba6ca7a0f30bc33,31720,59f22d59d464a4164d89b1402afaa15ade53a64d,yes,c,10177,"NA",NA
binutils-multiarch,2.40-2,binutils,amd64,binutils-multiarch__x86_64-linux-gnu-strip,889a06514f39b5df6fa47b8e2d875d4e6ffc28fdd1c72d49b9cbd28bbe87c350,159424,310fda1d48087a1e4ef1a25d13107354fc9484f2,yes,c,89090,"NA",NA
bison,2:3.8.2+dfsg-1+b1,bison,amd64,bison__bison,6243e56f0cad02bfa253fc7ed38132297f909822dacd1060c71afab75cebd4a9,549664,9a12c243a9c757be28f81fa6687ac57603198712,yes,c,386094,"NA",NA
blueprint-tools,0.0~git20201007.25128be-2+b8,golang-github-google-blueprint,amd64,blueprint-tools__bpfmt,dfe02446b46ebe273b872a6e0d2a10a1bdcb5fd9ddbf035c982326eb7b56a14d,1685528,NA,yes,go,774058,"NA",NA
blueprint-tools,0.0~git20201007.25128be-2+b8,golang-github-google-blueprint,amd64,blueprint-tools__bpglob,c1650c3288461b9d6730eea949f3bad09e2168913012929ef647f815f8ff08ef,1476888,NA,yes,go,671084,"NA",NA
blueprint-tools,0.0~git20201007.25128be-2+b8,golang-github-google-blueprint,amd64,blueprint-tools__bpmodify,e707a835a661391013e4975db48e54428fcd9d3db23c8f56aa687e95f2d8994d,1697816,NA,yes,go,779597,"NA",NA
blueprint-tools,0.0~git20201007.25128be-2+b8,golang-github-google-blueprint,amd64,blueprint-tools__microfactory,ce9f1fd473a0ff55406cdb1791f8875f3680b23cd381846b55eb53ac06b14ed9,2112920,NA,yes,go,1008840,"NA",NA
blueprint-tools,0.0~git20201007.25128be-2+b8,golang-github-google-blueprint,amd64,blueprint-tools__minibp,fcb883c4c8762c2e524080bfecd68ff21515e9e1333f41cac85f14f1355001cb,4440952,NA,yes,go,2156191,"NA",NA
boinc-client,7.20.5+dfsg-1.1,boinc,amd64,boinc-client__boinc,59eff6a5ec722eb804539224878e2b3ba5ea95f7447fb6d7d0d78ec86688ec36,1001768,c390728c34bf364ff509d5554d9b11bdd15ba168,yes,cxx,807723,"NA",NA
boinc-client,7.20.5+dfsg-1.1,boinc,amd64,boinc-client__boinccmd,2b7c3675198039e9996d90f2e7fa92982d964b6c72f4f30bdd220760ea44cb07,39240,08e91f253848df84aa481e67741e2e2859d878fe,yes,cxx,14158,"NA",NA
bsdutils,1:2.38.1-5+deb12u3,util-linux,amd64,bsdutils__logger,6ed8be340b171bc5f64576cc667311530faa0dba9736c5b84f4e8a386458ab6f,56216,a54c65b14b3c22ce365e0df3d286070b0ac09b00,yes,c,24222,"NA",NA
bsdutils,1:2.38.1-5+deb12u3,util-linux,amd64,bsdutils__renice,cc701f54f452f8cee40e5cb5f37c28db6dce46c807965b22fcf248652eb49e07,14648,536d991dba49970488a85a12ab7166f0c7e3e272,yes,c,2398,"NA",NA
bsdutils,1:2.38.1-5+deb12u3,util-linux,amd64,bsdutils__script,2a6e4aa0ac56fd63c71a66edfa4c44f150ac69f52f0373bde17345f26ed80bfa,71992,ce85bcee63be6e34e11ef8195e6e5c3d0a4a664d,yes,c,35614,"NA",NA
bsdutils,1:2.38.1-5+deb12u3,util-linux,amd64,bsdutils__scriptlive,8f2048b69d151dd14cfdb83b67bd31f55856936f383c21c1b14fd0212d9a0e1d,55608,d98468d0d7ad60a3768a49b3f73e472ba9e1805f,yes,c,29214,"NA",NA
bsdutils,1:2.38.1-5+deb12u3,util-linux,amd64,bsdutils__scriptreplay,190a035ffc750ef5595bc343515c4594ae32e48586007a40bec77dc812d3c88a,47416,b2747cdc38d16b315c304a61174f7a4df7e711cb,yes,c,19854,"NA",NA
bsdutils,1:2.38.1-5+deb12u3,util-linux,amd64,bsdutils__wall,95705965505b80f9f49858096ac0344b94696065d9cc097e3ace8e81a0af42a9,39224,12335c8de043a8743e79716839aa2a4c819ac30d,yes,c,14926,"NA",NA
btrfs-progs,6.2-1+deb12u2,btrfs-progs,amd64,btrfs-progs__btrfs,27cc308bc2d0a7a899577e9ec1b10b78b626a36d3abca63b7522fa82fec522ff,925904,f5f920cb55a5163eb0ba9c80eb4eae485539d185,yes,c,496611,"NA",NA
btrfs-progs,6.2-1+deb12u2,btrfs-progs,amd64,btrfs-progs__btrfs-convert,35e0bed2d755ffa6da096c08e5bf88bf427e9d3e2edff0892f60c48ba82a7b5a,523448,3e528973728a6ee8b68088983503ecb111181af9,yes,c,275491,"NA",NA
btrfs-progs,6.2-1+deb12u2,btrfs-progs,amd64,btrfs-progs__btrfs-find-root,8f7903aeac25658b51da00e1754833abed885fc23d6b31dcf9bb9e133cd8d606,482488,9b032b601ec2c04730ef3a4b29ad77ce19618e3f,yes,c,247155,"NA",NA
btrfs-progs,6.2-1+deb12u2,btrfs-progs,amd64,btrfs-progs__btrfs-image,2c5295d47cea775613dbb153da9011319683d387640cda4294904409ffc271ef,511160,42c9950ed4eeab8341e8ce2cd91f1b6ce5153629,yes,c,265395,"NA",NA
btrfs-progs,6.2-1+deb12u2,btrfs-progs,amd64,btrfs-progs__btrfs-map-logical,46ca39208cf1329417255f1a2a8c5bd73e6e0f5f7738f54f401e212c69c91616,482488,1906fde5dbcae97c87f5273c155d2500bc692055,yes,c,247507,"NA",NA
btrfs-progs,6.2-1+deb12u2,btrfs-progs,amd64,btrfs-progs__btrfs-select-super,4dc29a2dd9b55615cbdb8e334d1ff3e0b9468677bfeb98a132a76bfef2e2ad8d,478392,3f77ab38f27d1c8b77065eef9700ff944adcd9db,yes,c,245683,"NA",NA
btrfs-progs,6.2-1+deb12u2,btrfs-progs,amd64,btrfs-progs__btrfstune,5ea36ff132e6a95ea8c42a41aef01d5bdd56befcdd8863036e1a97c043486cc3,490680,e8691cde984365343d70b648bb715031e76ec02d,yes,c,253283,"NA",NA
btrfs-progs,6.2-1+deb12u2,btrfs-progs,amd64,btrfs-progs__mkfs.btrfs,5a31d56fbec3b3797adddd28eaff52a0febcf88732a82d1007744a3ecf383287,515256,b5d2fcb83382e4fffb4c0ab4a37efde691325b78,yes,c,267155,"NA",NA
buildah,1.28.2+ds1-3+deb12u1+b3,golang-github-containers-buildah,amd64,buildah__buildah,62c3ab530b5022748b958589d7527280da88796eb3e577a0c5105d682a8e5d4d,20507104,7c36c39d044244ae4a6ecc43c493fe81594619fa,yes,go,10169468,"NA",NA
bzip2,1.0.8-5+b1,bzip2,amd64,bzip2__bunzip2,0295484aea2cd54ad0cc4f09fbea5a3285c3361d7db716809d1421a39adb8b91,39224,8d18f4acf8a1ac4fadbd4550b9a99eff9aeebdb1,yes,c,13349,"NA",NA
bzip2,1.0.8-5+b1,bzip2,amd64,bzip2__bzip2recover,a76bbd2cfebbcf4fb375377947222a5a741a722ac33d997880430bac59e99784,14568,adba5751c26e94d1a7335074792ce95caf088de3,yes,c,3351,"NA",NA
capnproto,0.9.2-2,capnproto,amd64,capnproto__capnp,c1dd509bf8f05135d1fe0b18c81d2d2a2ffa7192cdc0fffb086829e694c21e30,190864,6cd2963240dd6a392f4863dadd08b55d0af8c3a7,yes,cxx,85455,"NA",NA
capnproto,0.9.2-2,capnproto,amd64,capnproto__capnpc-c++,dd11178bd79a219a23d5e5988bb79cc22e8c2882ea3d2d9f1c16bc0258585f71,514448,947a8f73d98526531a3a24bc75b59a8d9924cd7d,yes,cxx,421762,"NA",NA
capnproto,0.9.2-2,capnproto,amd64,capnproto__capnpc-capnp,989e7ccaa536db6b30d5de90d0fe0b5eaaad7e5d3b6702cca9f5bda9514725c2,129424,749d0b515afa010ec9c8106e01599c17924fb999,yes,cxx,91271,"NA",NA
cargo-binutils,0.3.5-2+b2,rust-cargo-binutils,amd64,cargo-binutils__cargo-cov,3f65987c401f34ea6eef94b76d0eb109af2ce46fba66d919d087e679b58de5d5,3021496,22a3d64bc19de4377984bf6b1a076367ae16fa24,yes,c,1859137,"NA",NA
cargo-binutils,0.3.5-2+b2,rust-cargo-binutils,amd64,cargo-binutils__cargo-nm,ffeab35b808ef4f5f654536ef000468df1ee6d8d840a46d3764a04094e225eb8,3021496,2f4b24eceaec77e4ea1642fe2457b2fdc65cf536,yes,c,1859153,"NA",NA
cargo-binutils,0.3.5-2+b2,rust-cargo-binutils,amd64,cargo-binutils__cargo-objcopy,c7649122d296fb250534c4aaee6a6ee5dbc35f27e55004733d902c3f5debdcfc,3021496,381c1e74aeb8d91f79f8d58194dedb5dfd2c4255,yes,c,1859153,"NA",NA
cargo-binutils,0.3.5-2+b2,rust-cargo-binutils,amd64,cargo-binutils__cargo-objdump,8994af8cf59a7be68ec37df307b7233a8439da77ac97255e7332dc4f17b2933b,3021496,f216174b12dde46600a5721cc872f01cd8a468fb,yes,c,1859153,"NA",NA
cargo-binutils,0.3.5-2+b2,rust-cargo-binutils,amd64,cargo-binutils__cargo-profdata,886139636e2efcad20538ae000f670dd0b3fa50b16aa7ccd9db4f43ccc48c914,3021496,b4fa0d851ab8c3d49b17068f0c8db40b51bca96f,yes,c,1859137,"NA",NA
cargo-binutils,0.3.5-2+b2,rust-cargo-binutils,amd64,cargo-binutils__cargo-readobj,072f326f215853ba0468c5103537b059104d91c661fda9bc25ca27012496a971,3021496,0fe75d37aa2bfc68a38f98ce092cd849e04ff303,yes,c,1859153,"NA",NA
cargo-binutils,0.3.5-2+b2,rust-cargo-binutils,amd64,cargo-binutils__cargo-size,bc4d2323ae92f262f425d54e17c3001c0db8fd019e4fb8e576d635ab926e02cd,3021496,2615e727430d523ac5fd3531b35e649a3719a4f4,yes,c,1859153,"NA",NA
cargo-binutils,0.3.5-2+b2,rust-cargo-binutils,amd64,cargo-binutils__cargo-strip,ebec0856a3688ca24ba1de4b2aac2b9c33f5c32a7d2551e905079e16088db24e,3021496,bbc15068ee33e74b7f7cbd8dd7c71274d2a5fd31,yes,c,1859153,"NA",NA
cargo-binutils,0.3.5-2+b2,rust-cargo-binutils,amd64,cargo-binutils__rust-ar,57cb72e1b29f769cae248d2446dfeb3ffe9ba95dfcb18f162fedfc3e64e8db6e,453272,4e97c8976915acd5d13b0d269d94af276933f12c,yes,rust,303537,"NA",NA
cargo-binutils,0.3.5-2+b2,rust-cargo-binutils,amd64,cargo-binutils__rust-cov,085e0f26e60ccfbd1e80c38a676109fb5dcf7fda0dc7739c97528b2d286f7200,453272,71e811dafc2225435f82b369a4df184472eec4bd,yes,rust,303537,"NA",NA
cargo-binutils,0.3.5-2+b2,rust-cargo-binutils,amd64,cargo-binutils__rust-ld,6d7ff2f982176d4e6435690318201e5da0339230e6b889567de2de7dba8f865a,453272,d9641fe86e73840e51d4bae95a71d42ca022c5c7,yes,rust,303537,"NA",NA
cargo-binutils,0.3.5-2+b2,rust-cargo-binutils,amd64,cargo-binutils__rust-nm,04617c3d43ab218de95a7e1bd39559daaa77903be9854cbe0f2113a428da19aa,453272,2861a28d99209bf17522b07abf31f62eabf36b5f,yes,rust,303537,"NA",NA
cargo-binutils,0.3.5-2+b2,rust-cargo-binutils,amd64,cargo-binutils__rust-objcopy,a7693f6504b0d559bd00bac49465f216c007d83626a77091dba33b880bb342b3,453272,a4462c1044ffc413a5491b71a4da96ff4a82f121,yes,rust,303537,"NA",NA
cargo-binutils,0.3.5-2+b2,rust-cargo-binutils,amd64,cargo-binutils__rust-objdump,e465a64c6cc0eaabde34ca6ac8c814405949df4709365d6b6d8ac7314dda6a58,453272,b05d715a7b70ce623399c24452fb16dc4e66edc1,yes,rust,303537,"NA",NA
cargo-binutils,0.3.5-2+b2,rust-cargo-binutils,amd64,cargo-binutils__rust-profdata,da328d2b596703d636aa50908921dc4b0af9c3debedd1bbcc463e99d8e1a2ab5,453272,d1f96cb2c29b5adbe8b20636f16478c6684e9ae6,yes,rust,303537,"NA",NA
cargo-binutils,0.3.5-2+b2,rust-cargo-binutils,amd64,cargo-binutils__rust-readobj,8aedb52fd45ad8588895c65f18a547695b30e85bea86e7a88386dbf908697321,453272,f175d84fba3f43c5b1707b7fb85efdeef57ad01f,yes,rust,303537,"NA",NA
cargo-binutils,0.3.5-2+b2,rust-cargo-binutils,amd64,cargo-binutils__rust-size,e98ff4a445cbc0a1cf50a741e17deeb44b0eb35cd1b38f197c55ba87ce84502b,453272,b8bb750a25e7d0d2980c8ccde9bedb69d339c036,yes,rust,303537,"NA",NA
cargo-binutils,0.3.5-2+b2,rust-cargo-binutils,amd64,cargo-binutils__rust-strip,6f83d7cf9480e8f0d79966520f08c0e870d5ba3494eb7ca82c7cb6f77c2db1b1,453272,38b5945915d50e0d4f4e84cdffe0cb4be3a273bf,yes,rust,303537,"NA",NA
cargo-c,0.9.14-1+b1,rust-cargo-c,amd64,cargo-c__cargo-capi,84785b07eebf0cebbea25b2b92f6b6bd6e3b17c040ad359da54f56500a2feb54,14363448,620cd91ab2e2e3d21c2da5295ad9a9f47df315d8,yes,c,10437694,"NA",NA
cargo-c,0.9.14-1+b1,rust-cargo-c,amd64,cargo-c__cargo-cbuild,1e4f70c939e7da710e3d6aa70398e02c7dc61358576ce9848390414c25376a43,14306104,a63b37715988fe9ec34fd595c87d7b691ae2b3d2,yes,c,10392446,"NA",NA
cargo-c,0.9.14-1+b1,rust-cargo-c,amd64,cargo-c__cargo-cinstall,4452ebc42f292fa48a5737b5a5752f971490f6c7409b16ca80b44959660aa5da,14314296,182308d3dd78970415d59799dd61bfcb270ddd52,yes,c,10402302,"NA",NA
cargo-c,0.9.14-1+b1,rust-cargo-c,amd64,cargo-c__cargo-ctest,c80c61f4a69b077cd2389aaf8ec24c1092d72aa72d6ce93acf90ce0e2f768c95,14334776,b658630249543e72332db1f5b45fd81cc49a5611,yes,c,10417566,"NA",NA
cargo-lichking,0.9.0-1+b2,rust-cargo-lichking,amd64,cargo-lichking__cargo-lichking,c456b27ffb8d3da732e48b7face465861be6315bf8d34cccd21c43d884cf4677,2955816,9a0dbaead9f579194180b1fb21c3ba58d0770ee2,yes,c,1700417,"NA",NA
cargo-lock,8.0.2-1+b2,rust-cargo-lock,amd64,cargo-lock__cargo-lock,5d4c7de1e0b700039484e872439d8edd8fb8c3ab724d238ecda91d58e04fc8f9,1206768,66464fe60b9b3af6b92d2fb72cdc620261f250d4,yes,c,733697,"NA",NA
cargo-outdated,0.11.1-2+b1,rust-cargo-outdated,amd64,cargo-outdated__cargo-outdated,577ea77373e12d10074c9f949290d0aa748b06fb7bad74e2a68833ebc1553eea,7273088,f1e674c6c43781afafa26bde7512089a5cad8dbe,yes,c,5227022,"NA",NA
cargo,0.66.0+ds1-1,cargo,amd64,cargo__cargo,8556a76edd58e549a1581d0486afc2ef01174920eea686e6a208799b4325be3b,12270544,3c037f1ca6da05aaa61409f6a362f573a7f17343,yes,c,8704190,"NA",NA
cbindgen-web,0.27.0-1~deb12u1,rust-cbindgen-web,amd64,cbindgen-web__cbindgen,c176cee27ad0000d4c24db5c1170c72ebc5530e3151f31a9a4cd0e1df623581c,5610088,4594061c6205d6f24cec9f13ac7414c6711f2966,yes,rust,4320347,"NA",NA
cbindgen,0.24.3-2+b2,rust-cbindgen,amd64,cbindgen__cbindgen,0bc927ec2d022f41c373e59d87db081b4dfe4d2c15e5718a19e591e797cc46fc,5044744,349b6570e6e326adb8b5586560a958f22c0c51f0,yes,rust,3840193,"NA",NA
ceph-common,16.2.15+ds-0+deb12u2,ceph,amd64,ceph-common__ceph-authtool,fd793f9970cd8dd9642080515735080cbe040337a33c4c6866229877b68627d5,239960,fcdfc8b90899bb6c3f5c948f7abd60cb72c00c35,yes,cxx,105822,"NA",NA
ceph-common,16.2.15+ds-0+deb12u2,ceph,amd64,ceph-common__ceph-conf,08774ed05f11295f05a21616372fde3810121993645b44099b287b2078296e81,239944,5aae57b06fde4d5aa3d8d0dd7b9ede28126c7698,yes,cxx,103966,"NA",NA
ceph-common,16.2.15+ds-0+deb12u2,ceph,amd64,ceph-common__ceph-dencoder,cf1a00b70b0a238ee51778ed724cff6345fbeabef37ce9118aae4d85185404c1,104776,861b477c5e4ea16e68aeacae40f94ea5543ba0e3,yes,cxx,40936,"NA",NA
ceph-common,16.2.15+ds-0+deb12u2,ceph,amd64,ceph-common__ceph-syn,23dc9b27523aade4ca5eb58f8615273d865c1fd32746569d132ab0234e8414f4,2742832,97c3034a095c1f3270d3064d9042b85eff828166,yes,cxx,1731518,"NA",NA
ceph-common,16.2.15+ds-0+deb12u2,ceph,amd64,ceph-common__cephfs-data-scan,b238a1aad9d965e272d389b2b16d8e80a865962b36c19f4687a90a5318487dac,7671760,dfee18e1672c8ef1a0646ac9c01b5120bb242f44,yes,cxx,5025902,"NA",NA
ceph-common,16.2.15+ds-0+deb12u2,ceph,amd64,ceph-common__cephfs-journal-tool,cac9bc6b4e2399807cc7e731fb50fc4d1aae79114091e444cd69535913d6d654,7700432,3009a4d8e05d9ad80de98ea79883d7ce1d511d10,yes,cxx,5051614,"NA",NA
ceph-common,16.2.15+ds-0+deb12u2,ceph,amd64,ceph-common__cephfs-table-tool,f037961feb0ac09318f2ce071eb06792396d2044571a365423aad64e89099450,7524272,a8e03fee84588269f42cc4d9d1b54a3021aea157,yes,cxx,4910702,"NA",NA
ceph-common,16.2.15+ds-0+deb12u2,ceph,amd64,ceph-common__mount.ceph,723117379e7212de933c63fe34b719961658e7c47a4971b4fc690a4884ca8437,252248,72f14ad9de7c25a3c8e56556597a4912c4678970,yes,cxx,110478,"NA",NA
ceph-common,16.2.15+ds-0+deb12u2,ceph,amd64,ceph-common__rados,24cc1a24f75cb7562cf6d1428615dc979feccee8305136a8ca56bacc88810606,645480,ad79b7dc6ca450d293d729a08ea8ab2a897f088d,yes,cxx,379310,"NA",NA
ceph-common,16.2.15+ds-0+deb12u2,ceph,amd64,ceph-common__radosgw-admin,9df92e18d7804ef275578fcd9067887ee39675225854d7e15b544c909344e3b4,13083376,91acc8c24572abce6fd068bc849b35157bc8bd97,yes,cxx,8284894,"NA",NA
ceph-common,16.2.15+ds-0+deb12u2,ceph,amd64,ceph-common__rbd,907b6fcbe24ff72a134b9e548198d2808a243f29dd173f8c99032a79a9bfeaa8,4361704,9399711baf39e3fa40d0a126ac28fc6b3734af9b,yes,cxx,2600318,"NA",NA
ceph-common,16.2.15+ds-0+deb12u2,ceph,amd64,ceph-common__rbd-replay,36081a76c6ad8dd1f69417ac6b15b1217cd99427c5f656462e18dc5cc0867c27,518488,1f9d3fb9cc4296c89f216330a065fe0a25859191,yes,cxx,229790,"NA",NA
ceph-common,16.2.15+ds-0+deb12u2,ceph,amd64,ceph-common__rbd-replay-prep,f6d5b6bac5274e31ca4575a6e07688ab78763e193d0557601db915ae6dc021f6,219448,8976eadd09f8886e9f90fc0047a3f92105433dee,yes,cxx,98963,"NA",NA
clang-14,1:14.0.6-12,llvm-toolchain-14,amd64,clang-14__clang,71b0de1b06b1ffe3a68f1b15f3bfff1f80ba3351ac679be346fb515327494157,141216,3ba9ea1bcbfb9b6c1bbf04607cf788096edde6f2,yes,cxx,66693,"NA",NA
cli-spinner,0.0~git20150423.610063b-4+b18,golang-github-odeke-em-cli-spinner,amd64,cli-spinner__cli-spinner,6726380031d7dd1147678eb59d48bba8f87df19635f017fb6192c3a98241684f,1337784,NA,yes,go,595518,"NA",NA
cmake,3.25.1-1,cmake,amd64,cmake__cmake,bad2e2bae7a1cc2c885d1aa06f19ae91be6684819aaeaf03f89410cf4854ecea,9245840,cf32f335bac301e3a473340b18cae3fe6dd97a19,yes,cxx,7569055,"NA",NA
cmake,3.25.1-1,cmake,amd64,cmake__cpack,1fb88594029b152402f8a881f7380a342fbb59071f38f1036be802ed10debbba,9544272,957782eb96e68c5d5e911ecfb277cf29ca8bd4bf,yes,cxx,7849663,"NA",NA
cmake,3.25.1-1,cmake,amd64,cmake__ctest,64e438b67f39e0a7151fd95e8f3523bc5d09ba2aaab1eed8e26ca1612a1aef32,10697872,28c35e577aa847c5edabd9b829645f582174a0f6,yes,cxx,8815039,"NA",NA
condure,1.9.1-1,rust-condure,amd64,condure__condure,fbd0362c17adff06b44b1031e7989ed464454b5365ff19ee1118825444258086,2095736,04a074249cb289d4274af574796eed2459323ee9,yes,rust,1588036,"NA",NA
containerd,1.6.20~ds1-1+deb12u3,containerd,amd64,containerd__containerd,62da5f012f979354dbddcf3d04ea3e0a2a719ec2fca31c2a722cd584edac42df,48168072,b31f0708d353bcd5d7136b6d8e55cbcd23c49a89,yes,go,19234917,"NA",NA
containerd,1.6.20~ds1-1+deb12u3,containerd,amd64,containerd__containerd-shim,22526b47048de77e3e231c7f44c35beffc216f3bf93391976930cad0f365248c,6065472,5738ba8beff90047bff562d590d7050f3cd2943c,yes,go,3028307,"NA",NA
containerd,1.6.20~ds1-1+deb12u3,containerd,amd64,containerd__containerd-shim-runc-v1,c3a808458df2aeb8f2c653ce7ea4d62547ee87e593429a503b7a4008712953b8,11590224,4e69d3b57d64ff54db78f121481e24f42d3a994a,yes,go,4662149,"NA",NA
containerd,1.6.20~ds1-1+deb12u3,containerd,amd64,containerd__containerd-shim-runc-v2,f5cd2a43978e959544b35c9c73cdd26f25d417238b5c4cdeaa4e8805e79485ec,11615216,4e4d63f5e35caf3a6ade8b0d966dd33f8d0b38eb,yes,go,4671669,"NA",NA
containerd,1.6.20~ds1-1+deb12u3,containerd,amd64,containerd__ctr,b649ddda22dcf16a6cfa598ff420e7b4dba6350b8a24f8139739eca965887f5a,23175592,8dba81d2cc25035ab28c7eed82c6354fc7fa21dc,yes,go,9498869,"NA",NA
containers-storage,1.43.0+ds1-8+b2,golang-github-containers-storage,amd64,containers-storage__containers-storage,f68782bc6f12ac79b950719357fd459ca081a063c1c2f23e84b4f5b35dd3d20e,6568192,17ba1244f498ffe40c3d7f1afc6a314d2af5182e,yes,go,3327100,"NA",NA
coredhcp-client,0.0.0+git.20220602.a2552c5-2,golang-github-coredhcp-coredhcp,amd64,coredhcp-client__coredhcp-client,f41f2220cc23eaec115e3bfbab00aff982b8b78267db14726537704ac2437cd0,2269112,NA,yes,go,1050806,"NA",NA
coredhcp-server,0.0.0+git.20220602.a2552c5-2,golang-github-coredhcp-coredhcp,amd64,coredhcp-server__coredhcp,6ed32e59abaff63c767bb36bda490fe028a7bce4e763db974e1e339903bc36fd,6404248,NA,yes,go,2903057,"NA",NA
coreutils,9.1-1,coreutils,amd64,coreutils__[,0ab2918ea6c958649c78f366e281d1c242eb4463e83c7725ad84e2a0f7ec2903,68496,f7795cd5b54bfa71cab88f597d40c6d6229d679c,yes,c,36350,"NA",NA
coreutils,9.1-1,coreutils,amd64,coreutils__arch,cc7ca3ebd8f5f398b275ad7be6fda7b49f8a7b1c7dfa3d32d9f3aa26ffda6f03,43888,9af47c5922f165fd4a1a93c95c7522cb800a5a68,yes,c,15838,"NA",NA
coreutils,9.1-1,coreutils,amd64,coreutils__b2sum,c52220dbef49c19fbb16cbb53e7de82861c193a27bf9c252985a8377af872ddc,60400,dbbb1b2608d5c58b685aa19597da38252fe2923e,yes,c,31582,"NA",NA
coreutils,9.1-1,coreutils,amd64,coreutils__base32,3500cde59df225b1f7988ad6331b875265d739fba3be0444e131bb362eb0d87e,48016,6abb3572f54c129e3ea67a61330bfc8d1c96f7c0,yes,c,20542,"NA",NA
coreutils,9.1-1,coreutils,amd64,coreutils__base64,ae021af1f99f233eef24c17f9d43843ac36a7c5de1025af794682a89938312e5,48016,204f8e84ab43dfde53eba9ece42de3333215f385,yes,c,20206,"NA",NA
coreutils,9.1-1,coreutils,amd64,coreutils__basename,bc0828b09781a8b19a6d31f23f3f6e0d4e2f216490dc1d1e98321f684cbfe0a2,43856,cce5d9d95de3d376f6e4a672cb0984ee94da7cf2,yes,c,15934,"NA",NA
coreutils,9.1-1,coreutils,amd64,coreutils__basenc,7d442ffc72c528a707d7e8bb43816e65de23a88cc8c896c9b88e1dafe4787ab8,56208,a83c440362e399c3446d1b9a1fb307ff1b9d9fd4,yes,c,25774,"NA",NA
coreutils,9.1-1,coreutils,amd64,coreutils__cat,008f819498fe591f3cc920d543709347d8d14a139bb3482bc2cd8635c1b3162e,44016,b39fcce36ca2f4d03cae6b3e13d12cbb74c413e8,yes,c,18942,"NA",NA
coreutils,9.1-1,coreutils,amd64,coreutils__chcon,fc72162c58c5633b64ed326766997ab5d573833f2f610ed87ad0a72f9375271b,68720,d0fb6846c82da1e71f7b7ca06b15415d620d3bb6,yes,c,38014,"NA",NA
coreutils,9.1-1,coreutils,amd64,coreutils__chgrp,bbee32e3ce054742f944124cd9859b4bf872e8d602f66e0f17c2838214e78aa0,68656,771553dd0f08620ce4f1c7617222f6540acc1958,yes,c,37326,"NA",NA
coreutils,9.1-1,coreutils,amd64,coreutils__chmod,623fdf73612f898ec829e529ffd143520fb617a75bca84e242030f48d2144645,64496,59877f12944e750c88a16480f4eb8fbb7a94c726,yes,c,35662,"NA",NA
coreutils,9.1-1,coreutils,amd64,coreutils__chown,02769de8f96b96de9b917224b0eca3fbf757f622211a901b0ce323ee1145a3d4,72752,0bc3267c77e8ab495e750bd3ac630400d379908c,yes,c,38990,"NA",NA
coreutils,9.1-1,coreutils,amd64,coreutils__chroot,dc44f0ec5a5f7d2a881061b047b7bbd8e9de3b41db5daadbd672ebdbf24190b6,48112,db20f41fb77ba1e8a96830f513e921ee56c01ed7,yes,c,21998,"NA",NA
coreutils,9.1-1,coreutils,amd64,coreutils__cksum,d9b1aa09d173192d3324cf4be0e27b2119d035785d4c83e58f06538694f24470,142384,0f959da75a6ace50039042f2fc306229cf44e4b6,yes,c,92942,"NA",NA
coreutils,9.1-1,coreutils,amd64,coreutils__comm,5ba2fd25a7ec1ef5a4fb82eabf6be796d1afba42c795fbf59727582d4d77d6a2,48048,7dd096699f4027e3001c6e5c48d962fdfd1c470a,yes,c,19982,"NA",NA
coreutils,9.1-1,coreutils,amd64,coreutils__cp,e296487a3a8f10a1c55e56056ba4bbb2d3ca22ae625af9f0d5cebaed28e55fa4,151152,e8f03b272b3dbd03cc8748cf2b52744a58d0cf5c,yes,c,95358,"NA",NA
coreutils,9.1-1,coreutils,amd64,coreutils__csplit,e8882a91822c82375d60a4187118c4d23ee3fca18ca6364a6cb5acffc2cc509e,122032,0fa6bcca2cdbc6002a7422fd4079a88006fd47cf,yes,c,84894,"NA",NA
coreutils,9.1-1,coreutils,amd64,coreutils__cut,fd54b387a71e9c2f774997d0fe7aff65416a85cb9b39f921fa13ee98f3eca809,48112,3f2badf9c70583dc86ccf38d135e9cf1fbb9daaa,yes,c,21758,"NA",NA
coreutils,9.1-1,coreutils,amd64,coreutils__date,b047bec6f8fed78ad9c59c8eda24d6772d51baa766fc0f71f5936d45267e4036,121904,c89b11207f6479603b0d49bf291c092c2b719293,yes,c,72910,"NA",NA
coreutils,9.1-1,coreutils,amd64,coreutils__dd,9f3cb6157563063827c7a8c1e191db13ad1d2a3c6821270e4dc520f6cbfb766d,89240,e59f954969893171a6b23be9244b941749e1257f,yes,c,52238,"NA",NA
coreutils,9.1-1,coreutils,amd64,coreutils__df,44741cf49aded8a77eb97499f9d9e42e572918513560e2c0a033c0860c3b36cd,102200,2e13a8652cd172461bccd7e5f5bd1e4de51d2e9b,yes,c,61246,"NA",NA
coreutils,9.1-1,coreutils,amd64,coreutils__dir,54df57d9237f2d3f15a61d00fd2398d65099f64ac49129f7ce09f738a1e998c4,151344,e9b51dbff5f4daeb83c3da2ca422a9bca52a1fd9,yes,c,86174,"NA",NA
coreutils,9.1-1,coreutils,amd64,coreutils__dircolors,fc001a80992e958df0198979131b608fd5ec92e57dcb4bbc89588f4f12f99758,52144,d7fb5ffcc84b40e326377c72867af53da35ee5d4,yes,c,20030,"NA",NA
coreutils,9.1-1,coreutils,amd64,coreutils__dirname,615bfa889dffb2c6cd9c76da6b4277310acf283743598eb71b9a5e058fd7bbae,39760,9bb24fa41fd5dac058ae3731279444acf0238085,yes,c,15694,"NA",NA
coreutils,9.1-1,coreutils,amd64,coreutils__du,8e9219020a27edb2e0d3f161e8ebba673a19aa05a88b6274dd5962a02f2eec2e,175440,1c68c9968463036f18df0545877e679abc17faab,yes,c,123246,"NA",NA
coreutils,9.1-1,coreutils,amd64,coreutils__echo,a049fb47554c6cde2ee452e5d87f6386abb63af7cdcae9cd0dc99fc80e0bcf35,43856,a18e44e70d0bf293fabf3685eb1b75bd89fa6663,yes,c,16574,"NA",NA
coreutils,9.1-1,coreutils,amd64,coreutils__env,615c46b39130a04a08da04163542ce7ce1164fa4b35408efb43aac0a8a9f7ae5,48536,2a20aed1e513ad653e002bcb7fd80c9bbb686f62,yes,c,22190,"NA",NA
coreutils,9.1-1,coreutils,amd64,coreutils__expand,18303d60bad5cdf52eaa0e6b3ff2d21db8c975a9011d62bdd493381c90a4062c,43952,b6aa76c725414f419f67a2c24d7254d6633b14f2,yes,c,18286,"NA",NA
coreutils,9.1-1,coreutils,amd64,coreutils__expr,22998c5ef997f1f386f1a5acab96fce0c855944a9c14da79f5ca243bb19f8ade,117808,b919757cbc30fbb64b14498222499d972fd80acd,yes,c,83982,"NA",NA
coreutils,9.1-1,coreutils,amd64,coreutils__factor,84c037114720d0fb68eeca953bc2675ffd545770ee75fcace29052f126a5ffae,85200,aa3195674722c7948de2d93cfeef8fe117ec19ef,yes,c,39886,"NA",NA
coreutils,9.1-1,coreutils,amd64,coreutils__false,7faadececbd287e494595d6a8203bc521e4463c682a496569187a77e761156bc,35664,4befad5f61685d729a5ca436874ce26f43017137,yes,c,14974,"NA",NA
coreutils,9.1-1,coreutils,amd64,coreutils__fmt,62cc5a8540901930b70ea6ee6419af7e5522f23bb6c08e92ac5121fca4a5628c,48016,9d27a33507f57b32d2cbe099c1588299144077c3,yes,c,21934,"NA",NA
coreutils,9.1-1,coreutils,amd64,coreutils__fold,4526d6b5c40966b56b1de203f998beec4e00adf5e6105b8e064b2ac783a20abd,43920,4f849e249c80e87eb15ffe112b2bd6bd0e592fff,yes,c,18206,"NA",NA
coreutils,9.1-1,coreutils,amd64,coreutils__groups,67ad3a42ef1afd94119dcf214d67582be86a9464a20db5cf6cb9a67086979b83,43920,6198b346e25528b10dd0e5bf0750548516ea3856,yes,c,16910,"NA",NA
coreutils,9.1-1,coreutils,amd64,coreutils__head,eb93339329ad9ecf68acf3e7cc3415cea3a1d25e1885b4a0e42bdb70063b7ca9,48080,136446c8f146b69e22df9ba842c278c30b6bc9d0,yes,c,23166,"NA",NA
coreutils,9.1-1,coreutils,amd64,coreutils__hostid,ce77fc236724c35505e73e97dc21e45e7d3ff6876a18eede29daa37d16e17eb9,39760,bf2b1399b2dabb274a16e8ac6e0675262a9f1052,yes,c,15646,"NA",NA
coreutils,9.1-1,coreutils,amd64,coreutils__id,a3d987dd3f9ec0610dc13b7fdccef84895628065434f44247a65ef0d2a341b3c,48144,9db18ea3b88543130f870aa071d9216955c2a541,yes,c,22462,"NA",NA
coreutils,9.1-1,coreutils,amd64,coreutils__install,9848c092188028f520c3742c609f7fdf2b16cbf5b4ac128fbf69c13b9620f124,159544,360f65babceddd461975190da4c9ae45993cadcb,yes,c,102014,"NA",NA
coreutils,9.1-1,coreutils,amd64,coreutils__join,8233e9e237d24c436cfe97af5ba2c95ac0b44742f9c4a3f9bdbad9e3d8868ddd,56304,dc923993b6b5dd068ff6e974dce5d35353c36f89,yes,c,27086,"NA",NA
coreutils,9.1-1,coreutils,amd64,coreutils__link,913f86d046789715a1e60371e7434af359a737db8853c8a24dd79bd309a1b6d6,39760,ea543391dc36870ec51bad64993087825279b5a1,yes,c,15886,"NA",NA
coreutils,9.1-1,coreutils,amd64,coreutils__ln,26b4d4643e3791f277ee734b162428347164435a20456643e5346bfffb60d1a9,72824,5774e9e2b295caba0721d3c917ba5671b8ce3243,yes,c,36270,"NA",NA
coreutils,9.1-1,coreutils,amd64,coreutils__logname,924fa150fdb9389bbf51e5815b75225792894b69f575cb56f2fa91e119b96c21,39760,2555f23dbc4ad802a33543ff190ddad55ced4214,yes,c,15694,"NA",NA
coreutils,9.1-1,coreutils,amd64,coreutils__ls,cb30d69b24245bf2ecdc9e7f53bbad19159999970b6d82c0c00c7d32d9e37aa4,151344,15dfff3239aa7c3b16a71e6b2e3b6e4009dab998,yes,c,86174,"NA",NA
coreutils,9.1-1,coreutils,amd64,coreutils__md5sum,cedc25468f8df2346c58cd796c44a42560e08823890fc905b2454d0eea97426e,52176,2c819708bbd173d9c46964cbd622ea916d9b8846,yes,c,24830,"NA",NA
coreutils,9.1-1,coreutils,amd64,coreutils__mkdir,ba74b1a15a5b9b7929a595f45103d7fbe722840b7211d313dd4872893f031fb9,97552,ca2afd66da4394454a0d5eed3543096906441990,yes,c,56830,"NA",NA
coreutils,9.1-1,coreutils,amd64,coreutils__mkfifo,8c5a9ba6fd9a07c26bb5e0930054a48e3ec1081c3a280432f9d8ea9fb09a3333,68784,279a583f887df8b507ca3f74b1f9f1e555422042,yes,c,38462,"NA",NA
coreutils,9.1-1,coreutils,amd64,coreutils__mknod,02d5f0f8290119d9534627cb376b3fcab861130bbf6aedc80102563d7695665b,72912,bcf7e1fa16223c874380894f61af45a8bff47846,yes,c,40686,"NA",NA
coreutils,9.1-1,coreutils,amd64,coreutils__mktemp,879a70d44241bc6704bb8baae38ebd8466ac95707c3b74ca598a9487a841bfb4,43952,508b43e70dac0de6f631efdac3b73dab09ae1b5e,yes,c,18014,"NA",NA
coreutils,9.1-1,coreutils,amd64,coreutils__mv,a781be46e6f27ca5d7e119225429a4a12ef941eea15ed2c44eea0c8bca7e4ebe,142968,24ef388d6e73508a1be274e260bbe654edb327be,yes,c,95310,"NA",NA
coreutils,9.1-1,coreutils,amd64,coreutils__nice,144ba2794c120a0347058d48081c9c13c2afe4321f1b44318538616295273060,43888,10f7f02f94c37284202646714455d390fc5c8ddf,yes,c,17198,"NA",NA
coreutils,9.1-1,coreutils,amd64,coreutils__nl,8ec52ee2fb32e3e5c088b2d92d2e933256548be3376c1c752f0d6b0e994bae20,113776,14539fef4789eac6a9ee5ed85e2e63bc46d220c7,yes,c,78702,"NA",NA
coreutils,9.1-1,coreutils,amd64,coreutils__nohup,d290c0aae67eee4b37a86893cb0f4036f9bf1abe8ed19ecc6a529e7c681390f3,43920,f38418c2c3acee189b74593d19fd9839f97fb397,yes,c,18270,"NA",NA
coreutils,9.1-1,coreutils,amd64,coreutils__nproc,716561bc24867a55b99ebb523e97ace733d12ffad0f8b55c29664431ac01d36a,43920,65065703bb69ddba88e860e286855f4aa1f17719,yes,c,17310,"NA",NA
coreutils,9.1-1,coreutils,amd64,coreutils__numfmt,bf48f9377ce2851931573d54bc74e19b1bf45c5e19ba108a8b3e153cd71235f2,68624,dc731fb82adab43acc47324ef089c3d36fa414a8,yes,c,32894,"NA",NA
coreutils,9.1-1,coreutils,amd64,coreutils__od,e87e764bd447d6f10d0f3bd519fb62c111f9bf9242c5f7b2764267b8c26b1488,80912,c07f98772b55bd3d86a28eb0ef033cd0ab1193e3,yes,c,44910,"NA",NA
coreutils,9.1-1,coreutils,amd64,coreutils__paste,8ea6d9a0444faaee0c294f471d0de1194208900d4c0b50a6607ccb5a9fcee932,43920,f1b214d9465477a3764500baa93c9f0ad3e08067,yes,c,17982,"NA",NA
coreutils,9.1-1,coreutils,amd64,coreutils__pathchk,531bd451b4f0dcf767a51ef56d926acdd26f88fcbc2d688c617d610f1ec7fd4c,43888,437c6fda628ee40230c3d149235427bbc2f953a7,yes,c,16494,"NA",NA
coreutils,9.1-1,coreutils,amd64,coreutils__pinky,5ea948c7ee616bb167ab8758899614202d712753acfca3eb430e98afb0f44d7f,48176,7e1a59cdb4233f4b99baf339fff4d1d3cfba6a52,yes,c,19678,"NA",NA
coreutils,9.1-1,coreutils,amd64,coreutils__pr,d5b05f2fdd58a5908ffd23b9d827258cf3ed894481923f536f2312b2229f1def,81008,0cf4d3a45c2f65140284b9d3d2c25ea3faacecb8,yes,c,45310,"NA",NA
coreutils,9.1-1,coreutils,amd64,coreutils__printenv,16a1af53235b0c5e51d95091859951dec0bd431c5761879ea4509aaf0c4e6f0c,35664,0cb7324a5e912291f074b6f131d312b306be336c,yes,c,15342,"NA",NA
coreutils,9.1-1,coreutils,amd64,coreutils__printf,bf7cc8faa85842bb662243c5f945b03e284a823742d123ed7421a7f5c9c773e2,64432,453965851bfde9943d10da8266297ba43f041bb2,yes,c,35934,"NA",NA
coreutils,9.1-1,coreutils,amd64,coreutils__ptx,2bf52c99c98b6569ade8c0a2ce08750334d4d5a512d6dafdc7c704cd7dba4663,138480,cdbaee6902524923bdd86a700adc2a477ea29cd4,yes,c,99438,"NA",NA
coreutils,9.1-1,coreutils,amd64,coreutils__pwd,14b89d92c7047e3cebb7b8e7b7249360a0979349125f5e567d59924cde59ac58,43952,63da4c9ed4a402364b855543944299e50cd34c25,yes,c,17118,"NA",NA
coreutils,9.1-1,coreutils,amd64,coreutils__readlink,bfeeebae7ec8362788bc6e58182d5d1f534e6f7ec970be28ef63590b74edc4a5,52112,ca44193599f302ae4b74f682ea0ffcf33b3e5104,yes,c,23694,"NA",NA
coreutils,9.1-1,coreutils,amd64,coreutils__realpath,54dfbffc86d9c0933f4ab4434915562c43d1d0a194efe128642fdef34cf11490,52144,b67ec93e6e2ff5f11400549c2095c7f989cb005c,yes,c,24782,"NA",NA
coreutils,9.1-1,coreutils,amd64,coreutils__rm,58e8be37049deaaacaf56196d507584b94e87a35a524db0c0459eb5ee6ae4b8c,72752,e8b7e344eda821652030f20cd66139fba719927b,yes,c,38318,"NA",NA
coreutils,9.1-1,coreutils,amd64,coreutils__rmdir,139377cd5fd9cdf4f6f049d09dc0a9e7113936790d65b82b7a25a0f147177024,56240,2488be8c93e5cd997a9ea0f84541c2b90f7a7890,yes,c,30446,"NA",NA
coreutils,9.1-1,coreutils,amd64,coreutils__runcon,28d2eff7359ce3f1c89b9db69388af62e79a7f932b67416144caf2e64af5a331,43984,83d62a8568b28dc21da304e4f00aa5a5527ff824,yes,c,17406,"NA",NA
coreutils,9.1-1,coreutils,amd64,coreutils__seq,67ff4ae25eefd98243e80d9435b2c66954091e5f5dbcd134a42b611e54277ae2,60336,102c01a482486cf7464ac936350a657487b58268,yes,c,34990,"NA",NA
coreutils,9.1-1,coreutils,amd64,coreutils__sha1sum,7ffc8563edc733984221de22241ff72ee65d15c06dc337b6b85b01f340e2461d,56272,59309bc264e17dac7ac08456b0abdb5787e8327c,yes,c,27838,"NA",NA
coreutils,9.1-1,coreutils,amd64,coreutils__sha224sum,9b14f60b102b81f213eecf07586bb46b872c7ce9801e8c618942401688e086e5,60368,a5e30f2c0e31b0dd51e945e27f5000635a87c260,yes,c,34206,"NA",NA
coreutils,9.1-1,coreutils,amd64,coreutils__sha256sum,6cd7c6bfc81d645ba13b927e31651a1466092a28ed0bd2632e82f8b27882b25e,60368,27be6e4fdbd1b91e74ef11ac76129c1757362d49,yes,c,34206,"NA",NA
coreutils,9.1-1,coreutils,amd64,coreutils__sha384sum,17d4c90d98dd17aead30b3154d18f5ed4fc3d7cb56a8c9efa5bc142691a6ac4a,64464,45aa62b0bd006c7ddc85c817b5797983b42ead05,yes,c,39054,"NA",NA
coreutils,9.1-1,coreutils,amd64,coreutils__sha512sum,951c8e889d1c3a4c2c5098912ee517203a00f89f1bb3b7f5d3b36e49cfdc157d,64464,63390c2e52c69f183a066caa4c7c6ab641ddd899,yes,c,39054,"NA",NA
coreutils,9.1-1,coreutils,amd64,coreutils__shred,df3e060af6fefde5ef7579833938dcca23b5c81f900ae0470a28ef96015d5897,64656,13f0a777dc827a954229204b573c8f72f4110a8a,yes,c,32430,"NA",NA
coreutils,9.1-1,coreutils,amd64,coreutils__shuf,6d845fc5f747178e9a4d7443fbd2495030a78e5790f796ceadaaaf61b5299f10,60400,1572453d829a350c8376c0512a99cec378c04a64,yes,c,30782,"NA",NA
coreutils,9.1-1,coreutils,amd64,coreutils__sleep,4add4bb89d8ca0e3b1bd861130ddd7ae0fd9617a8055de0a38c8d2ca1ac95723,43888,e3103c603f624119a9e5c025e4e5dc430f8519b0,yes,c,17102,"NA",NA
coreutils,9.1-1,coreutils,amd64,coreutils__sort,26d29d4f3f2a9537f9104b0e496c6110ec266682bfd5f00b312a8fff723ffc00,118456,628e28329c2296b3a0e66712bfeb89b5ba24e930,yes,c,70622,"NA",NA
coreutils,9.1-1,coreutils,amd64,coreutils__split,465258f620db346b6b0f85acba59f48130b7a1f87985f018da218b4ee6f5bdcd,60984,8a9104ef22f050e16f59a86cf3306c37ff51d4bc,yes,c,30030,"NA",NA
coreutils,9.1-1,coreutils,amd64,coreutils__stat,98fd8d3f1823896aa2613a4d38e7059c82506206725918666091d08272d78e95,97488,766f63ba63dcf38fc4a9c0b7af64539b8d41bf26,yes,c,60878,"NA",NA
coreutils,9.1-1,coreutils,amd64,coreutils__stdbuf,6175f959028e67d73c0a394d5303d5f799492572f0e3317c47aabce6d19092b5,60336,e26cc9c2e1b9032eee49f07cae565e126f1a73e8,yes,c,32958,"NA",NA
coreutils,9.1-1,coreutils,amd64,coreutils__stty,93386dd640d063e6cf024f4aa5707162db19a89ecd0e9d4bb0240a56f382957f,85008,4f906d8fa8553ff45f5cc4af8e6c7ad5bed7b3e8,yes,c,43870,"NA",NA
coreutils,9.1-1,coreutils,amd64,coreutils__sum,209faef4b3dc0bdd04b65fe2ec50e772229085d2e3a60bdc318578b3dc3a628f,52184,9cb42791bf60d5ee886cab12339a536c03b90c92,yes,c,23726,"NA",NA
coreutils,9.1-1,coreutils,amd64,coreutils__sync,8ebfcf0eb6d1f19ef5b9db1c9dd945679a65c7a8d3589fdc3f9ce2ffd65933ed,39824,47e7d862806b0997991bb38543aa92f65ca628a2,yes,c,16398,"NA",NA
coreutils,9.1-1,coreutils,amd64,coreutils__tac,3e40de614ae3383f4339c08b2dac81ac33fd3b00a30d319b932fd5966c186dd1,113712,4f282f4a48024a77bbff57ee209d064f0edf1374,yes,c,78350,"NA",NA
coreutils,9.1-1,coreutils,amd64,coreutils__tail,cd67c2baaef8395ae68a396b8ce0bd24dabd9272f501f1afb7f76f7ef0cfc083,76944,56c3f841844926bb8253966b3de5807fae025930,yes,c,42046,"NA",NA
coreutils,9.1-1,coreutils,amd64,coreutils__tee,1613befc577b68e65c940d45a1db6e79b25074dc3d8ddb1f2b3cb3c60ce5fc4d,43984,dbe2621d9e0c70ee5f3c68bdccc42fc78425798c,yes,c,18270,"NA",NA
coreutils,9.1-1,coreutils,amd64,coreutils__test,9a9cb09f9f71ae289fd3a93a86c1b8189048ea01f6b956dfa4734bb74dc834f7,60304,50fc583e1775f738b4c6adfbf28a7dde114f05dd,yes,c,34814,"NA",NA
coreutils,9.1-1,coreutils,amd64,coreutils__timeout,5ef0eaaaa4220593add7716aad74da927ca3bb10605e964330de64fecc3ef15e,48632,b1edf383f73809da039e8802cc3422daac38959e,yes,c,19614,"NA",NA
coreutils,9.1-1,coreutils,amd64,coreutils__touch,76100d3a8613237bf8b18bdd007c2881b749033ee89dd92d48b86f0ce8acfd54,109616,c8a75088be5c29edaa51b59ab1ac0e8e8fb1333e,yes,c,64542,"NA",NA
coreutils,9.1-1,coreutils,amd64,coreutils__tr,cf8a29847ff95b77fe6ef3d9ba3d750c7fd1c807763980e8c5f918da81acb1eb,56208,6af5e0a3ab080992ddf0b537356f86a89e1ce6fb,yes,c,25998,"NA",NA
coreutils,9.1-1,coreutils,amd64,coreutils__true,c79bf44242829108e323378531f4ac839513ca1fba45efd6583643526e1e9fd2,35664,c89156ebdabf859f4ee70cb0c303004dccf1ae51,yes,c,14974,"NA",NA
coreutils,9.1-1,coreutils,amd64,coreutils__truncate,4e5f263a7415b772646de61ea89d1ab62c21b2d64a15b0d426e618fee45e6e9b,43920,7da4ac2909eeddc8160d5cea080606d0b18662dd,yes,c,19102,"NA",NA
coreutils,9.1-1,coreutils,amd64,coreutils__tsort,ec90bbcb3047e5972a7614a1a99f368c64504ef50f7dcdcd0e3631f0c9ced4b6,56208,99ffd083a1bfe51d6019a2f572482ebd37dd6b14,yes,c,29982,"NA",NA
coreutils,9.1-1,coreutils,amd64,coreutils__tty,ca27ae958bebe611fc2c3b097d216e5a7423c0dc7f317e9ab352fe307eeae298,35696,ae9145db1e299c8d511665ab54af58954aba952f,yes,c,15182,"NA",NA
coreutils,9.1-1,coreutils,amd64,coreutils__uname,ed210303cc81299ad2bf8804d4a2f1e2853ad34f6307a3114b48444ceb6c60da,43888,b4f63eb28ee9ad13815e91b803c29155d52660ef,yes,c,15838,"NA",NA
coreutils,9.1-1,coreutils,amd64,coreutils__unexpand,dc3fbc72adb7efc0605511a1cc3d0b058e05ad38d675226c9dd5407b7845626e,43952,8c8fc592b1a2a99a8e58e02f69fa84ad13e7f991,yes,c,18702,"NA",NA
coreutils,9.1-1,coreutils,amd64,coreutils__uniq,9960fd57f62c1ed283474722fde81d07aff25a6410256c8b5fefcedec1fe735b,48080,27d8362f8df5042d3e7144ee530c4fa9e0216263,yes,c,22094,"NA",NA
coreutils,9.1-1,coreutils,amd64,coreutils__unlink,87c7a53f4293b6eb7ba8e983cb231e1562d38ad7068ca59bc63e4e42f9ce7586,39760,15162061e09c860c0de4dd7f761bac101daa10e6,yes,c,15806,"NA",NA
coreutils,9.1-1,coreutils,amd64,coreutils__users,f54bbf8c6f73a185a69f64b3d7b6aef9bbc6e5a1e5d82efa14db4312207aeb77,39824,117b59ab94849903d8b1fa3921a8d32710eff867,yes,c,16654,"NA",NA
coreutils,9.1-1,coreutils,amd64,coreutils__vdir,27c28e4a1f793d6393c73b5640a9e997efe908ee5738a511539564a1d90cd208,151344,a690fa83d754b768d146c59e45bdb8ac2938a8f3,yes,c,86174,"NA",NA
coreutils,9.1-1,coreutils,amd64,coreutils__wc,7480f7cb7110af0f45b6e04b50f8d1fb2c6392cf911cb3a28c516ef1b725823e,52280,7ac9a936f1365db6cabbfc5c25c5d8c93af784ed,yes,c,24862,"NA",NA
coreutils,9.1-1,coreutils,amd64,coreutils__who,68f82786ee5cac14200766a4ad87d98d8a014a4614c412abb49f2d8c13df8da6,60432,7452f51e2cad25a2620b83ae95486303bf85d3e6,yes,c,35166,"NA",NA
coreutils,9.1-1,coreutils,amd64,coreutils__whoami,6ca7710f382d2d9e4026c2b2b4299775880e290915599ddd5d0c7d60076186a8,39792,20273c615f1f12e7ce2030d65d9f9c89f6488ad8,yes,c,15742,"NA",NA
coreutils,9.1-1,coreutils,amd64,coreutils__yes,cf182e6211e04f7aadd80174f27124d44edf063c73828c91e31be1919551f23b,39760,0a178eaa2012cd2beae5d85363e77172751ac7ea,yes,c,16206,"NA",NA
cpio,2.13+dfsg-7.1,cpio,amd64,cpio__cpio,878c2b98175bb6a41fd30ff6f7e262889c40192a4dbd13470a773680216b37f1,162368,ad531a1c084392de05457c9e3f1b6fe9a0702dd5,yes,c,100930,"NA",NA
cpio,2.13+dfsg-7.1,cpio,amd64,cpio__mt-gnu,653fa6eafe4634f8e5b3ab0bfd91271b4b9ac505bc1693d19941c34760bb2fe5,85376,3cbab48cc83206a0da960cff6beec7a1168800f7,yes,c,51426,"NA",NA
cpp-12,12.2.0-14+deb12u1,gcc-12,amd64,cpp-12__x86_64-linux-gnu-cpp-12,e544060dd6f295a3a119c73a869d2675ee16ddd3f31304c89e31086bbc406748,1301496,50343f9493248987ca39db058d4776cfd96ffbf0,yes,c,623694,"NA",NA
cron,3.0pl1-162,cron,amd64,cron__cron,bbfa16dde02dae2aca823960c39966a5f58ea5aec2a46ae8ed92ee0e06381673,51776,9335596096312f1bd1e8a0ab857f0690639a5810,yes,c,22236,"NA",NA
cron,3.0pl1-162,cron,amd64,cron__crontab,22792ed5cff5f08070649c653694be511809ca5709189ebacf73ed9472058142,43648,d85df4195f321ff8e16624fe77f9efd018b4118a,yes,c,16212,"NA",NA
crun,1.8.1-1+deb12u1,crun,amd64,crun__crun,2210e1844d40cbee409e3a97c99ef974c10a6a249db4a933661e765396f5c1c9,490184,fa2d05aceddb3c76621897f7832665fdf8a79261,yes,c,349197,"NA",NA
cryptsetup-bin,2:2.6.1-4~deb12u2,cryptsetup,amd64,cryptsetup-bin__cryptsetup,f9e46303b0bded0078ffd1af3e5e651f5ed59f977f3474ce027081b299d485fc,225720,d66771f9c83c1e841ec5cb256fd1f81d1d9a04b1,yes,c,110075,"NA",NA
cryptsetup-bin,2:2.6.1-4~deb12u2,cryptsetup,amd64,cryptsetup-bin__integritysetup,f27bb4d5b35bb5833d9944f50853d84b81f877f5f12f9406883cc0e4e063418a,80704,48ab0ed13452849f04411800cf101c2cd357ce44,yes,c,29153,"NA",NA
cryptsetup-bin,2:2.6.1-4~deb12u2,cryptsetup,amd64,cryptsetup-bin__veritysetup,726de0f6079cfbe2745a5c8f430cc5f5c3286ce97aeae737d7d1159a0bdda5ee,61304,86df88877ec360e6d2a7eff9a2ee5f0612e1312f,yes,c,21601,"NA",NA
curl,7.88.1-10+deb12u15,curl,amd64,curl__curl,27125f0331490b7fbf4da11f2bd913ce1b94e071367b2fa8e535ce8c5526e29c,280800,2a7b9394f3438a144a9a49af63343d24fd938aa1,yes,c,93097,"NA",NA
cvc5,1.0.3-1,cvc5,amd64,cvc5__cvc5,42db983573c8d912810b7a88ebd24e87ce8c17ba5bb5fb7c160006253500aead,460632,3603e67a0eb75d0cfaac356b916cb1fcdb94ad0b,yes,cxx,286016,"NA",NA
cvs,2:1.12.13+real-28+deb12u1,cvs,amd64,cvs__cvs,7f98985db05396a12ede16f6a48481f13ab35e3b039ca3cfebcc23cdfbe6d919,837000,6434a461293afab0f513e87ef039371fcbff57b8,yes,c,551342,"NA",NA
dash,0.5.12-2,dash,amd64,dash__dash,f5adb8bf0100ed0f8c7782ca5f92814e9229525a4b4e0d401cf3bea09ac960a6,125640,be6397ddffc3e384c505d7deab3bed190c884df9,yes,c,75309,"NA",NA
dataurl,0.0~git20191104.d1553a7-1.1+b6,golang-github-vincent-petithory-dataurl,amd64,dataurl__dataurl,3ac823380232d74774575db00bd72beda8a4bb57c3bc7e645b65f39a17df45f0,2795544,52689b0dc3a6c9f2119419605f9f03432d4abd3e,yes,go,1277683,"NA",NA
dctrl-tools,2.24-3+b1,dctrl-tools,amd64,dctrl-tools__grep-dctrl,5446942234ad469550ff9c6df328dac0604345ff8b2dabc6ee8a3bd9fb8ecdc6,53800,b035d598473b67525bd512b55faad6ed4d0e02f9,yes,c,25201,"NA",NA
dctrl-tools,2.24-3+b1,dctrl-tools,amd64,dctrl-tools__join-dctrl,ef6789df8298466d7fc0b83faaa04764a928a38f0a527a33f93c8dcac1324d89,35976,f48501953b28a8dbd3f18bd2ef77d965e7c7a0fc,yes,c,15137,"NA",NA
dctrl-tools,2.24-3+b1,dctrl-tools,amd64,dctrl-tools__sort-dctrl,3771b11a5b3f30a07689bdfc548f01197177fe132bb1f9957d283158963482f3,39912,0aabc150e977848edc514c3856d53e0b290f81c4,yes,c,16977,"NA",NA
dctrl-tools,2.24-3+b1,dctrl-tools,amd64,dctrl-tools__tbl-dctrl,8dac408c6407b5438f50a01098e28ee62884320e6b13dce77569c985c26c4246,39976,26fe0268c0a8956af0599a82cfd74fc175539ebe,yes,c,17041,"NA",NA
debcargo,2.6.0-2+b1,rust-debcargo,amd64,debcargo__debcargo,312fa9479f2a802857ad37977a9e176cee843a082c3133493db52f00eea49ed3,11459232,a6acedd0845b7206f9af102dd5e7ad69ac805a52,yes,c,8126494,"NA",NA
debianutils,5.7-0.5~deb12u1,debianutils,amd64,debianutils__ischroot,5a6f7f1afd73ebb908b673bc9627be9726d6dd50be2c08ab349e16d359defa8c,14664,935c4f8c8b01fdea7dde0c9ebf05a85dc83c31bf,yes,c,1196,"NA",NA
debianutils,5.7-0.5~deb12u1,debianutils,amd64,debianutils__run-parts,78b6e84e2a38fc763e71506c25cea342c7d83ff7d655577b798552f523b67f03,27560,67ebe195f5ac63c8df01b0d861a4bc764b103366,yes,c,5582,"NA",NA
debianutils,5.7-0.5~deb12u1,debianutils,amd64,debianutils__tempfile,3bed0e2f46c111dbe46f75d7f7c12a56233f234bb33a1ddc49ea47badcb3eaee,14520,1e2982e9faaebd89c441896a6773bc368a176429,yes,c,1724,"NA",NA
devscripts,2.23.4+deb12u2,devscripts,amd64,devscripts__debpkg,66ca2ab040c25cab3d6623b205bea8435c471583a301fb399d94a91daff0efb3,14416,6652d6d12ea36de807ef957ec2a305a9eea68bc5,yes,c,313,"NA",NA
dfrs,0.0.7-4+b3,rust-dfrs,amd64,dfrs__dfrs,7f09bb481c330dbb998da7345c404cbf9b9750d09c9030de126c3bb18af1f91e,2009656,7cf4bcb2ff6cbddba3acab998c40ac4ebcbacd99,yes,rust,1176315,"NA",NA
difference,2.0.0-1+b6,rust-difference,amd64,difference__difference,a3789954d63655eed5cfb0d9e3e28050a3c2d25b4a097acce170e7ac13a4b28e,412144,4904b8b75ec39b696c2257f9007fc78cfa6b7957,yes,rust,280577,"NA",NA
diffutils,1:3.8-4,diffutils,amd64,diffutils__cmp,13b9e7eddee255a5a5b334cae7c6e844c16d205e92f7cd6d94617301e2ba84d5,52176,fc0f95207125b3af81df039981fee8e1cc7535e2,yes,c,25237,"NA",NA
diffutils,1:3.8-4,diffutils,amd64,diffutils__diff,4de429713337777f44e9ef340176c2f1818c2fcfe0204ab27277595ff97dab77,155216,fb8b2c724ea573d58b7e0fa35e0b41e03b896d27,yes,c,93125,"NA",NA
diffutils,1:3.8-4,diffutils,amd64,diffutils__diff3,28b969ec6262924ba1d93fc320c43e01e89d9b97d74235cc86f2d9b263ed1675,68752,d0a2d4ac31264dd43ef49429feeddcd072fca8ad,yes,c,37269,"NA",NA
diffutils,1:3.8-4,diffutils,amd64,diffutils__sdiff,8b7cb3c89ca554fc5dcacdc04f503755198f9230391d8e6b80169b58210809ee,56400,c68ba396a6ebd7aaec18b5091e34154b1ce513d9,yes,c,25701,"NA",NA
direnv,2.32.1-2+b4,direnv,amd64,direnv__direnv,459d5d7abe4d1c8048bfbc549a9afa7dd02cc6139255b00658fa6c9d781b9240,6658840,5e35495cced7286967b14c1af2466d3e02873c8c,yes,go,3264163,"NA",NA
docker.io,20.10.24+dfsg1-1+deb12u1+b6,docker.io,amd64,docker.io__dnet,f3ddb4cdc990fe1a8bd6a9d76171283a4ce046ae880c118e5ae8563fc36992e2,16548920,af3cfbd7e7b82817c0ffbea409e2c852f30f9b55,yes,go,8147029,"NA",NA
docker.io,20.10.24+dfsg1-1+deb12u1+b6,docker.io,amd64,docker.io__docker,bc3982d00f5f9518b9f7fceb856767bbd7fe57b9b17d7f79484babb3e1c86959,45582984,33d27c8f403525e7762195f738ce245c4315cf38,yes,go,20391100,"NA",NA
docker.io,20.10.24+dfsg1-1+deb12u1+b6,docker.io,amd64,docker.io__docker-proxy,4c3230002788282b076edb27997d663a043f1208aae8b54117a68db45aeb14f4,1771584,308a4881002deb6332150d1b514680421cd2a38f,yes,go,811171,"NA",NA
docker.io,20.10.24+dfsg1-1+deb12u1+b6,docker.io,amd64,docker.io__dockerd,39ad7936d1af38671d2c4401df15e8c6610dadf38d7595bcb596b27ba30e74cc,75181184,4f65fe3c60abf27a050f9e6104529c955625be9a,yes,go,27245356,"NA",NA
docker.io,20.10.24+dfsg1-1+deb12u1+b6,docker.io,amd64,docker.io__ovrouter,81574a070a24e3b64d1639121a11a6649bd163da47d8f791fe0fafc76956de7c,11326456,b344ad67fca100a98a7036b198bf63ec0f7afa5e,yes,go,5575989,"NA",NA
dosfstools,4.2-1,dosfstools,amd64,dosfstools__fatlabel,80e74b25a68903d0f2edc8fc9e603d26f2e72732098c404999847919e5abf8ec,51432,ad4126573b1da977d08a20418a7e3696a23cac9d,yes,c,22081,"NA",NA
dosfstools,4.2-1,dosfstools,amd64,dosfstools__fsck.fat,db5bf3fa3a7c58f7a0db3ed6a5c6387c111da1c74ef5efee819b21135a983896,84208,4916295f1e79dc7c5612f15651d93f3558d838b3,yes,c,43198,"NA",NA
dosfstools,4.2-1,dosfstools,amd64,dosfstools__mkfs.fat,b4a68cbc6e7ea90184acc9b25386dfcf35d1edad6f422af49f9fa42bdb3853d6,64272,e5e8aa06c67e3a20f342f2e3fcda9b3694038218,yes,c,27601,"NA",NA
dotenv,0.15.0-2+b6,rust-dotenv,amd64,dotenv__dotenv,63d774cfcbb25ba3aa037b636bf08bf73b9a60ff590465f24c1bf048d9156929,940528,af7955f8049c86e76973273ce243283cc36a553a,yes,rust,650897,"NA",NA
douceur,0.2.0-3+b6,golang-github-aymerick-douceur,amd64,douceur__douceur,77cd79a90aa8c88359fcf3de3acb65ade113e20b77b6faebba2e138e3c77ed9e,3306008,3bf1cdc0b82b8e65ed0fcec9734635903dfec16f,yes,go,1517027,"NA",NA
doxygen,1.9.4-4,doxygen,amd64,doxygen__doxygen,f7fd51ad112a23d7c96c090273d51e13ab207bab2115bf099313f6e1014a389c,18738096,acc172047b696d01ed12a55bd839eca27f69c49a,yes,cxx,7737630,"NA",NA
doxygen,1.9.4-4,doxygen,amd64,doxygen__doxyindexer,f0ad3d2fb4cf6c75cd8c836e27dbf147103d9600c60db45215e2010f216cc6bf,184608,46071b9e63b629bd84e64e76d6d0797270e51a04,yes,cxx,107549,"NA",NA
doxygen,1.9.4-4,doxygen,amd64,doxygen__doxysearch.cgi,8c6d8dd744d823ae6ad3796ecdf027495069ee09e2035eb74a71cd66fb4ef06f,52112,31f549c5877504618739b4de672974b89b4a04d5,yes,cxx,25253,"NA",NA
dpkg,1.21.23,dpkg,amd64,dpkg__dpkg,f6a5bac0fd35a14257805d305ab2c406099901a16cdf22a4d546e51c5f8fb70d,318096,91a23ed1d062947a2b7a55864585ddcefa3c95a6,yes,c,169909,"NA",NA
dpkg,1.21.23,dpkg,amd64,dpkg__dpkg-deb,18454213ab4c274ebd877c1aaaa63813f0106ae56c52e2db8b63d9bda8297def,170512,33698f6dbd88dff83cfbc062b3bb6afa69f2679d,yes,c,85268,"NA",NA
dpkg,1.21.23,dpkg,amd64,dpkg__dpkg-divert,feacc04609a1add10a644d3fad043055c8e0df7d84076f058d5c6c1269c260f5,158264,8762b7b5eb814528276a7637bec08b5f14ce919c,yes,c,81204,"NA",NA
dpkg,1.21.23,dpkg,amd64,dpkg__dpkg-query,532ef769e93554259b8de5a9af1915fc63c46207d6283fa28e242db15e238145,162384,3dbe02323920be797c80cc79fa05e3ea61c50f8b,yes,c,86500,"NA",NA
dpkg,1.21.23,dpkg,amd64,dpkg__dpkg-split,7255cc3a79beea5ed43171b2eea3a0295a1bafebfcd5e6683d60b9fdf1d1cb5a,129520,ae1e5a4360d1210215fd74910611ba500ef3bcf6,yes,c,65924,"NA",NA
dpkg,1.21.23,dpkg,amd64,dpkg__dpkg-statoverride,1203417563327402a0663c7c230c2e0850b9832582b166709f8b385489fbddae,63824,c6c0dc5055e9c2b7d6d08a72356a9b228dad2260,yes,c,26009,"NA",NA
dpkg,1.21.23,dpkg,amd64,dpkg__dpkg-trigger,f0ecdfdc6b215a1190d49490a1efd5e8339c5197bfa9a5828ade7047e176692f,88560,2ac0134f3bbfb9fd22771eac907582ba969bd351,yes,c,41449,"NA",NA
dpkg,1.21.23,dpkg,amd64,dpkg__start-stop-daemon,1c218ca7feb91c9c97b09e1c36d77a0d72e7f0ab11e86d39da1bd9238e1a61ac,44464,ba960a0ffd2a8806a1c631d1764d443ea901fbe1,yes,c,13806,"NA",NA
dpkg,1.21.23,dpkg,amd64,dpkg__update-alternatives,5250cd3f2e953728b0bd8a89ce1f56e93d5d68df9d1f42f5107f9ef72c9e24ad,59712,60a13d1a1f852d324f17072d8f8f1bc2d0887623,yes,c,28907,"NA",NA
droid-juicer,0.2.0-2,rust-droid-juicer,amd64,droid-juicer__droid-juicer,7d585cf98c793a4f1c7202ee51f4a7551202759b822a59214cb6cd4588ea578f,1309192,704740d806aeeedc4ebaeecf0164b9a60bb00360,yes,rust,961697,"NA",NA
e2fsprogs,1.47.0-2+b2,e2fsprogs,amd64,e2fsprogs__badblocks,b7e58739572712b489f05ef8baaf87fa964d863b52cbcc042b1c44b9b200e58e,35072,6c4b565413421245445f037c53825c4c69ed932f,yes,c,12656,"NA",NA
e2fsprogs,1.47.0-2+b2,e2fsprogs,amd64,e2fsprogs__chattr,80c7bc9ca44cbd645607fbc542a8b7ad18e8dd77bfac23de9e459271643af24d,14584,d14f7e5b2f0d2e56b0907ffb6dd6edc8f4710e80,yes,c,2641,"NA",NA
e2fsprogs,1.47.0-2+b2,e2fsprogs,amd64,e2fsprogs__debugfs,be6904c094fb1ebd18c8282b3f872a4b9914e20e445a18b076282104d93cb3c6,239440,b17cdf499436ae81d02da2849f74a708922d95af,yes,c,117781,"NA",NA
e2fsprogs,1.47.0-2+b2,e2fsprogs,amd64,e2fsprogs__dumpe2fs,b95869045079389bde892c398c8147e4ca728eea83e53d5de8e2d818509f7e16,31040,ea1b1f5c82a3e4d741187fc51cf05fab258b64df,yes,c,9539,"NA",NA
e2fsprogs,1.47.0-2+b2,e2fsprogs,amd64,e2fsprogs__e2freefrag,49abd1b457973d027e6f8ac5c1f789cec03704db61f029bacb0625f2bf2ab535,14648,7949a790b21360a6255049d5e8594fc6a91202ba,yes,c,3165,"NA",NA
e2fsprogs,1.47.0-2+b2,e2fsprogs,amd64,e2fsprogs__e2fsck,c54f467a7cab52d61bc44ad010044a1f08653c1baff2f65497796f1cc793c4a6,356624,67e023373b40efa785a4c221ca7a3f765396aa87,yes,c,195667,"NA",NA
e2fsprogs,1.47.0-2+b2,e2fsprogs,amd64,e2fsprogs__e2image,e59ac8688d359b299ab7f6953b8b87a70c61c775bef3966a3758f2df04c5ede3,55760,002aaa9c067c0e574ff2b79fa67e4259fea6ec9b,yes,c,25279,"NA",NA
e2fsprogs,1.47.0-2+b2,e2fsprogs,amd64,e2fsprogs__e2undo,86b1804793123c5bebdc307e7612e34f61f8c20938239a1225265dde306dee18,22840,f95ab2c5e5134179815c4586120768fb99c81fd7,yes,c,5349,"NA",NA
e2fsprogs,1.47.0-2+b2,e2fsprogs,amd64,e2fsprogs__e4crypt,93229ee8753f107a34ae149cc557020a5bafd796a050c458f9238c4d530da1ea,26936,8fb2713a5464354beed7131e2a6b2ea9e75dd35e,yes,c,6832,"NA",NA
e2fsprogs,1.47.0-2+b2,e2fsprogs,amd64,e2fsprogs__e4defrag,c608b51681effd3cf05a93fba25aff70605ed16a1fba6b6b715e7e89b2b10140,30960,2bc578442c19c8ba7d7c872e4f4e01d9c7f97e2b,yes,c,13141,"NA",NA
e2fsprogs,1.47.0-2+b2,e2fsprogs,amd64,e2fsprogs__filefrag,f690176b4fd48c7a0ebcefdbd051cf63391b7c234d8af2e2bc8a8f05adbd7070,18696,8cd97cff6ff06e317b4db13afa0950ef112098e8,yes,c,6045,"NA",NA
e2fsprogs,1.47.0-2+b2,e2fsprogs,amd64,e2fsprogs__lsattr,d6c97f6f6a06cdf446be0aaa6fc9ba6f9a9036460c087b601b161d0840183c14,14584,bcc0b753ac92f3c61b2a47814a9921ed0c7da08a,yes,c,1791,"NA",NA
e2fsprogs,1.47.0-2+b2,e2fsprogs,amd64,e2fsprogs__mke2fs,86706a8f295ffc70ff52d2510decc49c15e91144622b17d02916e50d37187c7c,141904,396925565f937072e02e25a071da84628b5357f7,yes,c,74483,"NA",NA
e2fsprogs,1.47.0-2+b2,e2fsprogs,amd64,e2fsprogs__mklost+found,229950ade8489f9d3d7c133702f06743dce60feb016e93ef0ff13425cae41365,14576,a1f04c99c1eee6c459a129d41247b8cfd3257811,yes,c,889,"NA",NA
e2fsprogs,1.47.0-2+b2,e2fsprogs,amd64,e2fsprogs__resize2fs,8eb2e75bbd122d792aef4d225aa8b2c624f98620509083e44382aa27e02c717a,63800,ea63ac248a4849fc7c627545ede0a2bebf6780ef,yes,c,32773,"NA",NA
e2fsprogs,1.47.0-2+b2,e2fsprogs,amd64,e2fsprogs__tune2fs,e4fd70f39163bbd928ddfa20dd13c6ac5268e80254006df0f8041a84efbe2980,117264,05c20f4eab5d9fe59320b28087715b110f44ce6b,yes,c,62147,"NA",NA
ebnflint,0.0~git20221028.83b7d23-2,golang-golang-x-exp,amd64,ebnflint__ebnflint,e2c0115a512baa39c656ef3d2de9f293eb91ce9abaed0d19d96d18707e6e9c36,1375576,NA,yes,go,603372,"NA",NA
ed,1.19-1,ed,amd64,ed__ed,338cdd60569b54bf80a37f1513b85e1b415cea58bd86226d9190bc94e427f4c1,55744,b5b93805db489eaff820fcca501491858986611c,yes,c,29615,"NA",NA
elfx86exts,0.5.0-2+b1,rust-elfx86exts,amd64,elfx86exts__elfx86exts,a6a09b1743522c7c2c8d8b4a006692ab7439504c89b8728fcdf518efe227f601,9394720,680567a7f9fd6c1bd029c2e1a37f900c974535fb,yes,c,1648033,"NA",NA
enmime,0.9.3-2+b6,golang-github-jhillyerd-enmime,amd64,enmime__mime-dump,c9cad3b3e8fac69779257fae3b761c85cabbb6a7142bd37f43083614c1f0f109,3884224,bb7bb9ba1cee0dd76e64d989157ca8078ed5b6cf,yes,go,1412019,"NA",NA
enmime,0.9.3-2+b6,golang-github-jhillyerd-enmime,amd64,enmime__mime-extractor,84d8f88f19cfd67acd1af22964a34166b5ae434a04a435f895cbc08895f78f4b,3958080,224d6eaf06ef7815324f557d975e7e0da37879e9,yes,go,1445507,"NA",NA
esbuild,0.17.0-1+b2,golang-github-evanw-esbuild,amd64,esbuild__esbuild,95f70892112f784eee50f804ca1f46faf3929fb3b300e7df6651f41ebe563a27,9043192,3efd28e15394685922a0725acf942efc36ffe6ed,yes,go,4845571,"NA",NA
etcd-client,3.4.23-4+b4,etcd,amd64,etcd-client__etcdctl,b38b6112aaa3d6056e4cd39d2f9769d84c9ae1fd729513ab473ee66f597d8934,17157344,bd9e6a50d02f98b64618dd6d43dbd062df1daa37,yes,go,8042499,"NA",NA
etcd-discovery,2.0.0+git2019.04.19.git.78fb45d3c9-4+b13,golang-github-coreos-discovery-etcd-io,amd64,etcd-discovery__discovery.etcd.io,534339925503dfe09fe0e7b6cf57beba4bce96c2dcc4dbc13045e8ea9fb43b93,8666712,b3037e21ab6fc448b4d62f6581ca2d8c0ed6aab9,yes,go,4373507,"NA",NA
etcd-server,3.4.23-4+b4,etcd,amd64,etcd-server__etcd,a45de16600eafc57939b84013b0522c4670435471eb4073dd963d01e0eb5a217,21529688,1c7d76a9f3bb327ea515919c8180a9a16b51ca91,yes,go,10482755,"NA",NA
exa,0.10.1-4+b1,rust-exa,amd64,exa__exa,c104a51e6ecbc8059db4dd3b7021f224fe3b20dddc24d54eef435840d5984034,887640,c11c32a45f80b8d78eb4eb4b865831ada426506a,yes,rust,647002,"NA",NA
exip,0.1.0-2+b4,golang-github-glendc-go-external-ip,amd64,exip__exip,aaef4a15792f006355afc5e09f86d133ce0025a2954ab341a9d00116bb402890,4662232,711f2265fc4ad73d33d1e873f5f3d0e5b74fcec2,yes,go,2258755,"NA",NA
fakemachine,0.0.4-1+b2,golang-github-go-debos-fakemachine,amd64,fakemachine__fakemachine,e446169dc78968d7f6372d1fb1b2f7beff39924294bfb803d707f2d9a14c0c1b,3466136,NA,yes,go,1672987,"NA",NA
fakeroot,1.31-1.2,fakeroot,amd64,fakeroot__faked-sysv,c86babf3e9251fec66df30e67ad70e17a3c47ad4a75a42f4b617bcf573c11663,35592,f226a4721bd84eb8f2332db62c934a9cc23cdc6b,yes,c,12636,"NA",NA
fakeroot,1.31-1.2,fakeroot,amd64,fakeroot__faked-tcp,46a0970fc6daeb0e49ef3fb261dcbdd2c8d21c993119af571c42d904a8449eb4,35616,af209478f38c74a3a332a4b53e9830ed72be6a01,yes,c,13978,"NA",NA
fd-find,8.6.0-3,rust-fd-find,amd64,fd-find__fd,55ee782232d1d454f885e32b34238ad24b9725113edf07cfc4262cda46a4c200,2960136,d22523bcbd2c6d21f3214b5e8bd89934334bd67f,yes,rust,1970261,"NA",NA
fernet-go,0.0~git20180830.9eac43b-2+b8,golang-github-fernet-fernet-go,amd64,fernet-go__fernet-keygen,9ad84a41dffe8ba11aeabd78175935c57d08d8765a45ce65385d1b1fd3ded80c,1330488,NA,yes,go,589518,"NA",NA
fernet-go,0.0~git20180830.9eac43b-2+b8,golang-github-fernet-fernet-go,amd64,fernet-go__fernet-sign,2d5e745b8dd44d09099389d8b0d52ed911acfa550cfa4f16d1201dbdaf0baed6,1388152,NA,yes,go,614362,"NA",NA
ffjson,0.0~git20181028.e517b90-1.1,golang-github-pquerna-ffjson,amd64,ffjson__ffjson,2c976cd71ff0b25b86743364b137dce19abc7d1f2366bb4aeae90a9724972552,3561176,NA,yes,go,1808074,"NA",NA
ffmpeg,7:5.1.9-0+deb12u1,ffmpeg,amd64,ffmpeg__ffmpeg,0dafc1360bb07743f76abeb1e4ae16b0aaa1331e9041a0e8d6a8524111dc0cbb,293288,866aeb0786a133ca44a27eb07f9f84a2005495d4,yes,c,168095,"NA",NA
ffmpeg,7:5.1.9-0+deb12u1,ffmpeg,amd64,ffmpeg__ffplay,7ee3207dabb62522616e5eea264c02732b9bc38b372c0963ecc8515472d25fce,145816,e8b7398a4c554b68032f642fcf3405bc35e6424c,yes,c,69159,"NA",NA
ffmpeg,7:5.1.9-0+deb12u1,ffmpeg,amd64,ffmpeg__ffprobe,0e598fe6d247bfe63757f5c839dc145a166b3f876f2875ca88a306a5b8ec5a58,187336,51087bd6c2859ad888ee8987839e52b11cab01a1,yes,c,95569,"NA",NA
ffmpeg,7:5.1.9-0+deb12u1,ffmpeg,amd64,ffmpeg__qt-faststart,4d67980bcaf7757cca1547e288a5ae042a6d41733fbe5f5c2ae610aea2b23357,18664,637e844314878c7c4f0478da55f82b2e3fa3fbde,yes,c,5080,"NA",NA
figlet,2.2.5-3+b1,figlet,amd64,figlet__chkfont,cc728e61698b8e4b2cf8c4e13cc2474391df54fc4ff3e7de0e48622053e80260,18440,17a7fde480e3cf08d46444ddc101986d18a75d16,yes,c,5777,"NA",NA
figlet,2.2.5-3+b1,figlet,amd64,figlet__figlet-figlet,69c7ec1f3c7a7c6b345133452d18d47f7f30f0efae24b0dc68984a664aa6c394,47168,faf1cf0d6198054685508c6406108aa47685dd78,yes,c,26721,"NA",NA
file,1:5.44-3,file,amd64,file__file,6f9e3293d55b5b36def69668e0ee9fc7be526ad26f915f7f58823dffcb3babd2,27120,966425c361b63d074fc66bf6e1c2bb9abe6f3bd5,yes,c,6784,"NA",NA
filespooler,1.2.2-2+b2,rust-filespooler,amd64,filespooler__fspl,14e4c6436ef70a91438d76b0ef19bb068418647dce27ea0ef987093b29913b51,1630000,f7a2b8cb539fd872549c02a77c302a03c3d765e8,yes,rust,1106865,"NA",NA
findutils,4.9.0-4,findutils,amd64,findutils__find,c703b94ad3448bccc79cda80520964c8d371918a39eecc27f8d60f4e8891770a,224848,5545a6c7162d325fbe5ffabcbfe4e5521b66ce70,yes,c,131070,"NA",NA
findutils,4.9.0-4,findutils,amd64,findutils__xargs,d6348606af361a755aabde53f6c367b87850ad44600e2b1f895f3515366b894a,72136,d49e1129157b74136919407d9a0bea4fe7301abc,yes,c,36974,"NA",NA
flac,1.4.2+ds-2,flac,amd64,flac__flac,da34847b425d59d2126ef841833d9833830c8584a775fecadabe7474c60f0cf6,243272,e4b369fdf9358f93b75cfc71099f6f1b26d2ce36,yes,c,135113,"NA",NA
flac,1.4.2+ds-2,flac,amd64,flac__metaflac,3cefec0c9f4dd1f8d569db7e0e76075cc4dff3a4c860cce3585cd7cbcca069af,139376,0549da129f38a31a473a637e5c8bc2aadf971789,yes,c,78780,"NA",NA
flex,2.6.4-8.2,flex,amd64,flex__flex,c4635f64b06ab06a01c67eee32f612dc4e28dc743ecb5cd88797e29693b88426,443136,ecbedd8b0ab88f1bc0fec057d5b64f9793ccd53b,yes,c,137240,"NA",NA
fortune-mod,1:1.99.1-7.3,fortune-mod,amd64,fortune-mod__fortune,a793975cf7da86ae0b4186753f49d0515d00146108907d60fca773bdf759c518,31408,225a6923645a5f22d4739a3251b45baf2c02cb03,yes,c,12456,"NA",NA
fortune-mod,1:1.99.1-7.3,fortune-mod,amd64,fortune-mod__strfile,cea5803ac9d74f1345e17ddcde24450ef61e773f5babdd25582680ce6bd88be8,14696,8931ed5d155501365184b64a7aa2ad6860569a82,yes,c,3481,"NA",NA
fortune-mod,1:1.99.1-7.3,fortune-mod,amd64,fortune-mod__unstr,74e6ca6c254477b6b543cc79637fd82ecefe9aa39e84f6c60763ac4ec1bf7340,14624,990b1dac1c2c7833e6044155e8624a18980fcbe2,yes,c,1635,"NA",NA
fuse-overlayfs,1.10-1,fuse-overlayfs,amd64,fuse-overlayfs__fuse-overlayfs,c4c6dc837e5fc78610a0309bb458ba461c9eb248bc68031d0ebd4e26a3fc6e4c,96888,d0d8a6c88f1bc0300d34c45f8e3b2907c08c671f,yes,c,59108,"NA",NA
fzf,0.38.0-1+b1,fzf,amd64,fzf__fzf,7fc49c16d1cab1d5c54594d0c91c5e3ad55cc78689706fdef36d9206eb00b6c7,3274176,5e5f5c7fb17b859808032483b215a91880fdc38f,yes,go,1448355,"NA",NA
g++-12,12.2.0-14+deb12u1,gcc-12,amd64,g++-12__x86_64-linux-gnu-g++-12,dd91977c184e327710578363ad93ebb175c3a457b6236b874fd3911b7c055c65,1305592,499771b073383f5bed7ffdc087ebadbeb27f860d,yes,c,625566,"NA",NA
gawk,1:5.2.1-2,gawk,amd64,gawk__gawk,f67ae79386186747c21cb4ca6d449161490840fff1ec6b9d8123641bfe6fdc27,713152,0585c99dab453c12da422f6dc7423b6e315c6f06,yes,c,534789,"NA",NA
gcc-12,12.2.0-14+deb12u1,gcc-12,amd64,gcc-12__x86_64-linux-gnu-gcc-12,75e997ec62297a6484f491bae28ab0ccb489daba23e398fd10fe68e9e6f0def8,1301496,fe89f8172cfbf6a67124ac062279dd05b6a0aa20,yes,c,622782,"NA",NA
gcc-12,12.2.0-14+deb12u1,gcc-12,amd64,gcc-12__x86_64-linux-gnu-gcc-ar-12,f48aa812eae2d8f2453f62116e7ccbd7c0e2b0f7b9dbf21e955c8886791f2a84,35368,dba458221b9c930d28e78036debea460cdbbcba3,yes,c,13118,"NA",NA
gcc-12,12.2.0-14+deb12u1,gcc-12,amd64,gcc-12__x86_64-linux-gnu-gcc-nm-12,460024400b14e4de325116deca4a202e7406dc442a38d57531c81791930be463,35368,f7b02644c55ef0da44c24af2cda4ff5013cc7023,yes,c,13070,"NA",NA
gcc-12,12.2.0-14+deb12u1,gcc-12,amd64,gcc-12__x86_64-linux-gnu-gcc-ranlib-12,936d3381ec46491b3dc24de93866de1fc7813702af7c5518ce20b8f67b979ba2,35368,63894723b8a1df38c740e1c624a5102016ef44e0,yes,c,13070,"NA",NA
gcc-12,12.2.0-14+deb12u1,gcc-12,amd64,gcc-12__x86_64-linux-gnu-gcov-12,64279c63fac173e6b78d219cffbaa657b20afd7907f7e020a6a73580f5d70ed6,737440,c91544c9176afb418d0981776cc46b3eb12b2656,yes,other,524780,"NA",NA
gcc-12,12.2.0-14+deb12u1,gcc-12,amd64,gcc-12__x86_64-linux-gnu-gcov-dump-12,c7227361ab9756cde66cea55c8f1d72741d94b7551c2350777a17101a4ae6b23,581656,548d5b5b0b4d64592015bb978b66bb705ce4165c,yes,c,409052,"NA",NA
gcc-12,12.2.0-14+deb12u1,gcc-12,amd64,gcc-12__x86_64-linux-gnu-gcov-tool-12,c3eb076754a86e09fcb7093ef19c8134aa7c1adffc628d3ccf12aea7a50902e1,602200,4b17a23b6407680741b83345ded8ced928c573e1,yes,c,425516,"NA",NA
gcc-12,12.2.0-14+deb12u1,gcc-12,amd64,gcc-12__x86_64-linux-gnu-lto-dump-12,0090ca1feb4e704cb2e8be1690888218fd64fe7896f00a110ccf3ee508722f0a,31945032,24e8b1fe4b387a10837b2c61baac9ddca63a1cad,yes,c,19910684,"NA",NA
gdb,13.1-3,gdb,amd64,gdb__gdb,762f9d48202dd341e170d8302543f35622417b4e39bfce9a270d06943702e754,10395104,19ccae850d4af48458ebab9c6b05c43b8a759465,yes,cxx,6158510,"NA",NA
genisoimage,9:1.1.11-3.4,cdrkit,amd64,genisoimage__devdump,e61c42c1411c1adf00531bd813174c352dd71db9726659a834d0f939307aa996,184496,0ddfeefd7dd08fc190f0b6160ca1f4103fd913aa,yes,c,78161,"NA",NA
genisoimage,9:1.1.11-3.4,cdrkit,amd64,genisoimage__genisoimage,fd29f111c051f915d74fe3481fc12f3de1fc6ce09c1a6f7ff3e2dad60ffd177a,646320,5427f85082f3a379984fee1c79cf9bf23473756b,yes,c,266349,"NA",NA
genisoimage,9:1.1.11-3.4,cdrkit,amd64,genisoimage__isodump,3990f4d67ff1fa000091620b91020d3d9e69fb694d486add1f2efe3ac2f8e5cd,184496,9d259fc921e930fba02d09d4620c46b0bc408bf0,yes,c,80033,"NA",NA
genisoimage,9:1.1.11-3.4,cdrkit,amd64,genisoimage__isoinfo,3886e4ce5c3ca9a535e3c0fe6a7e42a91d81d3262b448835d9193c6d2cc1a232,351664,e1d5f84c29b279bb830e1db08467605c59fea078,yes,c,86129,"NA",NA
genisoimage,9:1.1.11-3.4,cdrkit,amd64,genisoimage__isovfy,0b965a57f5a8f0bd7814595ca0e7b63282a2c2378e70d110460a60bb2a97f5aa,188560,9abb1e390ff95091a0f5adbd8540ec5cc3534f01,yes,c,80625,"NA",NA
genisoimage,9:1.1.11-3.4,cdrkit,amd64,genisoimage__mkzftree,0cacbd2ca42c03064b7e170da465f4eb5916d9f057362d4f747efefdea6e9574,31584,8079b1378169cc1bf9e2c9ca56c2e7cf367388bc,yes,c,7489,"NA",NA
genny,1.0.0-8+b12,golang-github-cheekybits-genny,amd64,genny__genny,8952c92d2342d4a05d77c179265756f0130555cdafcc32cf3a2a4b18c61c93b6,6716632,54159110a542b6a2cdda2eacb0ccf8899024ec54,yes,go,3220035,"NA",NA
genxdr,2.0.1-8,golang-github-calmh-xdr,amd64,genxdr__genxdr,32c7917a7acadd67a8c3fe2efbd62f07bef1f22c59b2a4c09a1079a6ce162d30,2904568,NA,yes,go,1433108,"NA",NA
gettext,0.21-12,gettext,amd64,gettext__msgattrib,54580d74c3c60e35baa565a68069ac5b4ac9cdf267d5c9b138e9565c7bcc0534,26936,9754ef85f378192c474fc5045544453a4fcc39c8,yes,c,4334,"NA",NA
gettext,0.21-12,gettext,amd64,gettext__msgcat,c3d47fa984f37b1700c8dec83441eaa3d825e134d4968b05a0312b07600b3383,22840,abd7fe654f5eb3a2c234e0da89041cd35ecbe664,yes,c,3198,"NA",NA
gettext,0.21-12,gettext,amd64,gettext__msgcmp,fecf883f15b735bb877c27ba63d7742f7ecf63e87bd3ec5360265b8f84354d8e,26936,3c8b7619c16577b434b749a1d56ad44c7ec24aa8,yes,c,6286,"NA",NA
gettext,0.21-12,gettext,amd64,gettext__msgcomm,ac4447782120e48c55afafae3454c4a37feb9b59cb1ff16351bc2cf4dbff104a,22840,2037b61c4db9638206081fd07ca208c3fdeb880f,yes,c,3150,"NA",NA
gettext,0.21-12,gettext,amd64,gettext__msgconv,2ae8884d125986c3a3eee8db2bb277f8625c604bf95904629943842e3c271d21,22840,b230f4211977408842c7346598ecb0697d037e23,yes,c,2734,"NA",NA
gettext,0.21-12,gettext,amd64,gettext__msgen,33c28e42eacc75e98ccb554825fe73d037dc6481bdea0b3e1b357ac4a6c507f5,22840,df0605785b4ad550af0e9ce58e5944b954a85b5d,yes,c,2670,"NA",NA
gettext,0.21-12,gettext,amd64,gettext__msgexec,276439852aa71d92e607d20a815fd8a04525a9a762b15fc9576f68a136ed5035,18744,02d277034d744a502455120c649b965b33674ae9,yes,c,3054,"NA",NA
gettext,0.21-12,gettext,amd64,gettext__msgfilter,c59baedfb6ba51ae826c0c24bebafe62703ba245c8a8e2b9407c0656cfe5427a,31032,c56ebff389a5ac24edc958a0cfba6d17c6ec1469,yes,c,7342,"NA",NA
gettext,0.21-12,gettext,amd64,gettext__msgfmt,4f024c278fb67bfccbeaa3565a59da34c50196b506cfb2163d878e0ef0bcca5c,88576,17491b9f9e31d9ca8df1fc0afbfd3ace6481f478,yes,c,41246,"NA",NA
gettext,0.21-12,gettext,amd64,gettext__msggrep,ce7bd665d673f0295a3d07c46dfe21f4ba4dde810aec3186121d6cd42f1813e1,117168,40455ef1c57429f0f075bc93b2a8c7136a32eecc,yes,c,79918,"NA",NA
gettext,0.21-12,gettext,amd64,gettext__msginit,caaf8d775df10b705a4249345de879fc2774b7398c3c6ba126051c7e0d3a84a8,68248,f1245887fa023471c453e0bee7f1fc1b4a914050,yes,c,12318,"NA",NA
gettext,0.21-12,gettext,amd64,gettext__msgmerge,c3f92a10cc2e5c7f6e410d6646d87a4f6f5df0a3b3ea2d0783657f44f77d8daf,72376,678b8f9909e9e392fbbdd49ea98cdc0314d84b38,yes,c,18478,"NA",NA
gettext,0.21-12,gettext,amd64,gettext__msgunfmt,dd2ab71d5ac274d3c3fd13d8ca75324d11b0cbf6f0a7045edaf70b3f370c9865,35144,a45f161f1a82eff81c8faea2095a3b35d177b1a1,yes,c,11022,"NA",NA
gettext,0.21-12,gettext,amd64,gettext__msguniq,9833419f17e9e4ef9a883d8bb835d65e6a6295dbe439027685b95c8c6f82a32e,22840,87b7f53be90a5c8078704496c38db001c57e634b,yes,c,2926,"NA",NA
gettext,0.21-12,gettext,amd64,gettext__recode-sr-latin,882a4a3bf3cb65eaf616e93b83cb6daf5fbe06f1311d38ba161b0c505a167720,14648,e15538b1f3e2a58a121a038f557769d023b34002,yes,c,2750,"NA",NA
gettext,0.21-12,gettext,amd64,gettext__xgettext,c10198ef6c1f08107aa35ab6a18ef8c6513e14800bb88df6038f4202b4430e07,299808,a172718767f728f9e35b4e08fd37ce4d39eb7c44,yes,c,186494,"NA",NA
gforth,0.7.3+dfsg-9+b3,gforth,amd64,gforth__gforth-0.7.3,c1ac5b9f6ce48e0f428659ff78f0c4482ff8ac4c6d05a9e7d5e8a0134b067ed4,211232,c1f0f11f2d0e3f55cc45561d0d4b677738125d2d,yes,c,66215,"NA",NA
gforth,0.7.3+dfsg-9+b3,gforth,amd64,gforth__gforth-fast-0.7.3,a770d5fe23093ed4d4c09278f237f451571c054c534aaa87594f77d98682c317,218720,dbade54bcfda78e511700a9ae0cedcb707180ba5,yes,c,63447,"NA",NA
gforth,0.7.3+dfsg-9+b3,gforth,amd64,gforth__gforth-itc-0.7.3,3212ec7f4482d8b6345215529591f58d295f960168aa61889a959458f1fbe873,118528,4a57b5eaac1f3e98f3b9fbff53ec97f086bee5ce,yes,c,32471,"NA",NA
gimp,2.10.34-1+deb12u10,gimp,amd64,gimp__gimp-2.10,1a04da13fa8fd31a4c498bd640690366593a4f90b35fc276f1ad38b3fbe803cf,9853160,d8dd489559e9d9197c168709fceb93d999a143df,yes,c,4649900,"NA",NA
gimp,2.10.34-1+deb12u10,gimp,amd64,gimp__gimp-console-2.10,980d00a84ab6a45cca0d2ff4caaacff49ae5f848ac57c02035da56c50eb87507,3763864,6363ef18d09ea6c9ba5e26a34a7192088627d6c8,yes,c,2269548,"NA",NA
gimp,2.10.34-1+deb12u10,gimp,amd64,gimp__gimp-test-clipboard-2.0,ed5688c3a45b34ae00cd323adb17e9ffdc3a74af2d46aed7c0fc3e7bd5662e6b,18744,1f2bff42c739146f3b5e9e9d3c7acb60b2c7f345,yes,c,1996,"NA",NA
ginkgo,1.16.5-3+b1,golang-ginkgo,amd64,ginkgo__ginkgo,0595074ff81ae4f17abfd017521dbb9f8e7be7ee9ea17e3c2d8ecac27f01ca51,8588024,e1eb1d681ee9c7b0b1fe1efcc0959e233c492bfc,yes,go,4353267,"NA",NA
git-lfs,3.3.0-1+deb12u1,git-lfs,amd64,git-lfs__git-lfs,ce21d04c6416edec8f483387ad0abdb0e219464f0eb6081e06d829597d0a522d,11059608,9bc905b4cdcf1d4abbb00e30189aee1c6b506752,yes,go,5330067,"NA",NA
git,1:2.39.5-0+deb12u3,git,amd64,git__git,2540879925a6881e3877ff7e3330746ba3027b04edf16a3a12dccd1644c4f32d,3713416,a91136fac508c2f5e175d2f171ba40c017b37072,yes,c,2672750,"NA",NA
git,1:2.39.5-0+deb12u3,git,amd64,git__git-shell,089ffcd905885be7c30b487a4b62780fe09f5f296962b67b6044671bbc4842f3,2141792,f4d03ec2ddb92109573c314979cc5afe5f117a41,yes,c,1600094,"NA",NA
git,1:2.39.5-0+deb12u3,git,amd64,git__scalar,bc61275a274d942f1343605492183831307941e5275c5cbce79ff419f95946e9,2199656,05dccb7c5c9fc6afdda1ca8b2ea9c40be1cca5b9,yes,c,1619006,"NA",NA
gnuplot-qt,5.4.4+dfsg1-2+b2,gnuplot,amd64,gnuplot-qt__gnuplot-qt,de2fe9feed645860bc48e4942d1e6fc3e6f9ec524c086ed8c8c973b829e4beef,1983296,85a483c0ab720ef1f8cd45c2497c935c7865a2b0,yes,cxx,1238334,"NA",NA
go-bindata,3.0.7+git20151023.72.a0ff256-4+b5,golang-bindata,amd64,go-bindata__go-bindata,a0cf2cae66faf78301409060f1832ca1b06a1367334507df57dfd4504dd68238,1771832,NA,yes,go,825247,"NA",NA
go-bluetooth,5.60-3+b4,golang-github-muka-go-bluetooth,amd64,go-bluetooth__srcgen,6ac0611dbca554e0ef887930e1213ae768aff619c35a3dd158ff33609681ec22,5538168,NA,yes,go,2700229,"NA",NA
go-bluetooth,5.60-3+b4,golang-github-muka-go-bluetooth,amd64,go-bluetooth__tests,d2edfe5fb89e1f5325b66cfd1ad1dc349839bfaf11315c34785eccc343294a8c,3466464,ccd50cb2af440471110dc196c96246a5cb3fa657,yes,go,1637555,"NA",NA
go-dqlite,1.11.5-1+b4,golang-github-canonical-go-dqlite,amd64,go-dqlite__dqlite,ce97d05fdd433d845849f1ba81629771e6f47a08526cde1e3a71417e98558119,6771512,dcac295cdd0a1712b8367020914b066e4f50eded,yes,go,3380379,"NA",NA
go-dqlite,1.11.5-1+b4,golang-github-canonical-go-dqlite,amd64,go-dqlite__dqlite-benchmark,da4ba0c4e840f621344e9ca9643442619b0ab55727e129e4f42dc5e5076ed707,6784056,fa889c2f7c20c0794387719df981a216c6561eed,yes,go,3387734,"NA",NA
go-dqlite,1.11.5-1+b4,golang-github-canonical-go-dqlite,amd64,go-dqlite__dqlite-demo,59b43bc020b266a82c90236b9418e9394ec0bfec1fab6b3cd55a2c237f8df780,7893552,4871a3b20f50a4bcaeae159c97fe50036efad64b,yes,go,3879051,"NA",NA
go-git,5.4.2-3+b7,golang-github-go-git-go-git,amd64,go-git__go-git,6158ef98510fe54d41e66e4ccfa3ae72cc6dd86ed7cfbe8c7a4e52516b04181e,3729496,NA,yes,go,1786227,"NA",NA
go-internal,1.9.0-1+b4,golang-github-rogpeppe-go-internal,amd64,go-internal__testscript,b5c388198e651fd43048a19f6d2689bc3876ff0f551702c7fdce835b5c718dfa,5372376,c6261ff92b4018fd416d4f73d8131e14a18c0479,yes,go,2631187,"NA",NA
go-internal,1.9.0-1+b4,golang-github-rogpeppe-go-internal,amd64,go-internal__txtar-addmod,248e55035471992cba2ee05c29b3398a4fc6c1f016a35340f8e08bb78976b8ef,1600568,NA,yes,go,730090,"NA",NA
go-internal,1.9.0-1+b4,golang-github-rogpeppe-go-internal,amd64,go-internal__txtar-c,9e61b65d3be99dd06ca3f803ca4e1e4592fac683d306928c469f4810a876aeb2,1452696,NA,yes,go,659045,"NA",NA
go-internal,1.9.0-1+b4,golang-github-rogpeppe-go-internal,amd64,go-internal__txtar-goproxy,c863dfefb96ab4acb7fa0be4a584b964b4a1cebee1e6c5ac8f5fc644e5f9796a,5076472,bec20072dd5bdfbff407ff16124453424ece142f,yes,go,2480419,"NA",NA
go-internal,1.9.0-1+b4,golang-github-rogpeppe-go-internal,amd64,go-internal__txtar-x,36739cd0807ca1517f0d63844d9f30107153ceed511d7ee3cba50eba0fe5abcc,1423960,NA,yes,go,641846,"NA",NA
go-msgauth,0.6.6-2+b5,golang-github-emersion-go-msgauth,amd64,go-msgauth__dkim-keygen,21563ac01a5b11777667451b887aea578a185fc5c7247bca3a0ccf30a3f6241d,2181920,5b2f0df5fd97de3172af85c2284678cc5a0fa2fa,yes,go,1037475,"NA",NA
go-msgauth,0.6.6-2+b5,golang-github-emersion-go-msgauth,amd64,go-msgauth__dkim-milter,1e23d153e66807b19871ad8099f4eae513d85f5c4171671cf1417e9f661f514b,3379072,a951e043f274daa9a0f5815dde3f6c0d60b1c618,yes,go,1666595,"NA",NA
go-msgauth,0.6.6-2+b5,golang-github-emersion-go-msgauth,amd64,go-msgauth__dkim-verify,12f97b6b6c181427ec86d3e8986b34b53044be3fa91776f939ca5ad01a8dc5b5,2815040,1fbf68f4b247154acfa10a819a09d45765346e72,yes,go,1374947,"NA",NA
go-msgauth,0.6.6-2+b5,golang-github-emersion-go-msgauth,amd64,go-msgauth__dmarc-lookup,e137020c5636dda3b371c605d60efb886baef8f700f08731df41d368592ee341,1881664,2b59ff79266c6cca540453a3067079157d933bfa,yes,go,871907,"NA",NA
go-org,1.6.6-1,golang-github-niklasfasching-go-org,amd64,go-org__go-org,9bfd6575d183ae158304c493f49e9067cd1aca536871da6038cdc9ce8753102d,10247272,NA,yes,go,4259503,"NA",NA
go-staticcheck,2023.1-1+b3,golang-honnef-go-tools,amd64,go-staticcheck__go-staticcheck,852cc609fb8400bfe440c4bafed731deac28c0a6eaf1ea94d6473c3d950ab37a,9152280,07bafa409e3d36d46c9398e85ab4ef8bc278b996,yes,go,4669219,"NA",NA
go-staticcheck,2023.1-1+b3,golang-honnef-go-tools,amd64,go-staticcheck__unused,1b53383a01797966e2a0bda180d264947bbd14ca3eca733bf3a0ae5883a28fbb,4558232,NA,yes,go,2329930,"NA",NA
gocryptfs,2.3-1+b4,gocryptfs,amd64,gocryptfs__gocryptfs,d7621b6dbb1dd05c47afbc93ba25ce3573c7eb3e9b8ae0cca820ebb33b675dfd,4118400,350c5820b41834d84b643ddfa1a8816f1f3fbc20,yes,go,2032229,"NA",NA
gocryptfs,2.3-1+b4,gocryptfs,amd64,gocryptfs__gocryptfs-xray,3d2e3bafeba57e888be4740279a4413ef9483d061c94848401be867916a5f877,2798560,fcd8f50504e0a3cef6fc2170374ba92ee6d36998,yes,go,1336947,"NA",NA
gocryptfs,2.3-1+b4,gocryptfs,amd64,gocryptfs__statfs,10a266f67badd3e2db30c9115a0f80dfeb11492ce0492a2583d886f532e026da,1459352,NA,yes,go,646154,"NA",NA
gogoprotobuf,1.3.2-3+b3,golang-gogoprotobuf,amd64,gogoprotobuf__protoc-gen-combo,1a3f74fdebe2620252913f224e0d6ff98bd7abadce8b5f479535d6b218216647,1537688,NA,yes,go,694730,"NA",NA
gogoprotobuf,1.3.2-3+b3,golang-gogoprotobuf,amd64,gogoprotobuf__protoc-gen-gofast,71619201d7bb6ebf53cab41972fda6efd06fa642a68e80b0a1b285f3647e7161,5821560,NA,yes,go,2862213,"NA",NA
gogoprotobuf,1.3.2-3+b3,golang-gogoprotobuf,amd64,gogoprotobuf__protoc-gen-gogo,ea2c826f2aa288340eee57b7918dade7dfafc84b30dce174d6d2d356f32ef46a,5817432,NA,yes,go,2860886,"NA",NA
gogoprotobuf,1.3.2-3+b3,golang-gogoprotobuf,amd64,gogoprotobuf__protoc-gen-gogofast,2dbea56bf3c8b681d14dd24184055f76ac1c1c482a921c12ca3680853be2fcc4,5821560,NA,yes,go,2862762,"NA",NA
gogoprotobuf,1.3.2-3+b3,golang-gogoprotobuf,amd64,gogoprotobuf__protoc-gen-gogofaster,e0108c92874fe7f00d2abe89c7a0a5dfa1e106f1616919bbe2a55b518d0aba92,5825656,NA,yes,go,2864383,"NA",NA
gogoprotobuf,1.3.2-3+b3,golang-gogoprotobuf,amd64,gogoprotobuf__protoc-gen-gogoslick,85bcde5873a3c6558da8dd60b7ed57573bd70d7f576af9ab5e7dc8fd7a7c6177,5829752,NA,yes,go,2865450,"NA",NA
gogoprotobuf,1.3.2-3+b3,golang-gogoprotobuf,amd64,gogoprotobuf__protoc-gen-gogotypes,f3371310bc6aad834656237bd81d753a47d34c9271a997ed3bdfbba626489e2f,5825656,NA,yes,go,2864338,"NA",NA
gogoprotobuf,1.3.2-3+b3,golang-gogoprotobuf,amd64,gogoprotobuf__protoc-gen-gostring,c4fb94a3c90c48434a96617d556ea64f599c3b01bce7dd4febb003a1e2f7b4cd,5780600,NA,yes,go,2843623,"NA",NA
gogoprotobuf,1.3.2-3+b3,golang-gogoprotobuf,amd64,gogoprotobuf__protoc-min-version,1e8053352af4faacffe4d3e60abfbd3dfffdd5b41cf297e207c5264e86c9cc26,1459448,NA,yes,go,655614,"NA",NA
gogottrpc,1.1.1-1+b1,golang-gogottrpc,amd64,gogottrpc__protoc-gen-go-ttrpc,d96dc4210af80c47f3c11270634fbd1356d45adaf7b63707a022da21ef61e645,5787448,NA,yes,go,2834713,"NA",NA
gogottrpc,1.1.1-1+b1,golang-gogottrpc,amd64,gogottrpc__protoc-gen-gogottrpc,19f4c9bac075574146dd8896223d49e132e9d03643497e18ddc753d42d429618,5874872,NA,yes,go,2889509,"NA",NA
gojay,1.2.13-5+b12,golang-github-francoispqt-gojay,amd64,gojay__gojay,6828688f6520c99ee08a32a2f47220ff372f67b8b0b39b676e7c695f69ff219e,8813976,2737658fc08a28d9f8b5899aeb1e5215a89ceb85,yes,go,4463605,"NA",NA
golang-1.19-go,1.19.8-2,golang-1.19,amd64,golang-1.19-go__go,7d8a84de1b7a3dcc4e4f4b219f6ee16801d91dc0b69224291baeea7c38b01d8a,10715408,NA,yes,go,5516906,"NA",NA
golang-1.19-go,1.19.8-2,golang-1.19,amd64,golang-1.19-go__gofmt,2b12cc2ff18e4cd5977f4a4cb994ad63a89cf9ad4c89645a1745c86e52a9ed74,2291928,NA,yes,go,1115965,"NA",NA
golang-cfssl,1.2.0+git20160825.89.7fb22c8-3.1+b11,golang-github-cloudflare-cfssl,amd64,golang-cfssl__cfssl,9dfc6d3320b020aa075e715d241b3e0ca48aae114efad9060681266e09d013cf,8978136,30fc7be488cc0e75be30898e39aec3b2b6190483,yes,go,4421315,"NA",NA
golang-cfssl,1.2.0+git20160825.89.7fb22c8-3.1+b11,golang-github-cloudflare-cfssl,amd64,golang-cfssl__cfssl-bundle,dd4bf8af6dc2e0e1f144340e974e0befb72bbcd3a64218f98d9d5034f71978d3,5305880,e0f58a11d7e237827222d5a41e9939919d02556a,yes,go,2602355,"NA",NA
golang-cfssl,1.2.0+git20160825.89.7fb22c8-3.1+b11,golang-github-cloudflare-cfssl,amd64,golang-cfssl__cfssl-certinfo,02c0c2b6db60a4efdb37cdc3d900c6fb03ddffdaffe6ab98129f43909ea9dcac,4420120,870f8f6d4de1d6815007d8ea692776853970a131,yes,go,2157811,"NA",NA
golang-cfssl,1.2.0+git20160825.89.7fb22c8-3.1+b11,golang-github-cloudflare-cfssl,amd64,golang-cfssl__cfssl-mkbundle,6f50c3bac18081c0cd000eadcec4d0d5710ba6f24ed28f804d87f1e0006c200a,4817368,87efd089cd2c3f55ae78e08ae5548ec9c2fd8e45,yes,go,2331683,"NA",NA
golang-cfssl,1.2.0+git20160825.89.7fb22c8-3.1+b11,golang-github-cloudflare-cfssl,amd64,golang-cfssl__cfssl-newkey,22004795392bd569f28e479cf7a7405fc5216daeaea4ed78252af544e4dd6b5f,5399352,d0cb9d68d4891bf850250052dceb085c2b3706ac,yes,go,2663843,"NA",NA
golang-cfssl,1.2.0+git20160825.89.7fb22c8-3.1+b11,golang-github-cloudflare-cfssl,amd64,golang-cfssl__cfssl-scan,b4b87f3690f63c9834d30fabad18c18855d689f3049d11e2645377fca8f6b9a3,5646872,539815559f1271c680e9f8b7ef46025b571c8162,yes,go,2769683,"NA",NA
golang-cfssl,1.2.0+git20160825.89.7fb22c8-3.1+b11,golang-github-cloudflare-cfssl,amd64,golang-cfssl__cfssljson,b5c136a2c0ad8ab185c448139a1ee30aacc28c4a7325e79a01a2fb8cde91b50a,1706584,NA,yes,go,792133,"NA",NA
golang-cfssl,1.2.0+git20160825.89.7fb22c8-3.1+b11,golang-github-cloudflare-cfssl,amd64,golang-cfssl__multirootca,3b659a6c01ddf002d668b5456c1caf04578c9d352a3f0e25cec0af9e108d58be,6502904,3ca73d569e7da034d8e72acdedd5a1dff17c95e9,yes,go,3194661,"NA",NA
golang-chroma-v2,2.5.0-1,golang-github-alecthomas-chroma-v2,amd64,golang-chroma-v2__chroma-v2,6951fc2b4025c1f16a79983a3875832c4f28377d449a4da539ec19dbaffae0a7,6532712,NA,yes,go,2296598,"NA",NA
golang-chroma-v2,2.5.0-1,golang-github-alecthomas-chroma-v2,amd64,golang-chroma-v2__chromad-v2,7a8e3702f30908857ed4cdfb37a0d6ba1206643677f2ee359bca7c577d98d861,10957096,NA,yes,go,4489253,"NA",NA
golang-chroma,0.10.0-3,golang-github-alecthomas-chroma,amd64,golang-chroma__chroma,5ffe14a246f495b3d037344ee0eaea11472a128a7acf7a44b7735ff2e72f20eb,8129800,NA,yes,go,3999958,"NA",NA
golang-chroma,0.10.0-3,golang-github-alecthomas-chroma,amd64,golang-chroma__chromad,f4a32d3a26e33291f944c7879c66062fcfc46ec83de5de1151ad93a94f29cec3,12201544,NA,yes,go,6147109,"NA",NA
golang-docker-credential-helpers,0.6.4+ds1-1+b6,golang-github-docker-docker-credential-helpers,amd64,golang-docker-credential-helpers__docker-credential-pass,72282035a73ce3c0529c3f449b5a00ea063787a30b2a5ec277b942a31c835b76,1851416,NA,yes,go,860408,"NA",NA
golang-docker-credential-helpers,0.6.4+ds1-1+b6,golang-github-docker-docker-credential-helpers,amd64,golang-docker-credential-helpers__docker-credential-secretservice,c8026e12f2c9191ad632bb4a126168869199dc8b217b397e43143217939a2e9c,1642736,a3c19d39975298945a22292d35b6f2137e99bc57,yes,go,737251,"NA",NA
golang-easyjson,0.7.7-1+b2,golang-github-mailru-easyjson,amd64,golang-easyjson__easyjson,3b049147483ba1864dc1920df470218ed82903af629927c0876e2688018f661a,3668312,8b7f261273a2bace2b0d90043fea4ddead23e427,yes,go,1762163,"NA",NA
golang-github-anacrolix-missinggo-bin-static,2.1.0-7+b5,golang-github-anacrolix-missinggo,amd64,golang-github-anacrolix-missinggo-bin-static__filecache,7d3afde3f46073f6e9cfbe57454d56224c5169951aed541232a6590c994dc41e,5875544,ad13acf972f5bc161eec19cdc086fe75b6ebebc9,yes,go,2925011,"NA",NA
golang-github-anacrolix-missinggo-bin-static,2.1.0-7+b5,golang-github-anacrolix-missinggo,amd64,golang-github-anacrolix-missinggo-bin-static__gd,a3af9126e6c14c51d85bb9005fb62808f4959ee1a74d0efcc8462b81e67c34cc,1262904,NA,yes,go,550832,"NA",NA
golang-github-anacrolix-missinggo-bin-static,2.1.0-7+b5,golang-github-anacrolix-missinggo,amd64,golang-github-anacrolix-missinggo-bin-static__go-env,9af298a6b8591831211adbd746754a1a2c84e55276dbb0a841205d17778315b5,1221496,NA,yes,go,532298,"NA",NA
golang-github-anacrolix-missinggo-bin-static,2.1.0-7+b5,golang-github-anacrolix-missinggo,amd64,golang-github-anacrolix-missinggo-bin-static__http-file-server,a2b8d548471c48d5c534c0b228a3c59d9197c490cdc6990531d506c140bec288,5015576,8727780bd6a22f9551d8cf9758239c4bfb313e2d,yes,go,2445219,"NA",NA
golang-github-anacrolix-missinggo-bin-static,2.1.0-7+b5,golang-github-anacrolix-missinggo,amd64,golang-github-anacrolix-missinggo-bin-static__nop,23c0036038a0de295a3653246564171654791c9c826a6c2d9c877d39bae0fe0b,780536,NA,yes,go,355440,"NA",NA
golang-github-anacrolix-missinggo-bin-static,2.1.0-7+b5,golang-github-anacrolix-missinggo,amd64,golang-github-anacrolix-missinggo-bin-static__query-escape,5fe155413408e2f94e963b1ae58d5e789ecbbba669577a0c45a8704c1a03eb6c,1213464,NA,yes,go,525721,"NA",NA
golang-github-anacrolix-missinggo-bin-static,2.1.0-7+b5,golang-github-anacrolix-missinggo,amd64,golang-github-anacrolix-missinggo-bin-static__query-unescape,bc405cea19950926ae0f17a533c87adca784c5e36c3d09b3e48440ff7baad9e4,1217560,NA,yes,go,527996,"NA",NA
golang-github-dcso-bloom-cli,0.2.4-3+b5,golang-github-dcso-bloom,amd64,golang-github-dcso-bloom-cli__bloom,1fd7d39d100efd5439049bb28bbb964d0d359477b43f173bdb01a219734bfabe,3195464,NA,yes,go,1483914,"NA",NA
golang-github-dnstap-golang-dnstap-cli,0.4.0-4+b4,golang-github-dnstap-golang-dnstap,amd64,golang-github-dnstap-golang-dnstap-cli__dnstap,4dcc751d46884951554111fe431c8cf2f56e6f2122caf7514d97f9207e12d427,6388608,f3aae6dbc1f86b5682ce52af922f6d0597026f56,yes,go,3106195,"NA",NA
golang-github-etcd-io-gofail,0.0.0+git.2022.09.25.d0d2a96a6e-4,golang-github-etcd-io-gofail,amd64,golang-github-etcd-io-gofail__gofail,15c769d268fa7593d89f1cd28d6c62d015a4a0a4f4a17789fcfacb0d2eafe945,1598936,NA,yes,go,741354,"NA",NA
golang-github-pelletier-go-toml,1.9.4-1+b6,golang-github-pelletier-go-toml,amd64,golang-github-pelletier-go-toml__jsontoml,2cdeb07f94792536209a20f945df7072b8330d821c276cfece4a9b9090b1f7e5,1781432,NA,yes,go,826637,"NA",NA
golang-github-pelletier-go-toml,1.9.4-1+b6,golang-github-pelletier-go-toml,amd64,golang-github-pelletier-go-toml__tomljson,f567f91333d6d4c8b89e69c3b59ce0c6708d2f40bafd7e3ad529de2f3b78f191,1786072,NA,yes,go,828670,"NA",NA
golang-github-pelletier-go-toml,1.9.4-1+b6,golang-github-pelletier-go-toml,amd64,golang-github-pelletier-go-toml__tomll,07234a1aa14bc58faf459e7979b73e26b41f92ef2442f6fa261bcc490b03d835,1747864,NA,yes,go,812243,"NA",NA
golang-github-rsc-devweb,0.0.0+2016.01.15.git.29cc9e1b05-2+b8,golang-github-rsc-devweb,amd64,golang-github-rsc-devweb__devweb,c77f5f80f48d7337503c236a8a0c6396052e4846f84e8e3dc0e1485015e33037,4866456,aec6a3cd8fb047ac54c6ee6dbafea75ad24d0b82,yes,go,2359955,"NA",NA
golang-github-sebest-xff,0.0~git20160910.6c115e0-2+b6,golang-github-sebest-xff,amd64,golang-github-sebest-xff__negroni,dbe9f1e85256a1324568fbdb5774ed92eff7f1abf8fe14abef8455ed27dd4ff9,4784536,72060351cd61c27f858363addd608093428626ed,yes,go,2324435,"NA",NA
golang-github-sebest-xff,0.0~git20160910.6c115e0-2+b6,golang-github-sebest-xff,amd64,golang-github-sebest-xff__nethttp,aae59684bcb989b8d6ea1a565c316f28bd7f3b319e46858998da954c8245c6b3,4503928,c51d88286e078b9ad2d34ed32b12327276739767,yes,go,2170275,"NA",NA
golang-github-ugorji-go-codec,1.2.8-1+b3,golang-github-ugorji-go-codec,amd64,golang-github-ugorji-go-codec__codecgen,e249089c3cb8c089e98b430b1c9599ecd348d7ecc5078b49c5ec5fbada456fdf,4831384,NA,yes,go,2434825,"NA",NA
golang-github-xordataexchange-crypt,0.0.2+git20170626.21.b2862e3-3+b11,golang-github-xordataexchange-crypt,amd64,golang-github-xordataexchange-crypt__crypt-xordataexchange,b967cb21db8ccacad95360b5a430a29e25360050aeb517c4fc131a59bac46c20,6025080,9a26cff3698d75630da81d5d158b656acaf37068,yes,go,2925507,"NA",NA
golang-golang-x-tools,1:0.5.0+ds-1,golang-golang-x-tools,amd64,golang-golang-x-tools__benchcmp,0159538e1564fffbb9923180f08ce1acbeb27e83d0510de4c83bd6b7ce281986,1394840,NA,yes,go,618822,"NA",NA
golang-golang-x-tools,1:0.5.0+ds-1,golang-golang-x-tools,amd64,golang-golang-x-tools__callgraph,2162bb0c635571c76b3bc0ffe64eba5818f480ca56154c3af680ce1141bbf3b4,5931160,NA,yes,go,2966317,"NA",NA
golang-golang-x-tools,1:0.5.0+ds-1,golang-golang-x-tools,amd64,golang-golang-x-tools__compilebench,8d084b059f40f84cbdde2b395f6399f17adbd5a2e44d1df6c25fc99adfe00632,2083416,NA,yes,go,1002170,"NA",NA
golang-golang-x-tools,1:0.5.0+ds-1,golang-golang-x-tools,amd64,golang-golang-x-tools__digraph,2f99e21edb7fc0aba4b743e5c264290e02759cc43834fab13b35e86bf5f96c15,1361144,NA,yes,go,605716,"NA",NA
golang-golang-x-tools,1:0.5.0+ds-1,golang-golang-x-tools,amd64,golang-golang-x-tools__file2fuzz,089e0685bcf24fbd698f7e4d2ccd9da47aedabd0d905034708642e2813242687,1436184,NA,yes,go,654648,"NA",NA
golang-golang-x-tools,1:0.5.0+ds-1,golang-golang-x-tools,amd64,golang-golang-x-tools__fiximports,65d51512bb8a15b053a97609e66a949fcfd83fc63a3a830ef784ebd16daf907f,2569912,NA,yes,go,1268442,"NA",NA
golang-golang-x-tools,1:0.5.0+ds-1,golang-golang-x-tools,amd64,golang-golang-x-tools__getgo,7058569b34893dcee7b5619e13ae0a3511af2439bb3f8b8093a7a118d4d0ccfa,5150680,NA,yes,go,2508276,"NA",NA
golang-golang-x-tools,1:0.5.0+ds-1,golang-golang-x-tools,amd64,golang-golang-x-tools__go-contrib-init,dc30e5bc7e6b52a2580f91efc3504fdb935dba64b0cb28c5449a2c90913c0929,1805336,NA,yes,go,840849,"NA",NA
golang-golang-x-tools,1:0.5.0+ds-1,golang-golang-x-tools,amd64,golang-golang-x-tools__godex,36ce366ec0e5c1ac6c26755c401c983f9421679e626e9362f6cc7b61196940e3,3838360,NA,yes,go,1950452,"NA",NA
golang-golang-x-tools,1:0.5.0+ds-1,golang-golang-x-tools,amd64,golang-golang-x-tools__godoc,b20f089525cfa4da1d08fc484a34e2ddb968f25a4e6d19a336c3b67d325b2bd7,11711368,NA,yes,go,6053339,"NA",NA
golang-golang-x-tools,1:0.5.0+ds-1,golang-golang-x-tools,amd64,golang-golang-x-tools__goimports,7d1b639781a9fda4a88d0f0628e7024cf2888770d458ca803c6610e1052bb263,3932504,NA,yes,go,1833162,"NA",NA
golang-golang-x-tools,1:0.5.0+ds-1,golang-golang-x-tools,amd64,golang-golang-x-tools__golang-authtest,57ad017e9cf3d5dfa3be409c34cbde90885d6185b1e01a947a6134cd25c42340,4715704,NA,yes,go,2286890,"NA",NA
golang-golang-x-tools,1:0.5.0+ds-1,golang-golang-x-tools,amd64,golang-golang-x-tools__golang-bundle,40dc497152ecac82a8f00a687d6c8e22248be6a78a1eb3cff21e72f64c86ad8f,4216248,NA,yes,go,2171518,"NA",NA
golang-golang-x-tools,1:0.5.0+ds-1,golang-golang-x-tools,amd64,golang-golang-x-tools__golang-cookieauth,5d0111fc8a66f7aaf8f32dfb947a875c9cd266922da236c80176e8a719b67ca1,2774392,NA,yes,go,1269898,"NA",NA
golang-golang-x-tools,1:0.5.0+ds-1,golang-golang-x-tools,amd64,golang-golang-x-tools__golang-eg,3360de8d2ba7b4a1038b9f7885436b14f710304b1b40816b5bceb6bc871086a2,4249016,NA,yes,go,2190348,"NA",NA
golang-golang-x-tools,1:0.5.0+ds-1,golang-golang-x-tools,amd64,golang-golang-x-tools__golang-fieldalignment,fdd9240e2897c4f576b6208a9accde13957f92c96d74619fe7a0a8f941ce041a,5372632,NA,yes,go,2789302,"NA",NA
golang-golang-x-tools,1:0.5.0+ds-1,golang-golang-x-tools,amd64,golang-golang-x-tools__golang-findcall,93228d8bf9a214b7ef9ae34970714f794d0c149c01501d9afd4d186fc9434289,5359896,NA,yes,go,2779990,"NA",NA
golang-golang-x-tools,1:0.5.0+ds-1,golang-golang-x-tools,amd64,golang-golang-x-tools__golang-gitauth,98430ec44814b0ae77717e80507223a149daca8e1152dafab9708ef71f65428a,4682744,NA,yes,go,2271354,"NA",NA
golang-golang-x-tools,1:0.5.0+ds-1,golang-golang-x-tools,amd64,golang-golang-x-tools__golang-guru,51849179b6671dc344e316c91afdf6525f9818e3cafada665e506b628c5b0ae5,5581368,NA,yes,go,2738711,"NA",NA
golang-golang-x-tools,1:0.5.0+ds-1,golang-golang-x-tools,amd64,golang-golang-x-tools__golang-ifaceassert,6de5b2e943e8284715a8ae46a54a313b811fbfc85381fb9f1fb504f23b5deafd,5384888,NA,yes,go,2793750,"NA",NA
golang-golang-x-tools,1:0.5.0+ds-1,golang-golang-x-tools,amd64,golang-golang-x-tools__golang-lostcancel,20f4b1a5aaca01a5504b35bb210b4b82297e4d9539cbed22ab989e06093f635c,5430552,NA,yes,go,2818614,"NA",NA
golang-golang-x-tools,1:0.5.0+ds-1,golang-golang-x-tools,amd64,golang-golang-x-tools__golang-netrcauth,ac8158c615aaf40062061a7578924ed37cb9fe1fcea101aa394573e8d3ac8f68,2716856,NA,yes,go,1240411,"NA",NA
golang-golang-x-tools,1:0.5.0+ds-1,golang-golang-x-tools,amd64,golang-golang-x-tools__golang-nilness,c8ca5843ba54948a61cadd28b63d30825a70fb98afea8d1d60f583fff9fe24d0,5942424,NA,yes,go,3071222,"NA",NA
golang-golang-x-tools,1:0.5.0+ds-1,golang-golang-x-tools,amd64,golang-golang-x-tools__golang-shadow,4093322a7892a3daf1560a7c2f700b8aae46c7f21095faf034126baf77753056,5372536,NA,yes,go,2787670,"NA",NA
golang-golang-x-tools,1:0.5.0+ds-1,golang-golang-x-tools,amd64,golang-golang-x-tools__golang-stress,8c385664b2be662b713271cfb0b509ce8a34abea37f4316136be60842c9cb7bd,1748536,NA,yes,go,813561,"NA",NA
golang-golang-x-tools,1:0.5.0+ds-1,golang-golang-x-tools,amd64,golang-golang-x-tools__golang-stringintconv,3e838ccee43fcf81fbd476d5e304bf3001064c359b09563a9f68c6cebddba9d3,5380792,NA,yes,go,2793206,"NA",NA
golang-golang-x-tools,1:0.5.0+ds-1,golang-golang-x-tools,amd64,golang-golang-x-tools__golang-unmarshal,ab9261f22b27b3ce11c5c227a99b06c0a622bd1c47523a6d585866480c1224e4,5372728,NA,yes,go,2785558,"NA",NA
golang-golang-x-tools,1:0.5.0+ds-1,golang-golang-x-tools,amd64,golang-golang-x-tools__gomvpkg,7c010094fce86614a46a3e875a449c28c41b82d45ed9b1c12910c5f8e0306d44,4749208,NA,yes,go,2429680,"NA",NA
golang-golang-x-tools,1:0.5.0+ds-1,golang-golang-x-tools,amd64,golang-golang-x-tools__gopackages,9d2a38bacca047817d94b8f17f175ee91b09addf90840e6fea5a9a2afa227a35,4223288,NA,yes,go,2158469,"NA",NA
golang-golang-x-tools,1:0.5.0+ds-1,golang-golang-x-tools,amd64,golang-golang-x-tools__gorename,3f00a0c8fb988a5402e9f81ea81b07dd746278413dca438020231d814da4b19c,3829432,NA,yes,go,1982832,"NA",NA
golang-golang-x-tools,1:0.5.0+ds-1,golang-golang-x-tools,amd64,golang-golang-x-tools__gotype,04845eee7b07368f118f9e7ec1e8624b79caafb7b742c1ef73b749a6c97f327e,3821944,NA,yes,go,1941279,"NA",NA
golang-golang-x-tools,1:0.5.0+ds-1,golang-golang-x-tools,amd64,golang-golang-x-tools__goyacc,1bf78721d8476722227a918e03fa30b82c7cddd86b05c2a4257099e341e7561c,2087608,NA,yes,go,1020337,"NA",NA
golang-golang-x-tools,1:0.5.0+ds-1,golang-golang-x-tools,amd64,golang-golang-x-tools__html2article,2d1fa81b8f91691615b215a86bdf82e959b61964bccdd3d6b1e10793ca8599d8,1837144,NA,yes,go,836311,"NA",NA
golang-golang-x-tools,1:0.5.0+ds-1,golang-golang-x-tools,amd64,golang-golang-x-tools__present,d86e7a67988f59bb7a6f7080509f99c9632f75e6acd175927b30ec3206f730a4,9341640,NA,yes,go,4715643,"NA",NA
golang-golang-x-tools,1:0.5.0+ds-1,golang-golang-x-tools,amd64,golang-golang-x-tools__present2md,3b6eb5db85da507ca3506f46c387e39de30dba2b1c1feea2c500a8fffbb5f6cf,4712104,NA,yes,go,2390506,"NA",NA
golang-golang-x-tools,1:0.5.0+ds-1,golang-golang-x-tools,amd64,golang-golang-x-tools__splitdwarf,73153bfd7a9ec4a0ebb54246af51f86e475b7fb94b9684aa7ec2e001dfd7c4e0,1634104,NA,yes,go,741915,"NA",NA
golang-golang-x-tools,1:0.5.0+ds-1,golang-golang-x-tools,amd64,golang-golang-x-tools__ssadump,2659d7bca13491cbf00f2809a7fa864a73983d11a3ce5ec85704611c163b7219,4936728,NA,yes,go,2529195,"NA",NA
golang-golang-x-tools,1:0.5.0+ds-1,golang-golang-x-tools,amd64,golang-golang-x-tools__stringer,652d00d6f2779bfd476d3f7bd78297369a44bf96f431a8bce18c8af816c3d6da,4216280,NA,yes,go,2173556,"NA",NA
golang-golang-x-tools,1:0.5.0+ds-1,golang-golang-x-tools,amd64,golang-golang-x-tools__toolstash,15f8a10345242c655debdc5f817d22e99073f9cd032738d4433b472bf664b406,1814712,NA,yes,go,857886,"NA",NA
golang-grpc-gateway,1.6.4-2+b23,golang-github-grpc-ecosystem-grpc-gateway,amd64,golang-grpc-gateway__protoc-gen-grpc-gateway,e1cdb4158b9456dc6a164037ec865f86d2b35f287967d9db23885fea8f7e22f4,4623744,5f7ba952cb5cb749e91f97358c110bb53c5ffccc,yes,go,2232563,"NA",NA
golang-grpc-gateway,1.6.4-2+b23,golang-github-grpc-ecosystem-grpc-gateway,amd64,golang-grpc-gateway__protoc-gen-swagger,1e42b5ec0873631650605f80983eb55673a21454fe8bb75b496bcce64df8328e,3887008,2f0b79d0aa56db98913c034706c7429249aeb817,yes,go,1808179,"NA",NA
golang-petname,2.11~git20191129.8e5a1ed-2+b6,golang-petname,amd64,golang-petname__golang-petname,7713a2a27cfe8a6461bfb254fb61b965626aaebdddbb5a3e6820a1ff1a1cc320,1343752,NA,yes,go,574378,"NA",NA
golang-redoctober,0.0~git20161017.0.78e9720-5+b12,golang-github-cloudflare-redoctober,amd64,golang-redoctober__redoctober,c591f7fd033b28c175dffbd40ee5bdf9b287133b178a6cf858bf9382b2f806ee,9277080,b94f17c44334b003be498c8e14b2549d1e21bb9e,yes,go,4471059,"NA",NA
golang-redoctober,0.0~git20161017.0.78e9720-5+b12,golang-github-cloudflare-redoctober,amd64,golang-redoctober__ro,01942f400b4a6553637728393dbc82e40ebb20ed2d5ad697830dd3a5809b3cbe,5030520,b782462a006b00d93c448beb80204186de66a568,yes,go,2448515,"NA",NA
golang-rice,1.0.2-1+b11,golang-github-geertjohan-go.rice,amd64,golang-rice__rice,c8014fa3308865ac79b4247ae4c0916efbda95a4b4062fc8dd5f39fc6929cc8d,3926808,NA,yes,go,1947813,"NA",NA
golang-statik,0.1.1-5+b7,golang-github-rakyll-statik,amd64,golang-statik__statik,92670d29493c3a109ecffc303de3f8e3b6e31fd3b0d979892411495dc5363c20,1623960,NA,yes,go,740634,"NA",NA
google-wire,0.5.0-2+b6,golang-github-google-wire,amd64,google-wire__google-wire,fa7f8d847cee7493f995f0c5bce5dd9fe433bb18c7969e5e8c52248829ca2414,4610072,NA,yes,go,2404657,"NA",NA
gopls,1:0.5.0+ds-1,golang-golang-x-tools,amd64,gopls__gopls,8ea1f53809f36fbe3ca922d933b9d32aab1ee8a4ecca566eb89b50c42d9026c6,19513928,NA,yes,go,9341066,"NA",NA
govulncheck,0.0~git20230201.4c848ed-1,golang-golang-x-vuln,amd64,govulncheck__govulncheck,de19f73176a23fe924038988c07f4a4f41ba1d29a06b77d57268128a4e04e4e0,9504368,NA,yes,go,4758622,"NA",NA
gperf,3.1-1,gperf,amd64,gperf__gperf,57cc814ac7be078e80b59e2baad4bfa6944f62ea7575de73e0f2d50b2adaa858,92800,c1ce52550742528552a2d4b2daaf15abc2b39d2e,yes,cxx,47266,"NA",NA
gpgv,2.2.40-1.1+deb12u2,gnupg2,amd64,gpgv__gpgv,e82416f3ae002b63c0731f311519c55fc9e7d3c8bdadbd64239833298f09a2cf,474112,e07d1c6a5bd7096a726e541c186bce32d2145b46,yes,c,329950,"NA",NA
gqlclient,0.0~git20221107.1d1d46a-2+b3,golang-sourcehut-emersion-gqlclient,amd64,gqlclient__gqlclient,b5287ff2a521914ea3712c217eb853a9181b56650348c728a6abafc2bb3dd2a6,4896984,66bd328cd5988f26bda4abaa9025f84ebdb36fa3,yes,go,2385955,"NA",NA
gqlclient,0.0~git20221107.1d1d46a-2+b3,golang-sourcehut-emersion-gqlclient,amd64,gqlclient__gqlclientgen,9df7a58e868127e85fa9c348de5f836791e39815d4bc666c173eb85e13ee0552,2795448,NA,yes,go,1401226,"NA",NA
gqlclient,0.0~git20221107.1d1d46a-2+b3,golang-sourcehut-emersion-gqlclient,amd64,gqlclient__gqlintrospect,73074fc274b106e7f01c6df8929f1d9d7eaaf303e9d3689b930fc528a14c5c02,4901080,726793e0423eceb693dd5d44f87e9c424d5fd3bf,yes,go,2383299,"NA",NA
grab,3.0.1-3+b2,golang-github-cavaliergopher-grab,amd64,grab__grab,50c8229bff4ed85428ba503d9ed6fe51f39991ca3e4281f33995fdba77f79354,4686872,1173919fb126f86a7308c0084d0e76e527557bb0,yes,go,2271875,"NA",NA
graphviz,2.42.2-7+deb12u1,graphviz,amd64,graphviz__acyclic,e14a89f34891e3d61e760fabee23f8e5135289aad86bf044916f665c54437fa0,14656,4c96ffb0c446a44d334243810e31384543fca9d7,yes,c,1661,"NA",NA
graphviz,2.42.2-7+deb12u1,graphviz,amd64,graphviz__bcomps,0569cc10ed07a590f1dbc77825725cf5b59e7d94ef2bcb18b6f4b98eaf7666de,23016,5ed1fc842dcc0b6567c38e4e89a6a56a16ded296,yes,c,3771,"NA",NA
graphviz,2.42.2-7+deb12u1,graphviz,amd64,graphviz__ccomps,defd54adb389d0630db1c09b17bed811bea3a2788993109915cc57c93c456fa5,27288,11dbe973a468c187becce41bb28f6364edc67c40,yes,c,8747,"NA",NA
graphviz,2.42.2-7+deb12u1,graphviz,amd64,graphviz__cluster,843316bc6a39f1b4f5da3129ffa549f56fbc65fe4ff7fc89b88a8bbca57a8b5d,570000,cc65385b15aa4f366a9aba586ffdce1f05bbc322,yes,c,216034,"NA",NA
graphviz,2.42.2-7+deb12u1,graphviz,amd64,graphviz__diffimg,c5fbc47ef06a37bfb8989146be839ac058c979b82653614ddd20f219f1a41aae,14680,5350b2905cd680c032fb982feb51e5099eff03a4,yes,c,1429,"NA",NA
graphviz,2.42.2-7+deb12u1,graphviz,amd64,graphviz__dijkstra,a56a03e59811942cfe312c8d89b9934eeb255a7aece5ec9c71cdba39bee3e9df,14856,e45c4d8bf23bdf2121f86c1e89e93ec74f674063,yes,c,3451,"NA",NA
graphviz,2.42.2-7+deb12u1,graphviz,amd64,graphviz__dot_builtins,70a8c2b6f575bdd4ac543c100bb97fc55453ececa4192e5a8a726e748bb9cd42,18904,83009f7ec6e93f0af0dfe29f3ea241ab413a604a,yes,c,1055,"NA",NA
graphviz,2.42.2-7+deb12u1,graphviz,amd64,graphviz__edgepaint,5d426491b4ef9b1f64c7189a3bdd1a963158c323deba5e84a5e1536a37d7a990,422208,a3f2d59f444be668c6843daae78cf06d962983a7,yes,c,114482,"NA",NA
graphviz,2.42.2-7+deb12u1,graphviz,amd64,graphviz__gc,5b6a1bd7620509abebd8ea0d7ec185d186126a301d7f4bed3cd9746875b26c4b,14760,66da2d8bd8c2e04d245bfef716dee6684ed88c3c,yes,c,3515,"NA",NA
graphviz,2.42.2-7+deb12u1,graphviz,amd64,graphviz__gml2gv,3cf3e288b7211446ac3a39aae034a010092104b66d45bd0732f4cbcdfff1938b,43792,be1a13a0d5d7d914d0bbf1dcb817da22fa18a33b,yes,c,18774,"NA",NA
graphviz,2.42.2-7+deb12u1,graphviz,amd64,graphviz__graphml2gv,8c73c5244cfc2d3d49f2def7fa1694c15581a7a559cbe43e8bd3e9665a65b2b7,23184,4aae3ff4532a15b16be255a87ccc47b292994d23,yes,c,6226,"NA",NA
graphviz,2.42.2-7+deb12u1,graphviz,amd64,graphviz__gv2gml,70624b9ee2c0aefea472b74402eabb6a24e73af49997f979edd3b30574e7e063,22984,3d943ffe848f606ea6dffbcf04c0ac71ec0ea5bb,yes,c,7915,"NA",NA
graphviz,2.42.2-7+deb12u1,graphviz,amd64,graphviz__gvcolor,2b4322e2c1b77d2f55be2c0bbd1aeb802a5f6a5755f454e0313f720a675c9f61,49832,c0b752de52255ef25fbf77cad03ab35703b3a778,yes,c,4011,"NA",NA
graphviz,2.42.2-7+deb12u1,graphviz,amd64,graphviz__gvgen,9f209828fcf72bd5e866fab2a36c7259b56029dd83fa67bbe28ec64a25e9a263,26896,b8c6b29b620dfbfb7a0d4fb4dbbe2e0b150bc8b3,yes,c,9386,"NA",NA
graphviz,2.42.2-7+deb12u1,graphviz,amd64,graphviz__gvmap,c7ece6b9655dbccddf086a29ac18498b1a8ce21deadd68800e7ba1300aeb2b62,578192,1d6b8523df4d51ee385803084f389ab9b7ec4954,yes,c,219778,"NA",NA
graphviz,2.42.2-7+deb12u1,graphviz,amd64,graphviz__gvpack,50ac9d1737381dd680df425700be0b0b6fd80f488db66938bf4b69192f08a8f0,27528,9cc78e34cf1ac920dceef6b41308a5bff4ed33c9,yes,c,7339,"NA",NA
graphviz,2.42.2-7+deb12u1,graphviz,amd64,graphviz__gvpr,1e8549218a987f3a68e280fc8f1b3cde67aa9043483b7c89b0acf6c65586e0f8,14504,56c8fe4e8104603ba9c2f996047d94446885415b,yes,c,361,"NA",NA
graphviz,2.42.2-7+deb12u1,graphviz,amd64,graphviz__gxl2gv,e51d15718cd7e4adbee4eb52ca8d729abd624870bda4dd1e67e318b13d7a9118,39912,d00a0af0f09bd1a04a719eeea7c26d7678b1fc2d,yes,c,18027,"NA",NA
graphviz,2.42.2-7+deb12u1,graphviz,amd64,graphviz__lefty,3a199702f52cdeb4e9e0088c386d9fac8726d002860602dca67b050eee736c6b,298368,5ed87e36304a6e611532195cb556710c04d948f1,yes,c,181155,"NA",NA
graphviz,2.42.2-7+deb12u1,graphviz,amd64,graphviz__mingle,501eea021736c9fef3d3dedb2a1ba8cfc9d0e901c088d9b3040a8a7c89aae37b,422568,584a42af9d27cda1f9cd3451bff65004f0d88d08,yes,cxx,114023,"NA",NA
graphviz,2.42.2-7+deb12u1,graphviz,amd64,graphviz__mm2gv,2cbe28635e3042453a350f3f43e378190d218b4a9944e4f3b216e41febc79a2c,88800,b0fabae8c3c3dcb11ba7b4cb13856c5b0ce7744e,yes,c,60546,"NA",NA
graphviz,2.42.2-7+deb12u1,graphviz,amd64,graphviz__nop,65ea70025ee84c4c61da08dcea85f2c7c7a4fa0967c1df8269b70a8f9e5c8137,14664,c064a6dec6cfd57591f5dcb28d0d83d304b40e44,yes,c,1611,"NA",NA
graphviz,2.42.2-7+deb12u1,graphviz,amd64,graphviz__prune,305430446c8131d2a5098c25cdc5a4349aa5ab019c68c1d1a80ab11ad21c9711,14792,8f146e987825bf8af9475e7156e1975aad62518b,yes,c,3259,"NA",NA
graphviz,2.42.2-7+deb12u1,graphviz,amd64,graphviz__sccmap,62ccf492a2c2b0adbc4e6c747c32e81b97e265874b12724167a190f15155c734,23016,dcc64f4b751efc40e06e66c5f75c0bf968946254,yes,c,3803,"NA",NA
graphviz,2.42.2-7+deb12u1,graphviz,amd64,graphviz__tred,e9ff27ffd5cd70a4a6ec793c70e49c397c453cb08906ec8cd0490c35e4b40eca,14760,91c916fba1a01357351e12378a2d88d2a75bb8ea,yes,c,3291,"NA",NA
graphviz,2.42.2-7+deb12u1,graphviz,amd64,graphviz__unflatten,69ff24715e40a1d872a155b7e843afc89e5969b48606624b264d86a9622fc855,14760,c222312248f45b4690b869cc5d770ed37f90a52e,yes,c,2859,"NA",NA
grcov,0.8.12-2+b1,rust-grcov,amd64,grcov__grcov,1b9736b6aa00155d4f202c7e4473dd97e26d420fd9ecf85c4f2063a7a46eb312,8395480,4d8154a0a3e3c95dbd20795995cfad0ab1fb4a34,yes,c,3696044,"NA",NA
grep,3.8-5,grep,amd64,grep__grep,9a9c5a0c3b5d1d78952252f7bcf4a992ab9ea1081c84861381380a835106b817,203152,e7dce0c526726e7b62c5a2fef209416f0db5ba24,yes,c,142126,"NA",NA
groff-base,1.22.4-10,groff,amd64,groff-base__eqn,92d49a2d768244c9d8f08506cc380438b49c10df151519dae3b8509f4eb04ed8,210352,8f1f1961799e5d0d7168ce23298bbf51a7960ab8,yes,cxx,88228,"NA",NA
groff-base,1.22.4-10,groff,amd64,groff-base__groff,c22de372aa8d0bdcb46182f57cd153ab3de72d72d35d663f75587d3f9c7aba23,128464,afb5f51cf4136526d5a83ecfe6536699e4af9166,yes,cxx,58612,"NA",NA
groff-base,1.22.4-10,groff,amd64,groff-base__grops,7c3c159640358ca575f833bf5c2b202a580b13496722e1c211bd0e7e6defb0a9,190320,c75385db8aea89045dba1ebff8e5f9b1aedc48c8,yes,cxx,100548,"NA",NA
groff-base,1.22.4-10,groff,amd64,groff-base__grotty,805d165f249e29a3b046aeb10e16fd157db6128826a19318ae578d85d49b8f92,140784,dae7867cb71a58dfde60314fd693276a0ab31f3a,yes,cxx,70372,"NA",NA
groff-base,1.22.4-10,groff,amd64,groff-base__pic,88e4995a62272e20e72163f26c900305fda5185687f62ac09cb86ea853d49f2f,225552,5f3c8c982a000cf256eb11738ca63e80f4940302,yes,cxx,127460,"NA",NA
groff-base,1.22.4-10,groff,amd64,groff-base__preconv,3556df291c2374d20d3bb6040b3a666d238b11e45a1bcca336dafeaddc9f7891,68024,c8bddae8958ea135b005e6d8dae9f3b1ecca491d,yes,cxx,35236,"NA",NA
groff-base,1.22.4-10,groff,amd64,groff-base__soelim,43f5766a1ed4d5ca889c5aa22a33be1ced05167ea228aea99e4760c851cb72e8,51640,55d6dd3bda031a232438a40152e43c133a9172fc,yes,cxx,29060,"NA",NA
groff-base,1.22.4-10,groff,amd64,groff-base__tbl,ca81690e56679d80caf363702b1121dd1f7fd1a69ba956b6618a66b33a4afbe4,149944,24a50ce81cfffbe3acd866dd8e6f6d127f6cb33a,yes,cxx,88292,"NA",NA
groff-base,1.22.4-10,groff,amd64,groff-base__troff,58f8bc810076ca65a3db1c94a8735f055a8da607c959b5887b1382cc44e6f664,773968,1ba6e8a824239cdfb3af4a1785c44f79b954e57c,yes,cxx,319044,"NA",NA
gucumber,0.0~git20160715.0.71608e2-1.1+b10,golang-github-gucumber-gucumber,amd64,gucumber__gucumber,26ac2914e66c87da4aba617f09616590ed7746afffdd3f4160f4e461bd068f95,2467960,NA,yes,go,1170728,"NA",NA
gzip,1.12-1,gzip,amd64,gzip__gzip,953d326212574b5ad3cbe5f87034b0c142b6e6d71bb619c51eaa3d2ce47f7e24,98136,5dc767c02e183bb92c91cd56be96c493d8255f86,yes,c,57729,"NA",NA
hcloud-cli,1.30.3-1+b5,hcloud-cli,amd64,hcloud-cli__hcloud,5d3a795acf05e91bce5688f3df5d4a667fa04c88b57caa5229117062b300d4b8,12112896,9236e0a65bc614c6be2dfdba0a3bea51af6fb9dc,yes,go,5639907,"NA",NA
hdfs-cli,2.3.0-2+b5,golang-github-colinmarc-hdfs,amd64,hdfs-cli__hdfs,2d73d009d653eb2294c6043a390b553af1751a000e36e3d9ec1220c23d0614a8,8694232,32918744b2875e8187e311c3839341c7f84e4f3d,yes,go,3801667,"NA",NA
hdparm,9.65+ds-1,hdparm,amd64,hdparm__hdparm,fb41bc6a8c487bf5bfb14a52637a0c323085f5f9bc7423916a50275f032612b8,143624,46b8012faa495f0ff2bc46d3548dc64917c4d377,yes,c,73302,"NA",NA
hexyl,0.8.0-2+b5,rust-hexyl,amd64,hexyl__hexyl,d09b7fd849e15d1540e44e6fc4e3f8164c7cffca927cce6e7e22778929e049df,813560,3a46158fdcc371ea1761ff018142e25b9437eeb8,yes,c,575673,"NA",NA
hugo,0.111.3-1,hugo,amd64,hugo__hugo,88056a86368f9b645b897d0237459ca43a8ea12913902f495fbdabe7ec567d64,53465504,927c03fe5487be2cbd7f7097fae18a1337dc56bf,yes,go,24699916,"NA",NA
hyperfine,1.15.0-2,rust-hyperfine,amd64,hyperfine__hyperfine,e236ff535e985e01cd91808838b5c42ea00916b6ffbb5773e3d8c27021a2a5f2,1247792,b006a893f34f751d90b98bb6c8429e5441e483d4,yes,rust,940588,"NA",NA
imagemagick-6.q16,8:6.9.11.60+dfsg-1.6+deb12u11,imagemagick,amd64,imagemagick-6.q16__animate-im6.q16,8b0a6e2b63a69656153c09be9047b3b30b17797a76b60bf0bcac49d1dcd391f0,14544,a414fbb66f5f20ad8a12c03da67cbb64a9b34882,yes,c,361,"NA",NA
imagemagick-6.q16,8:6.9.11.60+dfsg-1.6+deb12u11,imagemagick,amd64,imagemagick-6.q16__compare-im6.q16,9f26fd0c3148890bcfd825fcaba98b3b7f9306d249b05de402aa65e494187cd8,14576,dd481958335ea9385dd6eb1c25e96d2782abea3a,yes,c,457,"NA",NA
imagemagick-6.q16,8:6.9.11.60+dfsg-1.6+deb12u11,imagemagick,amd64,imagemagick-6.q16__composite-im6.q16,7d9096411b9354e0a67fd0cb35e06247af9cdf6c7af15c609a676ee7f319d3d7,14544,a25483c30a05b9d0e65d44681d6ab10a529bdcdf,yes,c,361,"NA",NA
imagemagick-6.q16,8:6.9.11.60+dfsg-1.6+deb12u11,imagemagick,amd64,imagemagick-6.q16__conjure-im6.q16,3c0f5de6d0144885b30e550ce1f468319aa740f30fa731d7ccb3f38644393d12,14544,e4bbc1d14682d49882ff5146e4734b899ee7f8d1,yes,c,361,"NA",NA
imagemagick-6.q16,8:6.9.11.60+dfsg-1.6+deb12u11,imagemagick,amd64,imagemagick-6.q16__convert-im6.q16,98cde8b245cd229a92e8a89505786098175e97d43f4b958874bbaaf05f3924af,14544,f46da52ee7a3b262d08fe77589c2a843560ead3e,yes,c,361,"NA",NA
imagemagick-6.q16,8:6.9.11.60+dfsg-1.6+deb12u11,imagemagick,amd64,imagemagick-6.q16__display-im6.q16,e2edebf2fa5cd4e4e55e0d0c1ee1ad21390664bb9a342ab8e5f715a7c743a3ef,14544,de28750b03d9414166379cc64593ab6f2407d5ef,yes,c,361,"NA",NA
imagemagick-6.q16,8:6.9.11.60+dfsg-1.6+deb12u11,imagemagick,amd64,imagemagick-6.q16__identify-im6.q16,d4a9b582c39c3aba2d0b42b4038b53f733ecceba4a8914fcd99828f7fe8e7ab2,14560,6690b2064cfb92fe666fd405ccc3d5db749be80a,yes,c,425,"NA",NA
imagemagick-6.q16,8:6.9.11.60+dfsg-1.6+deb12u11,imagemagick,amd64,imagemagick-6.q16__import-im6.q16,8c8066bc733c08b0792af480dc76ba7057f18c57f7808b7beaca2786246b67d9,14544,d6797cabad6a508e473a7490cfe7866d5ad4bd6f,yes,c,361,"NA",NA
imagemagick-6.q16,8:6.9.11.60+dfsg-1.6+deb12u11,imagemagick,amd64,imagemagick-6.q16__mogrify-im6.q16,e99275c938d4e85b27be694135c1849feabae353338b3b317fc48b42e062db82,14544,b6aecba1bd69883e7ce8b657422eee583fd897d1,yes,c,361,"NA",NA
imagemagick-6.q16,8:6.9.11.60+dfsg-1.6+deb12u11,imagemagick,amd64,imagemagick-6.q16__montage-im6.q16,abcf05407be37162a898ebc7c9c9dbf67e9c672928a10829458f15aa55052719,14544,b6441997ce48c88ba18427e2594b85e3915e37a4,yes,c,361,"NA",NA
imagemagick-6.q16,8:6.9.11.60+dfsg-1.6+deb12u11,imagemagick,amd64,imagemagick-6.q16__stream-im6.q16,17b30a161b79120bc78e8fe14b5158dde85c913fd1e245d6089af09e21f2bca1,14544,56a915931dc69fa38b5d1dc2461fcb6f82fb5d94,yes,c,361,"NA",NA
influxdb,1.6.7~rc0-1+b13,influxdb,amd64,influxdb__influxd,0deec65a72c91bc569ea84a54e7aed617e37fe4ab3196f4ba2522a674c0693aa,18724472,3856ba2e4974aec44971c679192f2d3ff747e870,yes,go,9222115,"NA",NA
inkscape,1.2.2-2+b1,inkscape,amd64,inkscape__inkscape,2068f39f2073b895bd6a82286df60d94a591585523b23d0c800c884959ea10f7,22848,92834f5e39d5758d3463e233e4e307d59a52c1f5,yes,cxx,6159,"NA",NA
inkscape,1.2.2-2+b1,inkscape,amd64,inkscape__inkview,a4507e4fb23af8bdf8c8e5d79ecc844c6e999038621fcda5c39b7bea4b800f80,14656,ef1c514cc5a5265c197d4c8775c16a5aca1e076d,yes,cxx,393,"NA",NA
ipfs-cid,0.0~git20200813.59cf068-1+b4,rust-cid-npm,amd64,ipfs-cid__ipfs_cid,1fe24a2afc8d6dd9efca45e283d5cc46c35c96bbaca31f52254d24acaf4e7dd2,481784,c69036eabbb4b975ee88bafdc1f46fa3a53e0866,yes,rust,319617,"NA",NA
iproute2,6.1.0-3,iproute2,amd64,iproute2__arpd,8d39af22a527eecea717e531d826594082e259db9ea1d75eab57b5939a73b1bd,106984,bbb42df6539a9d6aa194c1674e877b5e96bea187,yes,c,50211,"NA",NA
iproute2,6.1.0-3,iproute2,amd64,iproute2__bridge,2905b1947309a3abfc45f3c8fb9293d69f9ee8e72980310c0f53555af469ccf1,156200,93eaabdbca0fd46669cbe83a3b954ef8ec09e718,yes,c,85139,"NA",NA
iproute2,6.1.0-3,iproute2,amd64,iproute2__dcb,c0cb4473484323ba10506f8256e00f7944825a44ce768b59b83f9883801440d7,148072,dd9cc94195aa6b4cc75e1dc6aac28152a7801342,yes,c,71263,"NA",NA
iproute2,6.1.0-3,iproute2,amd64,iproute2__devlink,ac5b726068f01382a6ae2ac742aa14383a3f6bef67c62a6a9ecd398874cab8cc,226280,183a7678beab8a19c8b8650a8395e0c833895f46,yes,c,135903,"NA",NA
iproute2,6.1.0-3,iproute2,amd64,iproute2__genl,45e0b161bb8e24b11dbde1e1a9014f638357c8483f1d5de35df2427fb9e8d4fd,119304,b885db51c9914923d078e137ff86f3833c9edf88,yes,c,48051,"NA",NA
iproute2,6.1.0-3,iproute2,amd64,iproute2__ip,aa39a2d90d051a8dc3cdcb85f933b1306c399abaaa53c5310a0cfc819a4ac9a7,691016,d93c2d4976d45950591ef53ddc236c4667f554de,yes,c,440771,"NA",NA
iproute2,6.1.0-3,iproute2,amd64,iproute2__lnstat,aec04f6b21a64c0b5bb5342b6b0006dff08925c8f2168296a0b0913078492de8,27224,a6ea93d4e8806133a806c056384201493bdfb4f1,yes,c,6850,"NA",NA
iproute2,6.1.0-3,iproute2,amd64,iproute2__nstat,bf5c28fa57b0f421663edbd6215e639ae76968dccaf1a272fc786c2d63bcbc31,106952,c598412117a7f802f024745d58c956d797b60538,yes,c,50323,"NA",NA
iproute2,6.1.0-3,iproute2,amd64,iproute2__rdma,265a46e0287d22f083059f21376242a414f1d1ca1257d9c928b8acb8ceafa503,184936,12885b5ee6df1818209b54795d78a01b3371e1a2,yes,c,91775,"NA",NA
iproute2,6.1.0-3,iproute2,amd64,iproute2__rtacct,adfda95839d0e67b77db192904edeeea83309ab0ff66734f7682ba22d71a0573,45432,3a89f3f1ed9ef137f72da96339bbfc56034e0f44,yes,c,11335,"NA",NA
iproute2,6.1.0-3,iproute2,amd64,iproute2__rtmon,f9976a3a3a3424fac7452c5540c1f2c223ae7568fdd51dc47523086cff14a292,115144,f37e12a7b9ad03c73d2393cf4a4ce59dce6d7bb1,yes,c,45747,"NA",NA
iproute2,6.1.0-3,iproute2,amd64,iproute2__ss,6a8f15cb308cd979dbc1ce8711e1995ab28137fb532a0adbcd20edadaa664dc2,193680,e3f61dd540d153b52ee8c60e2f2fe882d297bac3,yes,c,103795,"NA",NA
iproute2,6.1.0-3,iproute2,amd64,iproute2__tc,8835ffcd19441ca8554b81e8f119745621acb955dfe760410e04e650236d70f8,587776,10ab1c7030eb682f0fbedb7d496a78ae71214a7f,yes,c,364889,"NA",NA
iproute2,6.1.0-3,iproute2,amd64,iproute2__tipc,fe51d1cb427c11379a06c3d684b637627319f390c8c0d2571dbcd89fe5abfa50,156264,911754cffacdca384e881f0f9bc460e08b4fc564,yes,c,83695,"NA",NA
iproute2,6.1.0-3,iproute2,amd64,iproute2__vdpa,170149540839c163a814a9bb0a5f65ba0ea795856d32c796864be2e11c94def3,119464,412e8043ad896068b2404c9f0b9d3dfbcb52cc5a,yes,c,52495,"NA",NA
iputils-ping,3:20221126-1+deb12u1,iputils,amd64,iputils-ping__ping,79c87c89129d55fcf2daf29ba1f38eb8d1c57a2bc8ac67a948f10e15dd9c6862,90568,4f75c6991b771bd1c2409e239d5354b58f4d3062,yes,c,40430,"NA",NA
jq,1.6-2.1+deb12u2,jq,amd64,jq__jq,90b1eef4498f31836342898fc6e97cfeb8a197c4366773a0fb120ae02a45ea52,30800,3ab7031a8b0b04a320619b951bf8f16596b68bf4,yes,c,8388,"NA",NA
jwt,4.4.3-1+b4,golang-github-golang-jwt-jwt,amd64,jwt__jwt,567a648de567398b7095301cd07f4e5d2c37f73ee9bf26e5092ec13661da2dd0,3041600,ce3c307d0fab95a420c9476011c7e7cf6be528c7,yes,go,1497491,"NA",NA
kmod,30+20221128-1,kmod,amd64,kmod__kmod,c6dd853884a0df890e1b66366bbc269f18bc6fd6fb7d4b4a19a735f07d1ca4ae,178448,7fff9b7bbfc0a07f7d2cacb3cff6bbedc99b5994,yes,c,104332,"NA",NA
kmon,1.6.0-2+b2,rust-kmon,amd64,kmon__kmon,cc54f5e250b0a4905c77b03b34a2970e74503bc8a2a2207d76eff6529a2b6795,1157656,2c6c589126ae72ee5b35fca3203f828936265ee9,yes,rust,840165,"NA",NA
ksuid,1.0.4-2+b6,golang-github-segmentio-ksuid,amd64,ksuid__ksuid,b5aee4ed00e6197020c40bd606410beb514fc1f20e5c33477351dbe7461af96e,2265752,NA,yes,go,1049172,"NA",NA
kube-openapi,0.0~git20211014.b3fe75c-2+b7,golang-k8s-kube-openapi,amd64,kube-openapi__openapi-gen,78853909ba8cfbac8ac9c8a8c958c55d1f468c3d0cac016d962ce5b3f878d484,8676024,5797557b5c26b2b6cb0eb70c41cd92ed38b252f1,yes,go,4193491,"NA",NA
kube-openapi,0.0~git20211014.b3fe75c-2+b7,golang-k8s-kube-openapi,amd64,kube-openapi__openapi2smd,f541e40c4841bfde7eb7abdd1e882fa26ed109b2f03b5725bd923626e1276208,7569144,07cee12fa23ed958fca906773c141978042651a0,yes,go,3834499,"NA",NA
kubernetes-client,1.20.5+really1.20.2-1.1+deb12u1,kubernetes,amd64,kubernetes-client__kubectl,f6dccba14307041c08d5b95ee5e5fb81a9f6f7ec45340c721edfc1a0ef581041,37622016,NA,yes,go,17472778,"NA",NA
lalrpop,0.19.8-4+b2,rust-lalrpop,amd64,lalrpop__lalrpop,331e5d5025fdca8717f3668eed17084f7de6068d11d1f73447318a8992ca492e,4295240,51a7a328b89ad1d29f939736d3a09f87177525c3,yes,rust,2800273,"NA",NA
laurel,0.5.1-1,rust-laurel,amd64,laurel__laurel,409bf5fc979210f16245aa04ad1f41c3041c971bfc6cf27919f87c3d77b27589,2783776,6d608d3ec29c945554a82cd7b196a9ca09f13ac8,yes,rust,1609825,"NA",NA
lego,4.9.1-1,golang-github-xenolf-lego,amd64,lego__lego,f616a0a2d189d5e26aae26b21f02fc664f726f1cc4e847095c78dd65728825fb,22083688,NA,yes,go,9694355,"NA",NA
less,590-2.1~deb12u2,less,amd64,less__less,411d7dabb7fb71fc65a0ad4bc0349d543c36b4df8d2f875e192dbee934b2b13f,198960,22335a171e39852a184c09c5c80e8a27fa10283c,yes,c,105122,"NA",NA
less,590-2.1~deb12u2,less,amd64,less__lessecho,9201404e4bc61f959ba70f0f6f193b03e2f1e55466684642958ab1fd9ed4bf51,14584,2ba7bed7bdc43330ef6ec0894864fc98ed50e1ac,yes,c,1674,"NA",NA
less,590-2.1~deb12u2,less,amd64,less__lesskey,c4386c673ca84ffc224f6522f4442452a9b19d1cb3cb21aab04b73bafc831b4f,24200,66c8f1ddb7922ec75d2f175c7cb8e4908fe024cc,yes,c,4383,"NA",NA
libarchive-tools,3.6.2-1+deb12u4,libarchive,amd64,libarchive-tools__bsdcat,7362b8a7a79db6eff12f56bc788ec6c3ae3299e61b70f0708c2f69ff29543bcf,14648,5f4dfd442f726479e12d92c25a4f152bfe7630e9,yes,c,2193,"NA",NA
libarchive-tools,3.6.2-1+deb12u4,libarchive,amd64,libarchive-tools__bsdcpio,12c1620c4eff822718e21dc02008b153818fc601c69ddcdaed30175d44a868b8,47416,1ddfdceb1c323d1c0ee0454c8f332c11419396e9,yes,c,14903,"NA",NA
libarchive-tools,3.6.2-1+deb12u4,libarchive,amd64,libarchive-tools__bsdtar,a143934ca6597f223de6310d76cae0fce6fb69ea8bb3481aa2eeb3ccf073e565,71992,f5a5c9e779b11a658df9a18ce043ee2e86b861fa,yes,c,27719,"NA",NA
libc-bin,2.36-9+deb12u14,glibc,amd64,libc-bin__getconf,dc5dae16d20761904355b3ed0ccea13133c1d1545f88a0bc44cc6ce3ae038b91,27136,384048168c65f64be876ab123824d965bfc04105,yes,c,1790,"NA",NA
libc-bin,2.36-9+deb12u14,glibc,amd64,libc-bin__getent,1a8ece7c471cf0782699fbcbeaa10a21b6b6c9b7f775724c843144117fa85f5f,36320,396f9f4a225bc51345009174cc067532806fef46,yes,c,7958,"NA",NA
libc-bin,2.36-9+deb12u14,glibc,amd64,libc-bin__iconv,314a281e6ef9b842dc94037476ae6a2844c82f5a83ee1e4c3e5f38cea935f6ea,64648,b38c9e0cbbdc27cdaf711198c442cea480ad7060,yes,c,32066,"NA",NA
libc-bin,2.36-9+deb12u14,glibc,amd64,libc-bin__iconvconfig,b7719be63d928c6a86cf25a01b3120e798f741ffeb6bd771ab2c8c55183b068d,31584,7355d7dab67d05cd2c4ab71d7eaf8d3199eb549b,yes,c,9873,"NA",NA
libc-bin,2.36-9+deb12u14,glibc,amd64,libc-bin__ldconfig,9fe518ff7e31cbeb3b9f10595f06251d10a578b12ebfdbe5ac1854fa8e8def25,982880,f67e05bed449e5a2431c2afaa8e1bf3e6fe55f7f,yes,c,730573,"NA",NA
libc-bin,2.36-9+deb12u14,glibc,amd64,libc-bin__locale,57c967caaca706b9fbd121ddf4be72a34b437968add2b70ff19dfb257733b2c8,47272,d70dca09c1a8c4d9009924d0a5f32fc67a71b988,yes,c,14009,"NA",NA
libc-bin,2.36-9+deb12u14,glibc,amd64,libc-bin__localedef,23c436bbc2924bfc98e95f7f0084dbdd8020039dbb96fe67b6485f65150a1a84,298912,1d4947ceccc5ba74522f22a76ee00215de98105d,yes,c,207017,"NA",NA
libc-bin,2.36-9+deb12u14,glibc,amd64,libc-bin__pldd,2d52b2767bcb232e1466128c90d565650919255ecc899667a1733e2167b51046,23232,1590931c0db381dff29706319c616da4f6809f06,yes,c,3998,"NA",NA
libc-bin,2.36-9+deb12u14,glibc,amd64,libc-bin__zdump,d21a2c9e1a033215a849f407b98639cafccff456489ce3805fdb19caca2b55df,23064,e1af157357e6550059245cb50c8825eb5920e1e3,yes,c,7420,"NA",NA
libc-bin,2.36-9+deb12u14,glibc,amd64,libc-bin__zic,846e87bfa456801913aa03f775c8fbc5690322bdecaff73d7a48a718ccbca22b,60136,aa978b1cec0cc107eb8583de4b71e1f2dadb1b56,yes,c,34087,"NA",NA
libjpeg-turbo-progs,1:2.1.5-2,libjpeg-turbo,amd64,libjpeg-turbo-progs__cjpeg,094f75c22aeeafbbe36614542f0515c15076c58c634adf783830c51202a825d6,55632,7b13fe4b48579ed1f368a55af083f92a74ba7df0,yes,c,28255,"NA",NA
libjpeg-turbo-progs,1:2.1.5-2,libjpeg-turbo,amd64,libjpeg-turbo-progs__djpeg,1eacff926ad0fce7dc45c7d62c2d63fc6321d5c78969489a39916d8010415d3c,43344,c1226128b509b3a8325f543ad9fcec139793d5b8,yes,c,19336,"NA",NA
libjpeg-turbo-progs,1:2.1.5-2,libjpeg-turbo,amd64,libjpeg-turbo-progs__jpegexiforient,403056c2b25269f6402a99c4d8a7ed0938ef1377d961835096f39fbe2cc962d1,14584,5c8f40b1a77afe218ed044445565aaad35129b9c,yes,c,1703,"NA",NA
libjpeg-turbo-progs,1:2.1.5-2,libjpeg-turbo,amd64,libjpeg-turbo-progs__jpegtran,dfc72351bc55cad9b1bbab215f433ee4192f4408e135510847d6c59a95c916a3,47368,96a9b8cdf92c2cdec03d7ea8d524cf6117488acb,yes,c,25799,"NA",NA
libjpeg-turbo-progs,1:2.1.5-2,libjpeg-turbo,amd64,libjpeg-turbo-progs__rdjpgcom,0793d6d10d0991553b26ade254512525f779cb0db71b69ac9942fc8c0a3d1fd7,14584,8ea07de3940bf233b89ebe1328d7357d8730f350,yes,c,2332,"NA",NA
libjpeg-turbo-progs,1:2.1.5-2,libjpeg-turbo,amd64,libjpeg-turbo-progs__tjbench,49740bc1537b55d2e8643fdff8c370500f9947b9b3fd9163e14e4cfc3c4b0c38,47696,a2b3b05eaae0ca26f89ccbb7a804d3b0a766bba4,yes,c,22913,"NA",NA
libjpeg-turbo-progs,1:2.1.5-2,libjpeg-turbo,amd64,libjpeg-turbo-progs__wrjpgcom,c8541b628d7471899213a4177066e93ffeb511c9e098042f55272ea52262c7fa,14584,db23371633bada304dc73d85ad9d75cabdddadfa,yes,c,2810,"NA",NA
libpng-tools,1.6.39-2+deb12u5,libpng1.6,amd64,libpng-tools__png-fix-itxt,5ba397c17bea466075e89d0cc5f80e9cd3ed4bb2d538e2fa10f4005017691d69,14576,87a81404ee566736ff208b996a8a43f1c12c4eac,yes,c,1209,"NA",NA
libpng-tools,1.6.39-2+deb12u5,libpng1.6,amd64,libpng-tools__pngfix,d11d0b8dfa706aa6a2ebe218a461314983d8bb665ae8b51c1c3ec967ae2485eb,59552,ad7f2ee515a2631a4287b0b9c1ce130a573e3c4d,yes,c,19630,"NA",NA
librsvg2-bin,2.54.7+dfsg-1~deb12u1,librsvg,amd64,librsvg2-bin__rsvg-convert,1d4dc2b1327b868614ee54f85d08bb21cdd4ebc34b17a8f18029518fc3af2158,5692104,7132327fe880cf0597fd949b0c30239848fcba82,yes,c,2949053,"NA",NA
libslirp-helper,4.3.0-3+b4,rust-libslirp,amd64,libslirp-helper__libslirp-helper,03bf19c12758eb84f4615fa0570ccfdd18a33260b4af40ccc7ef21ac21d26566,2849312,7a6148917f30a6a7f2c49fbb4ac4ae69bcf2ad70,yes,rust,1982033,"NA",NA
linux-perf,6.1.176-1,linux,amd64,linux-perf__perf,68c9128849d0231eeec1e15abc818e0deb5ede8373682bcd74c0ea9a48ed8d4e,9059728,31328f4fddd875d06905090018863b452e02f261,yes,other,2443903,"NA",NA
lld-14,1:14.0.6-12,llvm-toolchain-14,amd64,lld-14__lld,90f0356be0ebfcc92d95888fbf3bfac28eda5d646a1068c5d3aa51810c54bf23,4765400,e03ce0f9b94ed3c4e0e6254d7dbbb9abdf4fb91b,yes,cxx,3440929,"NA",NA
lldb-14,1:14.0.6-12,llvm-toolchain-14,amd64,lldb-14__lldb,cc805c6e2c4e5bd3fabc48fb9307370d9e10698f402dc5c6e45059ff73e7fa55,60880,11e62be61b29ce364a677265fc13b7816be37c9d,yes,cxx,24014,"NA",NA
lldb-14,1:14.0.6-12,llvm-toolchain-14,amd64,lldb-14__lldb-argdumper,aebdea307f071251530e3985d60140d58309fc5e3aeda271d153827925823c9f,14752,99c61217a11d6ced8d94822bedf75ede8a912b15,yes,cxx,6024,"NA",NA
lldb-14,1:14.0.6-12,llvm-toolchain-14,amd64,lldb-14__lldb-instr,a1ca1aaf6865b7f8c7c843bcca6951d42856d3ca8dbb445b61395c9dcfb1eb11,253064,8d61edb90a79f387847cf28a72a71dbe61363aba,yes,cxx,188240,"NA",NA
lldb-14,1:14.0.6-12,llvm-toolchain-14,amd64,lldb-14__lldb-server,a04491cc4a990533c05dd0be6de4b3f2e64bf9cc1c745027cb3d47eb81907e8c,3145464,28c0f9eb728c6f9d88b8db997da38b5e4333f7e0,yes,cxx,2131480,"NA",NA
lldb-14,1:14.0.6-12,llvm-toolchain-14,amd64,lldb-14__lldb-vscode,236dbc9f798cad9cfb39240e9c31ecec1788427edda612e1fcbebcd67764eed0,267936,241803dc991b22fa4fd3ca6d441ecfccca410f6c,yes,cxx,166880,"NA",NA
llvm-14-tools,1:14.0.6-12,llvm-toolchain-14,amd64,llvm-14-tools__FileCheck,6f240d4c9d82cd24161a530722fee4575e3ce75996409b7259df2cf94dbb540b,532120,18b0de673ade263e81b46308200e7c97fcd186ff,yes,cxx,391223,"NA",NA
llvm-14-tools,1:14.0.6-12,llvm-toolchain-14,amd64,llvm-14-tools__count,ef20b609da0e6b9ce8d4bf170cf7971814eb5ea2ca70f8b8b3274fbdb3c49489,6440,a73a87a5473fd6ba9bc5e17a6a28d35701f3f622,yes,c,815,"NA",NA
llvm-14-tools,1:14.0.6-12,llvm-toolchain-14,amd64,llvm-14-tools__not,c8c9f689d6835a551d08e6012eb6092c70df2d13246404091600e0e0d291ba02,89104,767f76de21d4d1398d63443787660d790ca5424b,yes,cxx,49239,"NA",NA
llvm-14-tools,1:14.0.6-12,llvm-toolchain-14,amd64,llvm-14-tools__split-file,2c3a67c5e42c87988a27e6080c22cbc7b8efddc08ce36391d2a05c1d15a9dc04,23272,93f6714d391ce1218b455d0cd13ea1e5cce220dd,yes,cxx,8288,"NA",NA
llvm-14-tools,1:14.0.6-12,llvm-toolchain-14,amd64,llvm-14-tools__yaml-bench,2d84b2fd45e445bd8e4d3aad5da94f4d12ced6f9ca242ebaca226032e8b89e40,351432,e5d669841d0c81cd1e1794872da24e2baf87ad4d,yes,cxx,240947,"NA",NA
llvm-14,1:14.0.6-12,llvm-toolchain-14,amd64,llvm-14__bugpoint,80659d2c66d31df66fdc3576561e1537f53f7f2e17ce58b88f1d855e6b4052d5,396016,8facba274d8072574c274518eaac82fd88cf5f75,yes,cxx,253328,"NA",NA
llvm-14,1:14.0.6-12,llvm-toolchain-14,amd64,llvm-14__dsymutil,5cd1a74a0b3ff0a9dbd8ec2abd2d4e5a4e4e08084f3ae04ce842692305000c29,258912,e99d51d801aa3ab151b773edeaf2cd8025c44667,yes,cxx,167395,"NA",NA
llvm-14,1:14.0.6-12,llvm-toolchain-14,amd64,llvm-14__llc,6317717f44c9b3577a680669b62dea034b987b9ca18338e3bfa245cd70cee091,111032,9f0f8c48b1887d1e9d9a774c01d54eb2abe6b458,yes,cxx,45120,"NA",NA
llvm-14,1:14.0.6-12,llvm-toolchain-14,amd64,llvm-14__llvm-PerfectShuffle,054e230b4aa8274ffdfb55daf5d6ef846da4ffed96bd6d0c7b9ec492941f58c9,18872,cceff22e5f3f1b2137bf06622281123c07e14d07,yes,cxx,9264,"NA",NA
llvm-14,1:14.0.6-12,llvm-toolchain-14,amd64,llvm-14__llvm-ar,ffb90b245b24c214cd66a31c3631e50e29068f2df95c596be741d1937afdb3fd,73312,1d2554f76c2a471ad0e1b20f7d748d27335d9d1c,yes,cxx,38480,"NA",NA
llvm-14,1:14.0.6-12,llvm-toolchain-14,amd64,llvm-14__llvm-as,3bfc973e68f5d0100ac6f3437a5fe598f956e831f7ab4148e26bececd16b5a92,31552,fa7883b3d80f62014b9575037d6463525aa03261,yes,cxx,10336,"NA",NA
llvm-14,1:14.0.6-12,llvm-toolchain-14,amd64,llvm-14__llvm-bcanalyzer,1d23868ba3ac136a289dacca5999057d93b42409e50da33dde8ea1834d4fd3bd,23240,733194d7d1a6eff58934c78ceca680e53a27e8b8,yes,cxx,7664,"NA",NA
llvm-14,1:14.0.6-12,llvm-toolchain-14,amd64,llvm-14__llvm-c-test,1cd9eede242fd281a568a4ef0a7bff20af2aa1e2f2b1e484f9cbba73e44be52a,92120,e5d99ee48e2cc2a473c915d58d348ec53038f4f8,yes,cxx,28415,"NA",NA
llvm-14,1:14.0.6-12,llvm-toolchain-14,amd64,llvm-14__llvm-cat,1a5c1e2727592dee52a69c61fc50d0e6e7e336030f9ea1f0d2431200baef3bd3,27424,f0eb10b6b1a43c62238bb971dbdde02a3a462274,yes,cxx,9584,"NA",NA
llvm-14,1:14.0.6-12,llvm-toolchain-14,amd64,llvm-14__llvm-cfi-verify,05045e9e31a91010846ab90460f31dac01bae9624d413ea8c22e7e2072fee5ac,102104,2a984fc909ca067e1247c472a00fb703864c88ad,yes,cxx,53952,"NA",NA
llvm-14,1:14.0.6-12,llvm-toolchain-14,amd64,llvm-14__llvm-config,2a7496e915b79d5f6c6bdc02a226196d2ce84ed86491e01dbc7735d87efb131e,455336,4bfc9a0a8a27e39e0e1462e8e9761221b50294e2,yes,cxx,97035,"NA",NA
llvm-14,1:14.0.6-12,llvm-toolchain-14,amd64,llvm-14__llvm-cov,e8421f0f411b4c6cda63991b7328267185dc08c2d125f394e9caf8c7af28b69f,352152,f248b2b9161200f0703be71fa4d13d45346c377c,yes,cxx,256808,"NA",NA
llvm-14,1:14.0.6-12,llvm-toolchain-14,amd64,llvm-14__llvm-cvtres,dfa0d6f9b8bbcc1eae78a8427c2227576564b06c1d927ee56f37d7cdd33f4e31,27344,2ac9b0ab85b167833bd6eb3a2e2037038cf2486a,yes,cxx,10843,"NA",NA
llvm-14,1:14.0.6-12,llvm-toolchain-14,amd64,llvm-14__llvm-cxxdump,f668fda8391cf340bf67c081afa48379ea839785f25ab93d0011878314c3be88,72752,831a4ed757ecf0bd34fdecadfa69a7f3ed4a1e95,yes,cxx,45316,"NA",NA
llvm-14,1:14.0.6-12,llvm-toolchain-14,amd64,llvm-14__llvm-cxxfilt,7f5636506e103a2b08dfa00ad71bec610c1d4d63015b12fc1a98a54b15deffe3,23280,677ad19344e7da4e5996050cd9d9c5f47a071e28,yes,cxx,7776,"NA",NA
llvm-14,1:14.0.6-12,llvm-toolchain-14,amd64,llvm-14__llvm-cxxmap,6ef991e8bbffc297f51ed9c83d7a9b30569a3de8053c1f2b58cfbbf728f2f520,31552,396f0a5e342fe84f7536e8f525e5de357329779b,yes,cxx,13872,"NA",NA
llvm-14,1:14.0.6-12,llvm-toolchain-14,amd64,llvm-14__llvm-debuginfod-find,7d8aaab73b9d49cb85dd3949b20eaf138fbdabfb41910e4102e249c92e058649,43952,3f74d8cefb1ba584a0bc7da88a116ac822e3fa0b,yes,cxx,18800,"NA",NA
llvm-14,1:14.0.6-12,llvm-toolchain-14,amd64,llvm-14__llvm-diff,d525ebc167fb43b94ef8b566eb4819dcaa7f2f4f370a727ba661e91a1f775be5,60240,5a416c27301c37da02f418321dd6e6d306fe9f01,yes,cxx,37439,"NA",NA
llvm-14,1:14.0.6-12,llvm-toolchain-14,amd64,llvm-14__llvm-dis,bf7741016d69f5d2131feb9bcef9c8c1776d67973398c7dd1916bbd7e24e53b9,44032,80ebc1c27c5ae6b9d16717771aed37a5d75c19e5,yes,cxx,17024,"NA",NA
llvm-14,1:14.0.6-12,llvm-toolchain-14,amd64,llvm-14__llvm-dwarfdump,0d0809544703640291892ce7088ad6db2eaa1d574c0631b643a9b8cda0d37a85,143272,58c4eba0dd13ff275d0f0bebef851c16658f8fcd,yes,cxx,85664,"NA",NA
llvm-14,1:14.0.6-12,llvm-toolchain-14,amd64,llvm-14__llvm-dwp,ff73152b655d155c95facbbd0d398782997faa7b28501f6f5bd5468f365e0f09,52800,82d55208775fa8f60ce1053c7e960c0cb8166fac,yes,cxx,21152,"NA",NA
llvm-14,1:14.0.6-12,llvm-toolchain-14,amd64,llvm-14__llvm-exegesis,d75491c6f991b710df508c3e5a6171e30299e478eda76a77efc8a497da746bd3,26136056,dd960e4295ee889f758fa93a4d48c757f7ac2d99,yes,cxx,16466910,"NA",NA
llvm-14,1:14.0.6-12,llvm-toolchain-14,amd64,llvm-14__llvm-extract,95ebca4de9ccc8aa1380e2ca21671c47445576dbe442249b62ce5e0c81a4f553,48120,dc574faffacf9d1f8d800d8ddd950da2af8893c5,yes,cxx,24928,"NA",NA
llvm-14,1:14.0.6-12,llvm-toolchain-14,amd64,llvm-14__llvm-gsymutil,36aa591d08053e671dfe25d304f38be0003b2120625d31fa6544ac539fbf16df,69088,9a573003067880e33fcdb7a0e3f86cbde3f473b8,yes,cxx,32624,"NA",NA
llvm-14,1:14.0.6-12,llvm-toolchain-14,amd64,llvm-14__llvm-ifs,8e33538861a830b3ff9f18a01cc21ce6b00285ca3263850b794669893d97c8a9,80984,848143731a05105ef56e7fcd535e1bc178111387,yes,cxx,45184,"NA",NA
llvm-14,1:14.0.6-12,llvm-toolchain-14,amd64,llvm-14__llvm-jitlink,9cf44ae82d40dea7c34c2bd333246a76719b508d1964b982b8a4a9a04b62b7c4,209328,0c66ae1b4353061c5135a1e1b596274926975865,yes,cxx,123311,"NA",NA
llvm-14,1:14.0.6-12,llvm-toolchain-14,amd64,llvm-14__llvm-jitlink-executor,5c6efac5ef2dd80a5afb7551c7d471ac36b275907e6345974068234e8fdf7295,1180040,4c48159b32c895724eb2bfe005923ec9d46f5ea8,yes,cxx,735047,"NA",NA
llvm-14,1:14.0.6-12,llvm-toolchain-14,amd64,llvm-14__llvm-libtool-darwin,96e0db420f43f8855e3345248753cd99fa84bb4ef7b154a9d46992d54146982b,85200,ddaa2526f89796d8e9dee77a98f88542b180392f,yes,cxx,50208,"NA",NA
llvm-14,1:14.0.6-12,llvm-toolchain-14,amd64,llvm-14__llvm-link,772616cb0281e94d8d008bf06dbe75d68428b819bbfa146356ed9e3f50ce9f2e,60624,c30fc3b2e6725fb974b492def283c88fa38bf5b3,yes,cxx,29648,"NA",NA
llvm-14,1:14.0.6-12,llvm-toolchain-14,amd64,llvm-14__llvm-lipo,23db21126a7b7e41bb1ac40b88a3e06c9a330d13ac6145d7b58aa7f73b3667c7,76760,df2c6959ca22a67fb938e69b298dfd5bbc3a59ad,yes,cxx,52128,"NA",NA
llvm-14,1:14.0.6-12,llvm-toolchain-14,amd64,llvm-14__llvm-lto,fef38e07c026d552f87f76e2100898dff0143b864a13517f13ba1614bdf8ee75,139480,0960b5955696f7136f5effd14fb36d2588cf9b93,yes,cxx,77744,"NA",NA
llvm-14,1:14.0.6-12,llvm-toolchain-14,amd64,llvm-14__llvm-lto2,bc1d305657ec00c650287a7645218eddcec860025a1d0ee4edefa93e808fb269,106288,8833e1951a50610c85b04fe934fadf54bcd7899a,yes,cxx,54592,"NA",NA
llvm-14,1:14.0.6-12,llvm-toolchain-14,amd64,llvm-14__llvm-mc,f16281c8a7b20c1604f1d678a93019fb186c1d5b230c816cdfdb04483947f205,93984,46ccb719ae9d7b9adfa70fd68949ba7d4e67135f,yes,cxx,43846,"NA",NA
llvm-14,1:14.0.6-12,llvm-toolchain-14,amd64,llvm-14__llvm-mca,e9e0003e6bb46e16ace9a07c2fb876311f8211d87d4d53b7375568868af3e291,205512,af9876810e3ef389888d7584eb9912c33083404c,yes,cxx,123331,"NA",NA
llvm-14,1:14.0.6-12,llvm-toolchain-14,amd64,llvm-14__llvm-ml,bdbce0c66db7333855b1db02af1e3563ec293612cbae6bc98177023999cc8273,56952,7aedbd2f4de09d51592a8a1fcfd369275c02704e,yes,cxx,18700,"NA",NA
llvm-14,1:14.0.6-12,llvm-toolchain-14,amd64,llvm-14__llvm-modextract,a07e636e2977fc90d70bb88aab90b60ce96336275c414ebb67ddc95f0dbfad76,23304,d62c3601cfd07951c8ddbec24ddc5105832153d4,yes,cxx,6240,"NA",NA
llvm-14,1:14.0.6-12,llvm-toolchain-14,amd64,llvm-14__llvm-mt,ad27e7938d05cf5d7db0fdbd116de283488aa73b0bec4cee9ea1c15df888833c,23176,7243f5e4f843ceaaea165f2882421ae1b30be869,yes,cxx,6460,"NA",NA
llvm-14,1:14.0.6-12,llvm-toolchain-14,amd64,llvm-14__llvm-nm,b8404ef72fd67cbdaff57af9e70d1e24cd6450ab9da1fc5739d61000d8da2b4d,130880,c0ff62248f3a6358eb8059ce912a95e1128ed5c7,yes,cxx,85648,"NA",NA
llvm-14,1:14.0.6-12,llvm-toolchain-14,amd64,llvm-14__llvm-objcopy,41f5f9b96d1026905e9ecf16c39f708366ceb40a9f64efbce0996b87f63b2f33,671576,85c2ad793092984da19d43a7eb6fc02a4f6b3d31,yes,cxx,516708,"NA",NA
llvm-14,1:14.0.6-12,llvm-toolchain-14,amd64,llvm-14__llvm-objdump,5371f8e6dfb90ff957ad26ec245a4908bee0603b6b6129361be72a6a44cd9585,775744,26e2927f7dab2f468fc9cffdbe5f4e34b7f881c5,yes,cxx,610307,"NA",NA
llvm-14,1:14.0.6-12,llvm-toolchain-14,amd64,llvm-14__llvm-opt-report,2046a3f784cbbd65a923111d785c26e1930068404077cc4eac4d24fc088bdbc0,52040,a6382ace8fe5a8f827ceed708568eeae176b36f1,yes,cxx,33984,"NA",NA
llvm-14,1:14.0.6-12,llvm-toolchain-14,amd64,llvm-14__llvm-pdbutil,211638914cc819da27d3f41a71c3c2ded10299d419a5c19edeaec29741dec8c8,944408,6a6d843199d9027d61bddabaf83246cdd7f54cf4,yes,cxx,669822,"NA",NA
llvm-14,1:14.0.6-12,llvm-toolchain-14,amd64,llvm-14__llvm-profdata,4eab56326918f7579a227175de6289beade038ccae2d7c74cc676a5fd2c48e39,266040,50150917c5d0e7502693bd147645e1d1a36aaede,yes,cxx,176896,"NA",NA
llvm-14,1:14.0.6-12,llvm-toolchain-14,amd64,llvm-14__llvm-profgen,ff28e3920dc4dcc1a8a41cfe7b0434097c53df96f1808fd5cc4cd12c91305a92,299256,1b6b9f2c595a886112cff5f2e964c31e05eb1a4c,yes,cxx,196112,"NA",NA
llvm-14,1:14.0.6-12,llvm-toolchain-14,amd64,llvm-14__llvm-rc,67a97a7badc10bdc322ec2bcd0cb595ba9113acd731e09138f2d4523041c7f41,179768,385e647c8e2a0270983f8e121f24cacc32e90634,yes,cxx,117633,"NA",NA
llvm-14,1:14.0.6-12,llvm-toolchain-14,amd64,llvm-14__llvm-readobj,6b92c2357d7b457c454abee4f8cc0799b2fd9536cce9cc26edc333bef79b1b55,1897744,5b197caaf2aa4cd1517d454afef29c26351f50f6,yes,cxx,1553986,"NA",NA
llvm-14,1:14.0.6-12,llvm-toolchain-14,amd64,llvm-14__llvm-reduce,0cd89ed1c1dbce4f1cea38d40305931d84c5b474c0286689c5439d84b3703750,230376,180bfeb4bd08a4e7d5db8cd06ee88aa747e98577,yes,cxx,151264,"NA",NA
llvm-14,1:14.0.6-12,llvm-toolchain-14,amd64,llvm-14__llvm-rtdyld,d102e15c286acb34a51e0188f615283f681379c8b24beace5509bece05a16397,110624,52fb788d6461de0096a864fb9a6c4997cfb2ee7d,yes,cxx,54672,"NA",NA
llvm-14,1:14.0.6-12,llvm-toolchain-14,amd64,llvm-14__llvm-sim,97c80a7408942ec1a79b5e4b50039590284b6ed230a74b2524a9c02721419ee6,23304,e3f55fbc0b3322f92817de6f9e5316b0730b73cf,yes,cxx,9136,"NA",NA
llvm-14,1:14.0.6-12,llvm-toolchain-14,amd64,llvm-14__llvm-size,916c789027cf72f2a6a64498a227fad7ca52b140bf49249357d0d31d0f81a352,64440,2cf0e9ddd6edbdedf4c21c6f88eeb7ced9f84b81,yes,cxx,39696,"NA",NA
llvm-14,1:14.0.6-12,llvm-toolchain-14,amd64,llvm-14__llvm-split,ad90a6741d4e9dbc350fb5e1f389a1a31b48e7cb52da760add566836c5438861,23264,8b60c1c423f2ab9f92ca33dcc73817e7c2b0ccc0,yes,cxx,5520,"NA",NA
llvm-14,1:14.0.6-12,llvm-toolchain-14,amd64,llvm-14__llvm-stress,db0b40514bfb0c4b0a31f515210797c2fb2bda71ca9cb6b83e94fd5da1b292ee,56728,139534ca17ead572de4b805e2711ac71f6aebff9,yes,cxx,24016,"NA",NA
llvm-14,1:14.0.6-12,llvm-toolchain-14,amd64,llvm-14__llvm-strings,fe60e77696ffcf1ac72c941a3ee57f45295a68985642428d2668261097cef3d5,27416,29b7be8a26b2159a348c14f2a9628a34834873b1,yes,cxx,8272,"NA",NA
llvm-14,1:14.0.6-12,llvm-toolchain-14,amd64,llvm-14__llvm-symbolizer,dd1580ac239d53ce4f002ed5ad435c0252ff323356b186369afd3124f96f95e5,60472,67e422f701bef8054b378c5393bdae379695092b,yes,cxx,31276,"NA",NA
llvm-14,1:14.0.6-12,llvm-toolchain-14,amd64,llvm-14__llvm-tapi-diff,64fc5630e51cc2c395a39133cc5b6e551fec9cf3b6f51a29bab43dd8ff2c1a3b,105224,1f91e454b0b01ea408d64ed090009b81a814192a,yes,cxx,80396,"NA",NA
llvm-14,1:14.0.6-12,llvm-toolchain-14,amd64,llvm-14__llvm-tblgen,6d0497c33173cbb775d8216930390e97281301cbee4d743ebf17f2a14f6221db,3452768,1e6a9f6cd7ee5050a858fb4b661ac285aa6683dd,yes,cxx,2910921,"NA",NA
llvm-14,1:14.0.6-12,llvm-toolchain-14,amd64,llvm-14__llvm-tli-checker,a3633d4313fd568915e33909e0ebba033be2ffca1f214c5c4e6bd8431718a7b7,35736,49e90089767cc61dda1ace9ddbe4046c9a0a6402,yes,cxx,16464,"NA",NA
llvm-14,1:14.0.6-12,llvm-toolchain-14,amd64,llvm-14__llvm-undname,45d1ac92c7d3cf3b84d0cba43e830d80e876c40e63b80961fb834e635d9b7bdf,27392,d17be501c0ca2983c93b26f469cb704bdcd32bab,yes,cxx,11120,"NA",NA
llvm-14,1:14.0.6-12,llvm-toolchain-14,amd64,llvm-14__llvm-xray,78922a17bdc4057f3a7fb2bbd0a41198045c50c8806b413b3fa1a218418e7fdb,417280,bdbfe809c3f5ca729b2f311ed746d3a49a8c8b77,yes,cxx,323744,"NA",NA
llvm-14,1:14.0.6-12,llvm-toolchain-14,amd64,llvm-14__obj2yaml,7e88b98b06348ea2314c9f9e872802b2802df4b84a0255ed6fbee5989567bb33,5630704,59a06b59be66ee327b4848e793005da76ff500ab,yes,cxx,4016387,"NA",NA
llvm-14,1:14.0.6-12,llvm-toolchain-14,amd64,llvm-14__opt,512c8f3ee6f4e5113a5891d9fb6c0557c39c22fe679358eaf84969b176323943,297728,e675250994d4c2d14bfa2222ceade5a7d397a6ac,yes,cxx,134928,"NA",NA
llvm-14,1:14.0.6-12,llvm-toolchain-14,amd64,llvm-14__sanstats,5e6e4c0561fb71de72b845b3f54d53c0372c555e9515b889ccc6cbb0ad09251a,23208,3813890b4f4d7844b7531682782649ea455dd580,yes,cxx,8192,"NA",NA
llvm-14,1:14.0.6-12,llvm-toolchain-14,amd64,llvm-14__verify-uselistorder,fb2b9c92fa80fd9f2a83f69fce088c966ca8d35a3f7fa33dcf8193e4fa77373d,39736,ec61cd08c610d8a9d753754665d86483034a4fd0,yes,cxx,21408,"NA",NA
llvm-14,1:14.0.6-12,llvm-toolchain-14,amd64,llvm-14__yaml2obj,ddaef37dda8d3252db88d49d91aff3fcb8aa7fe7c3f219e4202ab13db0f7032f,2319600,2288de0cd07ec47f1a0fe1b666fee2a3505b36c2,yes,cxx,1474707,"NA",NA
lm-sensors,1:3.6.0-7.1,lm-sensors,amd64,lm-sensors__isadump,63173698bf22de59128db7d6e5e4feaadc3f35084acb536376ce1998e486de79,14752,d9b4e97fea26c710469256717c6d9d8206573e9e,yes,c,3302,"NA",NA
lm-sensors,1:3.6.0-7.1,lm-sensors,amd64,lm-sensors__isaset,c45315b339f10215c6861cc3e9c9db9733e4e3e9692b8116af11838378781b7c,14744,110bfe9f5db5a99fb90c53ef8221999f68526929,yes,c,2662,"NA",NA
lm-sensors,1:3.6.0-7.1,lm-sensors,amd64,lm-sensors__sensors,8b2d66d8c53b83429baf99135eaf7a8e23594c5db4ef2432ae179a7c1f37ab56,31520,bad1b69ff3f248ba58a0c2c51729f9ec14f20678,yes,c,10605,"NA",NA
lmdb-go-tools,1.8.0+git20170215.a14b5a3-4+b4,golang-github-bmatsuo-lmdb-go,amd64,lmdb-go-tools__lmdb_cat,5a62b5b386f8bb6448f2c43f44897063e4bd4353e2889f785c81f56eb8252804,1604048,7623f93a89c93af1054b2072bd471c37b3dd5f65,yes,go,728435,"NA",NA
lmdb-go-tools,1.8.0+git20170215.a14b5a3-4+b4,golang-github-bmatsuo-lmdb-go,amd64,lmdb-go-tools__lmdb_copy,f1434f529de0685791fa68cd5d28e45e730dff38adb3e6ea6783fb9f3b388a24,1478992,321b6f3c59c4dada44819c3bfa3049b76d99368a,yes,go,664835,"NA",NA
lmdb-go-tools,1.8.0+git20170215.a14b5a3-4+b4,golang-github-bmatsuo-lmdb-go,amd64,lmdb-go-tools__lmdb_stat,c3c8a42b27c4e5ec2530df9c8108f192758c4c1afc27b628497f1f08f6d14e35,1540784,2ac53303255f5bca31d7d60816e7a6afcdc7d127,yes,go,695886,"NA",NA
lmdb-go-tools,1.8.0+git20170215.a14b5a3-4+b4,golang-github-bmatsuo-lmdb-go,amd64,lmdb-go-tools__testresize,be9cb11f7be6af70ea1652abc7275f1f5c156d55e1e111376be97dfa877ed0c9,1612464,ca3310e6fc39258f25da74f84b371fe28a308536,yes,go,725779,"NA",NA
login,1:4.13+dfsg1-1+deb12u2,shadow,amd64,login__faillog,ab6118571557ab9a1973442b581187dc849cf6359a648d0a91d7630f1433f3b0,23072,c2d56ebfb02a200463d55ef6395eb429864f8332,yes,c,6267,"NA",NA
login,1:4.13+dfsg1-1+deb12u2,shadow,amd64,login__lastlog,30f3c9a12f119c3c6fc4dd190983b89c37022ed0197e71ad3eb9197d0f8de424,32512,0ffaa45996fa70f8f8508fdad0685a9381c3c6fe,yes,c,7531,"NA",NA
login,1:4.13+dfsg1-1+deb12u2,shadow,amd64,login__login,d226cce97094b967f9cdc196f388df493d292f6e501f88f68a9b04cfc44129a1,53024,b4f713b49ba37c12ced2654384cc39e73e5c6d81,yes,c,22193,"NA",NA
login,1:4.13+dfsg1-1+deb12u2,shadow,amd64,login__newgrp,ced400910c4fe7ab0676ae07ee6489d677baa18e1425750a21b9688ab2e02fb6,48896,51296ce973b73cddfa5ad2ae875433004764b57d,yes,c,16177,"NA",NA
login,1:4.13+dfsg1-1+deb12u2,shadow,amd64,login__nologin,0c17108c1facfaa607d255358c9f8f614bb291ae1fa5768736d913703afffa62,14568,fe4051563b7ec7412c0fbe9aa96c03904dd141fb,yes,c,425,"NA",NA
logrotate,3.21.0-1,logrotate,amd64,logrotate__logrotate,75d119f710acc16345781b5fa3efcb188c9882808b4f02d19069db7fed1ff9f7,100520,d3366d658620a89092f3ef67ab45703c6e130ee6,yes,c,62497,"NA",NA
lscolors,0.13.0-1+b1,rust-lscolors,amd64,lscolors__lscolors,60a81d2e9b0f0f6bc3e790b948c3fcee208a682a156a254e9d429979f971746b,379376,7da34b716d14da11e0f3388391c2a63d65c7b18c,yes,rust,261121,"NA",NA
lsd,0.23.1-3,rust-lsd,amd64,lsd__lsd,2d2c2e977ff524e1735367d7875670e93ea7d82f7f72a4b6391a2be1b4015054,2419240,c3e2b230c7ded79d95f036ffd925e63ac70aa4be,yes,rust,1780801,"NA",NA
ltrace,0.7.3-6.4,ltrace,amd64,ltrace__ltrace,d5ec6b5a22d0e116a837b432e3ee9e3ac266a1f2e5cd64e55b9bd5968170a06b,284712,1472f2c1afa46504d9952142db4c9cbe1eefd138,yes,other,165950,"NA",NA
lua5.4,5.4.4-3+deb12u1,lua5.4,amd64,lua5.4__lua5.4,f96eb7aedbc7fa87e89ed6fce7c680fb965b495d770a001f493b593bb002caf6,269504,1061f95d5cf9242924aac24fb75ecdcab7eac0e6,yes,c,171221,"NA",NA
lua5.4,5.4.4-3+deb12u1,lua5.4,amd64,lua5.4__luac5.4,cf7102b24b486d185b71eea19a1637aea25b9fefde909c7731524a0c022f2680,183112,94ab8a98f4b3372c9013e4cd010cf4944da6834d,yes,c,122600,"NA",NA
lz4,1.9.4-1,lz4,amd64,lz4__lz4,d7958b8fa6659cb45852d061dcecd84a897f26a0f98a8b52d787b35db3791dbb,211592,645ebaaf53ce1c1a8b2fcc0b4cfaa93e552d0134,yes,c,168495,"NA",NA
mahonia,0.0~git20180208.3358181-4+b4,golang-github-axgle-mahonia,amd64,mahonia__mahoniconv,6a7772987318fc4fd2c9cab6e29ff4316564ecf4298b9f95bf0ab74b013330c9,2397296,NA,yes,go,630411,"NA",NA
make,4.3-4.1,make-dfsg,amd64,make__make,00b2c2071bf57aa52559a91bf8a4ddcd0fcfd4718da2f83100593a45896c1fec,240280,1b41680c21e3f04680cc10e8e6ed07116d6d6d93,yes,c,142720,"NA",NA
mariadb-client,1:10.11.18-0+deb12u1,mariadb,amd64,mariadb-client__mariadb-admin,4402efedb32ed52f06b73c1a90c61a514d2e30f6f2618cf312fd0588902cd0f1,4991496,19d6c5d561d6725d820d3fc0b58a79ac764269a4,yes,c,458780,"NA",NA
mariadb-client,1:10.11.18-0+deb12u1,mariadb,amd64,mariadb-client__mariadb-binlog,c021131fcad9ab8dfa71b27632704eb6138bde3915ce75f52688c6572d69220c,5264576,1d8a6e49d50978604c15be4f1d63e1f459032bbe,yes,cxx,638428,"NA",NA
mariadb-client,1:10.11.18-0+deb12u1,mariadb,amd64,mariadb-client__mariadb-conv,51126a90ca8a01c65d53e0074dcbabb95699fb3ea893faa795038fcdab4af6ee,4713632,c6da8a16bb2e1f7c9b1c7c649d3a392876d1970d,yes,cxx,332940,"NA",NA
mariadb-client,1:10.11.18-0+deb12u1,mariadb,amd64,mariadb-client__mariadb-dump,e1d968b6f2e2f7f7f3630cbd0c0bf616ddc2e6c97c6cc81d3b6113f668e46fff,5080584,d277b0c1d80140f781a5b3f0be2933cf6f4a552b,yes,c,501836,"NA",NA
mariadb-client,1:10.11.18-0+deb12u1,mariadb,amd64,mariadb-client__mariadb-import,8775c583caf8986ec612042b48f39a2132466d76d387c18a934575880d8a6920,4983592,4ceff445067e9c1ba13da41ec51898bb13404e27,yes,c,451980,"NA",NA
mariadb-client,1:10.11.18-0+deb12u1,mariadb,amd64,mariadb-client__mariadb-plugin,f7028ae7fe3fbcefd7f140590d2e1cd9967152a80cf0522a579eaed0b79a9786,4693864,21b60b1c269cedee683a296a308eb5a5ff265c54,yes,c,313660,"NA",NA
mariadb-client,1:10.11.18-0+deb12u1,mariadb,amd64,mariadb-client__mariadb-show,173f7a87e86aea9850321912c66dd20cb249cc743660e7d1ecbfa1823bf27627,4982120,cf04301682d7332546c3e844cc6cf13fbae57043,yes,c,452988,"NA",NA
mariadb-client,1:10.11.18-0+deb12u1,mariadb,amd64,mariadb-client__mariadb-slap,de63bdecfcfb191f9b4b7540176cf5bc439b722c06c81635e79d962ae05ce3e3,5001352,823399552aa405ad77f11655aa7807f9302554f4,yes,c,460956,"NA",NA
mariadb-client,1:10.11.18-0+deb12u1,mariadb,amd64,mariadb-client__mariadb-tzinfo-to-sql,3137219d7798388da689fdedf6348653c219652e4885ebf8e1c7e6664f472ec5,4693192,6d7b52c1a6be12753e80e88665be9f30bf6deb6c,yes,c,311180,"NA",NA
mariadb-client,1:10.11.18-0+deb12u1,mariadb,amd64,mariadb-client__mariadb-waitpid,0f752d435cba7efba1369e68efa52da09a74eb64a23b0e64ea2b980136af3dd0,4680648,9374218e526149c69b7612606d01f89ba3dba7f3,yes,c,306492,"NA",NA
mariadb-client,1:10.11.18-0+deb12u1,mariadb,amd64,mariadb-client__perror,f987db40d25bdfb7194ed4206ab46f206a2d469c4f03749ff4dc2e182d603676,4887016,9634149d9326554d2390baf8f5852717b5b9fa20,yes,c,307356,"NA",NA
mariadb-client,1:10.11.18-0+deb12u1,mariadb,amd64,mariadb-client__replace,6b5b8ead887baafde7cfdb33a98c07ff347dabdf60d1b82a2fbaec32fb9e7ed3,4663560,3473ac99848005aca94042267b143db935ade844,yes,c,294828,"NA",NA
mariadb-client,1:10.11.18-0+deb12u1,mariadb,amd64,mariadb-client__resolve_stack_dump,af92d7e6405d99bcb72d4de6a40c2c469931795aedbf442e8100c4db97692016,4684744,55a066a9268a1673413bd344effb4903405f55d7,yes,c,308396,"NA",NA
mawk,1.3.4.20200120-3.1,mawk,amd64,mawk__mawk,301315e7e2e964b4e403824b3f6c7ad8db1023e4ce87e6f6c92bf367e047f311,158376,dedddd637101a030c06821de15b8b565ff126240,yes,c,100753,"NA",NA
mc,3:4.8.29-2,mc,amd64,mc__mc,b8275e6cc29962f5a05188b5d7db189b765358d38758483c80a0a773780c4d6e,1074624,76e57c05e2c732848568f39d695e0af14c0be267,yes,c,712786,"NA",NA
mender-artifact,3.9.0+ds1-1+b5,golang-github-mendersoftware-mender-artifact,amd64,mender-artifact__mender-artifact,ea09977bf4e9098a450343dfa8cda582ee0c1e3f31b5e90182f8f3060955d34e,11629176,24816e60d40c7e79bbb2ec2c1ba543ad466bf74a,yes,go,5431190,"NA",NA
mercurial,6.3.2-1+deb12u1,mercurial,amd64,mercurial__chg,82cc14700338b8d67ec590e7475c4e756b1a588b025d2b5dfaf541aa9de776df,35808,cb66c8146351e2d48b0299b1da7eaf5d45ab7da3,yes,c,12926,"NA",NA
micro,2.0.11-2+b1,micro,amd64,micro__micro,1d5a91a204a9d7bf099088f45a0731c25966015d719065b7090ce908323fc2fd,12717416,NA,yes,go,5109186,"NA",NA
minify,2.12.4-2,golang-github-tdewolff-minify,amd64,minify__minify,9f72093f525c1a8deb78067bd4de8662088ed277996d02f229790276d2e53594,4465976,NA,yes,go,2173470,"NA",NA
mkvtoolnix,74.0.0-1,mkvtoolnix,amd64,mkvtoolnix__mkvextract,e7981a496ded78b58c280239cbd1414b7d6b97c00f255c53b4fa2da1f4d31976,3810880,b3b3e94bc790c61e0749ff095675709ce6310d80,yes,cxx,1659995,"NA",NA
mkvtoolnix,74.0.0-1,mkvtoolnix,amd64,mkvtoolnix__mkvinfo,2f2d895b44f14bd5e9785dd14db7b5106d94b271337a0ca202437955a8c79ccd,2793560,7e8b6c4901ea3e8bc4c371351cc01590a5c17735,yes,cxx,876982,"NA",NA
mkvtoolnix,74.0.0-1,mkvtoolnix,amd64,mkvtoolnix__mkvmerge,06e3581d301a5b87f8c25a1cab2b5a267d09ffaf66a98cf93543cbf5016ef3e5,6769344,e9b5b98b9127320fc746b1791ce1672da78017e9,yes,cxx,3796503,"NA",NA
mkvtoolnix,74.0.0-1,mkvtoolnix,amd64,mkvtoolnix__mkvpropedit,6a9a0b89fdb36e7ea145cbb044dfd4c83320e6676e5088c97bb98d7717da5c01,3155152,7018aa29e675480e74ab28960d5dd568745035b4,yes,cxx,1129261,"NA",NA
mockgen,1.6.0-2+b6,golang-github-golang-mock,amd64,mockgen__mockgen,21a855b4c955dba8cde50511da483b981019f20ef08d6b38f358efb643fcc3db,6102456,NA,yes,go,2992308,"NA",NA
mosh,1.4.0-1+b1,mosh,amd64,mosh__mosh-client,325963ae46b6b6f57e3b70ea91f4a34643736e4bb5af8777dbf6969263265f8f,383936,383a2a3232f398567bbee861626df0b4046e9611,yes,cxx,246533,"NA",NA
mosh,1.4.0-1+b1,mosh,amd64,mosh__mosh-server,98ff0a7297a0e7442c7e071c833c5edad01638dff0ff2574834bd5896d6fda21,375712,12edc8dfa3c7877c12f98a694583f513e2c284d6,yes,cxx,238373,"NA",NA
msgp,1.1.6-1+b4,golang-github-tinylib-msgp,amd64,msgp__msgp,d741588589d13081fddb317e731aee0d25ce1a29fd4ac53350ce732c7a0eaa3c,5661656,NA,yes,go,2764972,"NA",NA
mtail,3.0.0~rc50-1+b6,mtail,amd64,mtail__mfmt,b63e115118d59a0b80a3492c830d9267124f89c5e38614c025c8e070a0aa9864,2023392,f515689f3322bdaf7732a11ea46b30ea8e2a2167,yes,go,963779,"NA",NA
mtail,3.0.0~rc50-1+b6,mtail,amd64,mtail__mtail,b13724a9335be68f4720515089bea839259628da471ed7a7605b840f17f89729,10720168,83ecfd091f3e88670264ebc90233e2de06e36531,yes,go,5163475,"NA",NA
mtd-utils,1:2.1.5-1,mtd-utils,amd64,mtd-utils__doc_loadbios,5435bb7d62aa04d9ba933bd9e2cb38c791f94b64e1b034e769c9cd34c68d7e16,14576,71a981771cb355095685e5e91fe9b667e5266e9a,yes,c,1481,"NA",NA
mtd-utils,1:2.1.5-1,mtd-utils,amd64,mtd-utils__docfdisk,a010256b8877d66a3dc5a77d26548dcb89591d1e9a63aee008d3b4e4738697e2,14576,25a94ea04f5596f4dfa3d55f6898e34160f12e9d,yes,c,2443,"NA",NA
mtd-utils,1:2.1.5-1,mtd-utils,amd64,mtd-utils__fectest,11f5097e1d5f68fc95d813c153861b9065ae6a2ad13a75ab01e4f0a85e21bae3,18672,1fe6d49b623c66f38655fed0f4b6f68efe946518,yes,c,6659,"NA",NA
mtd-utils,1:2.1.5-1,mtd-utils,amd64,mtd-utils__flash_erase,c669be8c9e21671e3f3e4d73ff49a6f2095f82f406b8d269f5d7060e707689fd,43328,c3856c0715ceca5b3eaa924e0df7f6ad2ae59a44,yes,c,20479,"NA",NA
mtd-utils,1:2.1.5-1,mtd-utils,amd64,mtd-utils__flash_lock,68526afe3188a34244c6c946b6cdd970c0562f17442a8b9c68a0a35f93396c6e,14648,fbe745ba277830fc4909923a0aeb7266121c008f,yes,c,1727,"NA",NA
mtd-utils,1:2.1.5-1,mtd-utils,amd64,mtd-utils__flash_otp_dump,6534eef51cef78a18d21f910f4d295e3db24bb8405f07ae167643336f31f0ac0,14576,2640b3532c324e39387d1f07e19305345c0f6ea0,yes,c,889,"NA",NA
mtd-utils,1:2.1.5-1,mtd-utils,amd64,mtd-utils__flash_otp_erase,a8968727413bc6e2dd19d454c6ec68734a42db1e6692ce0299943819f2575c6d,14576,d7aad85daeed057307bd285d3cedd142b457a77f,yes,c,745,"NA",NA
mtd-utils,1:2.1.5-1,mtd-utils,amd64,mtd-utils__flash_otp_info,f404eb492eda832c3be3aaaec2eeaf3932b63f33adbcc0209bbc7e47e478a630,14576,e74cd3f91ad0c86dd807dd63e9d8f53a8e0d6fd6,yes,c,809,"NA",NA
mtd-utils,1:2.1.5-1,mtd-utils,amd64,mtd-utils__flash_otp_lock,57a45f8c6af77a2731c3ce6d084212c3000e5727988a9bba1d0439b2d1ae2a31,14576,7eda9d02398824e99fda82769eeb5156ed892e32,yes,c,1049,"NA",NA
mtd-utils,1:2.1.5-1,mtd-utils,amd64,mtd-utils__flash_otp_write,fa827b7793ee723b5c89394fb9a57c7db38479ab70a603d53b1373444a7c319c,14576,c41fd9655b9f85455b2d7cd3597abadba26f8e53,yes,c,1177,"NA",NA
mtd-utils,1:2.1.5-1,mtd-utils,amd64,mtd-utils__flash_unlock,8e7a46f606a33980240eee239b097846c2713a828673636d5b46108e46db2252,14656,7aa3022609e19671ba72eae041f5811314f39cc0,yes,c,1727,"NA",NA
mtd-utils,1:2.1.5-1,mtd-utils,amd64,mtd-utils__flashcp,44a56565e3d1e40b09cb74cefd3ab6a640bd17f21580cabce3be7c3bf0077711,14656,35c95bb4d734d66d3bd321b18df5aa11ac085563,yes,c,3182,"NA",NA
mtd-utils,1:2.1.5-1,mtd-utils,amd64,mtd-utils__ftl_check,4c9df991850deb06f7cd4bea0525292bcd13253eb5b4e35f3fef37ed9179edda,14648,8e2986afe998307eac76722607d35a2e53cb74d2,yes,c,1667,"NA",NA
mtd-utils,1:2.1.5-1,mtd-utils,amd64,mtd-utils__ftl_format,adf92b2b0f4330b7c4bf687eeb5aa3c3067b77f49e66bffc90d676881a184f17,14648,27a224c4bb7e5b608dd1fbd5602e2090f0e3f4d2,yes,c,2883,"NA",NA
mtd-utils,1:2.1.5-1,mtd-utils,amd64,mtd-utils__jffs2dump,de06a659569770f40d38e86a03ca6322fe4d3bbfc41539313d138bc4b49ca4a9,22848,f1918a7b8e3ca135dfff3c3c81583678faed8901,yes,c,7248,"NA",NA
mtd-utils,1:2.1.5-1,mtd-utils,amd64,mtd-utils__jffs2reader,4d2d315a0b79aaebdae78cf357b4df4643777733ac3247be6b712e6f606f3055,18784,c449eac6ff3561bb850ef3c7d6df36c2782f6cb6,yes,c,6143,"NA",NA
mtd-utils,1:2.1.5-1,mtd-utils,amd64,mtd-utils__lsmtd,bc943830f91d8ee818e0aee5b043a4f3f90a41946fd30c3a00d18e5f76435704,68520,7f212e70dab3110b29124c5e4b2c7e5817ef53bc,yes,c,38734,"NA",NA
mtd-utils,1:2.1.5-1,mtd-utils,amd64,mtd-utils__mkfs.jffs2,5177c3c8a36afd443f5a85707f41482a8e01b6a23ece618212146abd931b7c97,56904,c181d68ffd8803a426cade3c1b1fe2d2c96e0bb8,yes,c,24720,"NA",NA
mtd-utils,1:2.1.5-1,mtd-utils,amd64,mtd-utils__mkfs.ubifs,108da19737e1437a907ab9d833cf5d3d1aa0fa8c99b503616dbfab3463d50d80,104856,433900392849136b98d7a1376e98f58cef0f35ff,yes,c,55102,"NA",NA
mtd-utils,1:2.1.5-1,mtd-utils,amd64,mtd-utils__mtd_debug,71c24094cca2a16c7137775e866316f445b85deb118aa96afa6019966044d2d7,14648,1d828976ed4fda9a7f680d85a71e858e5cb83a19,yes,c,3021,"NA",NA
mtd-utils,1:2.1.5-1,mtd-utils,amd64,mtd-utils__mtdinfo,d3132c3ea5d1e06b2061b8c9edaaac5673ec5ea52d3b2c4b4ad2ff4355e45ecb,51512,6a94b32bf137020f1688c6338c3aa6b7f87e1517,yes,c,24591,"NA",NA
mtd-utils,1:2.1.5-1,mtd-utils,amd64,mtd-utils__mtdpart,6d8cab99e6269624d16f1628aa8e7000ee2346b633fccf7f47453b6103f6085b,14648,db127286715d677aa5671e980ace34c2ea16305b,yes,c,1647,"NA",NA
mtd-utils,1:2.1.5-1,mtd-utils,amd64,mtd-utils__nanddump,a760813c203b8160c60344bf32912dbe80296e4f486be05b3ec6ce1481a1f884,47424,7c753c6f5ff2c2db3f34ec918feeef9ace35c093,yes,c,21807,"NA",NA
mtd-utils,1:2.1.5-1,mtd-utils,amd64,mtd-utils__nandflipbits,15b8b4c22464e81801e7f6cd746dda9851f02cd655be17df7617e322d4d27b75,39224,be9928130a22ed7e583985671dad40502ab6a02f,yes,c,19167,"NA",NA
mtd-utils,1:2.1.5-1,mtd-utils,amd64,mtd-utils__nandtest,8559209c3c75e5c9e7214055ca9bfdf93d3068b23c2cb586b575cf3029d81d02,14648,f8b1a6fc3072287d27f562e49cabc1d3244b7ab0,yes,c,3058,"NA",NA
mtd-utils,1:2.1.5-1,mtd-utils,amd64,mtd-utils__nandwrite,a55d9ab6c5bb72b026c22933c68e23e28f7c1ba62e7cb76272ccd71dd5b3912c,47424,024cf367b6158d35734e077b876cfa9dd08c25db,yes,c,22959,"NA",NA
mtd-utils,1:2.1.5-1,mtd-utils,amd64,mtd-utils__nftl_format,3db785b6d96da8602d2c22f42be827815e3f333c7e264d552c4d3e8ca761bb4d,18752,243e29b9803bfdd933b9898a5d01a71cb1da5918,yes,c,4037,"NA",NA
mtd-utils,1:2.1.5-1,mtd-utils,amd64,mtd-utils__nftldump,a6a9a3b0b1013a7df445d0998427bf83032fac1e08136aea38e5e60794bfeac5,14608,2ac51f172ea04be4e83e22199ea12e10271ff85d,yes,c,2348,"NA",NA
mtd-utils,1:2.1.5-1,mtd-utils,amd64,mtd-utils__recv_image,f6bf81d68f7527c7bbb475a2f7635e6ac7044b726208da42201bfca754d9dd5d,26864,b919f6b3490714775dd494c63c987f23b1f9cfbe,yes,c,11664,"NA",NA
mtd-utils,1:2.1.5-1,mtd-utils,amd64,mtd-utils__rfddump,fabfa2d33db0341dc13cd0801bf89d7a1e6182d6cdf228e2464f3f8c225af43b,14648,5dbf3132d348b11c4e3de7d63fcd5fc03be1493b,yes,c,2265,"NA",NA
mtd-utils,1:2.1.5-1,mtd-utils,amd64,mtd-utils__rfdformat,ca4433cdbc230d6b8b9ce75fb9bfdd5628574e721d61abb1fad29d136d52a52f,14648,ab7e690b61b264414769c74ed9c564d30ec863cd,yes,c,1001,"NA",NA
mtd-utils,1:2.1.5-1,mtd-utils,amd64,mtd-utils__serve_image,2449c82dfe6bc2cd2f5be3a1939654a8262e910ff0c9649a6c3688255a94e7ee,22768,958e4e303188b6b023e61b9b3656306f7aa3cc7c,yes,c,8400,"NA",NA
mtd-utils,1:2.1.5-1,mtd-utils,amd64,mtd-utils__sumtool,226af254886b72bff976f9c09d4f9fc859b3b8fb3c88dc29ed3627523288b7ee,23200,becd908456b9060711c6c26e620c447527053a04,yes,c,7200,"NA",NA
mtd-utils,1:2.1.5-1,mtd-utils,amd64,mtd-utils__ubiattach,16dc4d1c8567bfcb040eeb78ac2a6e263181fd78d51474ec7a2e53cde3f225db,35184,2de83884f4f47b47b16f28cbac42ebd07e1150a5,yes,c,14894,"NA",NA
mtd-utils,1:2.1.5-1,mtd-utils,amd64,mtd-utils__ubiblock,35ac1dc1fe6ed3b1abfce12f1e61857e2ca669e1f095f9c9b4c3ceb5ab6072dd,31032,7908dd4e525ad24620b58de733b4f6cccf522a1a,yes,c,13486,"NA",NA
mtd-utils,1:2.1.5-1,mtd-utils,amd64,mtd-utils__ubicrc32,beebe8f91c86246be39252384947383c5f99f99e2eb28c1c76a68752dad0adf4,14648,64140a704b44bb958e5a84d7da0f38243734022c,yes,c,992,"NA",NA
mtd-utils,1:2.1.5-1,mtd-utils,amd64,mtd-utils__ubidetach,bf68e02b79ebb4376cca256dcd85cc1e541d3aac1f2e8f2b5a58dabdd995b51e,31056,b0bf2efc524412d1a554e02e029b2290bd0275fc,yes,c,13742,"NA",NA
mtd-utils,1:2.1.5-1,mtd-utils,amd64,mtd-utils__ubiformat,1b0db9d7f96898cbe8735f9e2c18ef92a5ca8182048e186bc6458158956b20df,80296,600a9ce194dc2571683cc12952798f29c7c2319a,yes,c,43829,"NA",NA
mtd-utils,1:2.1.5-1,mtd-utils,amd64,mtd-utils__ubihealthd,ba366e990bb26034fd4be0aa342bb3bde8222d2eb3fac33bcfa69a3b72e55d41,31048,9d37e3be78a6788e50cc910a223dbdafce943aa6,yes,c,13678,"NA",NA
mtd-utils,1:2.1.5-1,mtd-utils,amd64,mtd-utils__ubimkvol,11d2e89a385b276e5a2f03ee7eed1790b552ce8967ae034a857b93a0bc4b4b7f,35192,eb4366defb45c57dca8d42dc804666aa7b75ad6c,yes,c,15598,"NA",NA
mtd-utils,1:2.1.5-1,mtd-utils,amd64,mtd-utils__ubinfo,133a68dff346816d7e1ce06c6288321a605644cc9973c77c77a3b8d2634ca5c2,39272,a148aa3180dd6bb6ee94dc2f61c03bfb4e9f44af,yes,c,16846,"NA",NA
mtd-utils,1:2.1.5-1,mtd-utils,amd64,mtd-utils__ubinize,388f1cc9fab75c817fd2851e47e06e13b369afaf4417cc5300916415879efb77,35208,e278617de4b6cecdd218de1eae461bc9922a549e,yes,c,10080,"NA",NA
mtd-utils,1:2.1.5-1,mtd-utils,amd64,mtd-utils__ubirename,dcaa3930a28c12fbb82e0e04dbc3c2d22cfd3cf8311f20e0e4eb80f854e63eeb,30960,0ea5c463fbcdab89b121e265079d99dca2fc82bc,yes,c,13358,"NA",NA
mtd-utils,1:2.1.5-1,mtd-utils,amd64,mtd-utils__ubirmvol,8183f878613e048f6d46bf45a6cf3a1f05dc63a5a51ce4b157d8497aaf729e7b,31056,57f8aa2db1d1b61b6e8d0bca98e8ed47870e0be2,yes,c,13694,"NA",NA
mtd-utils,1:2.1.5-1,mtd-utils,amd64,mtd-utils__ubirsvol,48aa1fa89c9881451305d75cca2aa781e9b9c42bef8423927f5b878c5f426b47,31088,8af82ce7cadd782a82970978a2148315cd64022f,yes,c,14958,"NA",NA
mtd-utils,1:2.1.5-1,mtd-utils,amd64,mtd-utils__ubiscan,d8ca1538a6bae02a1c6657ff1b039d16cc48fe47a805b1323f247c0f7c67b0fd,47656,361edf9f36c1446613061e401519630b7ea82a7f,yes,c,22591,"NA",NA
mtd-utils,1:2.1.5-1,mtd-utils,amd64,mtd-utils__ubiupdatevol,d4c23d46e81b77b47e053f35d1a0ef201bd72e62937ea5487ab1550f28dbe2a4,31032,22ba6644b26940dd304a1b79630649c938a0739c,yes,c,15358,"NA",NA
mtools,4.0.33-1+really4.0.32-1,mtools,amd64,mtools__mkmanifest,bded1ce33a65ddcdd5941293319c56ced61cd28138bc8f348bb2bb968b0c7abc,14584,a5e84c9d4abab8d99ad2f906ffc3ff6680a3bc03,yes,c,2833,"NA",NA
mtools,4.0.33-1+really4.0.32-1,mtools,amd64,mtools__mtools,f13f9455a6343218504592733c4f5e6373e4512fedf6d17c8e54d00aec8a2129,210016,d23487ea5282782f8bd246c0394a132ba291ca58,yes,c,131838,"NA",NA
nano,7.2-1+deb12u1,nano,amd64,nano__nano,3e4aa314fffff0da1541d7e69ab5b1401e6fb8f662a3a76d22090597d84d46b7,287480,39209e3f1ae401338bb8b63a5e1a0a85895f93a8,yes,c,194431,"NA",NA
nasm,2.16.01-1,nasm,amd64,nasm__nasm,09524fc8537260fed21b7d2f81115f5615d1ecc50be11ea92f30384845e57f76,1923760,e52f1e81182fbfda527f15618a6fc83cacbaa04e,yes,c,264579,"NA",NA
nasm,2.16.01-1,nasm,amd64,nasm__ndisasm,a879ff5930e0dd2186d502dfc12dfb533d6ce67ddfde950843521e91f89dcc9b,1440040,f7078db966bc8de0fd1930dd6931d772244a54b9,yes,c,20206,"NA",NA
net-tools,2.10-0.1+deb12u2,net-tools,amd64,net-tools__arp,fea0f269396ea2841dca6033377207a03423c1eb8c9c7bc4701c2905b4c11fa1,67720,f112fc2163351e1c80cc34ba3325488fdf9f44c7,yes,c,28509,"NA",NA
net-tools,2.10-0.1+deb12u2,net-tools,amd64,net-tools__ifconfig,19c50565ecbca2fca2fd49825f45f3f0d1e5bfae080e75ff22e038a6a217aa30,83976,64475e60e59c719dba6468653983fdca6e305a4c,yes,c,41005,"NA",NA
net-tools,2.10-0.1+deb12u2,net-tools,amd64,net-tools__ipmaddr,0e4ccc4c314bff10a3ecccbea129fda7867b296d88561063b999ed9ae9e77076,19008,4190b87732337532c085bfc5699db79c94fae97a,yes,c,6625,"NA",NA
net-tools,2.10-0.1+deb12u2,net-tools,amd64,net-tools__iptunnel,b804fb0e9348b077e16eb2021d844b45259d2962ed04c7b0a00ffc8dc616e82e,27192,ecdd85cbe04650c782f8d4a43a9e6329b34eebd7,yes,c,9153,"NA",NA
net-tools,2.10-0.1+deb12u2,net-tools,amd64,net-tools__mii-tool,2bde89b4e79d46c678345465815b0b1456f4b2408893af3bee5e0c6e5b8c603c,27728,1a82977e3c1587dc0df6ebef5c993c55805844eb,yes,c,5281,"NA",NA
net-tools,2.10-0.1+deb12u2,net-tools,amd64,net-tools__nameif,99bc96c5a667c454fa35beebbe07e008acdb7f9bc928fad752d817423589adf5,15000,3d5c7faea69db8d176773f1c89e544ad2c3037f1,yes,c,3281,"NA",NA
net-tools,2.10-0.1+deb12u2,net-tools,amd64,net-tools__netstat,157462d48e62ecdd1c5502c229274b5d604c0145ebabc942a636b24bc2a9c13a,155304,608ef0e456668f2c6b2d6b83cedef2702914c06d,yes,c,71401,"NA",NA
net-tools,2.10-0.1+deb12u2,net-tools,amd64,net-tools__plipconfig,cbebf734e98923ff12f5f9f0c23157a84f2798f98e085cf115547c858c42ad7b,14824,53aa859ac3cef04af48fbc346d165c45a9519b1c,yes,c,1441,"NA",NA
net-tools,2.10-0.1+deb12u2,net-tools,amd64,net-tools__rarp,eb1b35321b79d741b5d10737b6607cea363f97cbf1379683356f482f6dd91c73,38024,0a46d37fd9d1988a703b046b2af5bf4f5a503b45,yes,c,11865,"NA",NA
net-tools,2.10-0.1+deb12u2,net-tools,amd64,net-tools__route,f8625dd08ce23b981094fcbb5c46c5f5e192aebea909e53a80d9ee7e786fcfd0,70832,69283348ef7c1f9fb5b32c5fd8facba7d8422f05,yes,c,31984,"NA",NA
net-tools,2.10-0.1+deb12u2,net-tools,amd64,net-tools__slattach,204c1a9172a12b00723c7db83034b5247ae396cfe7120a91a89b20905836fdf7,42184,20ec425639f2772cf9eb57bcaa5343c44d344552,yes,c,15197,"NA",NA
netcat-openbsd,1.219-1,netcat-openbsd,amd64,netcat-openbsd__nc.openbsd,9d0d085840fd2758a5f603c1d826868b955d2d45791bfb8f73b9ee8c06535ae8,43592,6b20c8bf7fd7ea8a45ca9b80a7ec6b1fcabc0652,yes,c,16759,"NA",NA
netpbm,2:11.01.00-2,netpbm-free,amd64,netpbm__411toppm,6cd14c39e0499523c0ecc323cec5f9aaef3a14cc46d2bd4601db36042b0dedc3,14280,45da1ccf3de0b7c6489d6764113aaf375aed8220,yes,c,1177,"NA",NA
netpbm,2:11.01.00-2,netpbm-free,amd64,netpbm__asciitopgm,f1ad847b7cf21714e2fc9ad36879bf2db013d4307b1441c2df8cc8599e390adc,14280,0a49d970f044ca93bfc92537e973e621f958b8e8,yes,c,1593,"NA",NA
netpbm,2:11.01.00-2,netpbm-free,amd64,netpbm__atktopbm,352ce79b6b998cffd24421065b071dcecb5312961c6894774772d0eb17da4598,14280,38b15365377aff2c528133d738f906b853cf06fc,yes,c,1689,"NA",NA
netpbm,2:11.01.00-2,netpbm-free,amd64,netpbm__avstopam,66450befcedf79faddd8c776b2660024b6f49fb12e32db7eeaef348e8818d7d0,14280,0da8113181c1702f02c59eab4a3cc82ecf9a24e5,yes,c,745,"NA",NA
netpbm,2:11.01.00-2,netpbm-free,amd64,netpbm__bioradtopgm,5d54819f929085ff7e326211bb43a66e71a0de3af9b836e622aadcb72b2bcab2,14280,0c488700eb714ad836b2d7de2d84adb673051f36,yes,c,1385,"NA",NA
netpbm,2:11.01.00-2,netpbm-free,amd64,netpbm__bmptopnm,3e8f9bb958c1b65a9d83374eefee00359824106e9b6b5abe62b4ef7deb71c46f,26568,5827f4093277ecb164656c246f3ab2309b42be31,yes,c,8407,"NA",NA
netpbm,2:11.01.00-2,netpbm-free,amd64,netpbm__brushtopbm,4b2e82b5fc8b0d325c4e48dc8710f9275bcebadae8e0b8b8cb788922af5a9c03,14280,e3052ae03ff12d441282f6b0a8aaee96c1203174,yes,c,745,"NA",NA
netpbm,2:11.01.00-2,netpbm-free,amd64,netpbm__cameratopam,6ef1eac7fa70337961c91c80b4dc0d7e5a7a43cb264b2494fc15887642f10f95,108568,8af83c65dec6bb0868aff97cb97f0317c28f3a68,yes,c,75148,"NA",NA
netpbm,2:11.01.00-2,netpbm-free,amd64,netpbm__cistopbm,e9ed1f69a034c6d48be2480d86f8f86c56367ca5d03fc6416546d2897e365d76,14280,6dab58cec9be82aa5bce2a809014848cbf380c4e,yes,c,1177,"NA",NA
netpbm,2:11.01.00-2,netpbm-free,amd64,netpbm__cmuwmtopbm,e2d7cd61c807fd652aff6ead6a642a0015c17e5ff6d56f82a52e4329d0f21e1d,14280,0f0aac6c0fae4bcc7f944910caffefe49def11bd,yes,c,841,"NA",NA
netpbm,2:11.01.00-2,netpbm-free,amd64,netpbm__ddbugtopbm,5abf62bbe36ffcb64531d471c145c08dce4ccc19da4457fd04e539c6f2b56010,14280,37173114929db3ebc081661b1204d0126f8e5e10,yes,c,1801,"NA",NA
netpbm,2:11.01.00-2,netpbm-free,amd64,netpbm__escp2topbm,f9cf202fb7d214f3930bdfce54acadca26e8a2aff74ecf900c7d3807d172469d,14280,55be23581ef5beaddb24d4941aa0916774d1b467,yes,c,1802,"NA",NA
netpbm,2:11.01.00-2,netpbm-free,amd64,netpbm__eyuvtoppm,4424f921a97c34738fa44a94f663d3509c5b5d80c77c778193d3aa291dced248,14280,40b5f3ffc04bc0b127cf2e681a98ec6ccf87c777,yes,c,1873,"NA",NA
netpbm,2:11.01.00-2,netpbm-free,amd64,netpbm__fiascotopnm,a6dd52c8edb219c92de41f920a87e2e5f8ca5bb89a04e38c73df435b3e272ba9,97104,7775b8e5cc64402af6eac061a00c8c309c5c0961,yes,c,64307,"NA",NA
netpbm,2:11.01.00-2,netpbm-free,amd64,netpbm__fitstopnm,d6a5f28763729b60364eb0afea4badc60a4a22954548ae69f552f04fdae48df3,18376,264131479fedbfdde5e95ac9b498293eb98cf49b,yes,c,6170,"NA",NA
netpbm,2:11.01.00-2,netpbm-free,amd64,netpbm__fstopgm,4c65f54f895ed5da9d6f9e9e5d60c0c7e7bcbf0ba4690ecac570c5c9164b2aac,14280,d7864bb0876ae372701554cd56ea4be01b8956c3,yes,c,1429,"NA",NA
netpbm,2:11.01.00-2,netpbm-free,amd64,netpbm__g3topbm,7700aa86fd1b3b8cd3a832d1e7451c82a17a111b517ff6e51e16b3f7a4f53826,19232,d13ef2ea7367d294ea1f7ba9a15465b9bdebe49a,yes,c,4150,"NA",NA
netpbm,2:11.01.00-2,netpbm-free,amd64,netpbm__gemtopnm,cfd0a390c1d4fbba5e80795ef02c58c4fc12dce82860e6fe1a1ff908a08893de,14280,4af5b8616b900b08b30ac4475e9fdc3ba6e80631,yes,c,2761,"NA",NA
netpbm,2:11.01.00-2,netpbm-free,amd64,netpbm__giftopnm,93e3b01edf43299eb25e0d1b9d9b7e252b5c9416b9d44a122565c14643c7e3ac,26568,cddc3d1e45d3bf23422a3e4b504f3b411043eaee,yes,c,10251,"NA",NA
netpbm,2:11.01.00-2,netpbm-free,amd64,netpbm__gouldtoppm,3c135e87942d4067935f8eb97e1146c32f984f9b3bf7f3137cb989cda2d423c5,14280,06c26c0d1b53c4c3997491b2980997dc1e7b68b3,yes,c,1136,"NA",NA
netpbm,2:11.01.00-2,netpbm-free,amd64,netpbm__hdifftopam,6971ee1c8648d2665d49b5007ebb32b1501028e108db39c45f07a88fd9847726,14280,5fee25af72893455fc756d8e4b49c6f1e5e1376d,yes,c,1113,"NA",NA
netpbm,2:11.01.00-2,netpbm-free,amd64,netpbm__hipstopgm,81647d7e38e9a99e00559585e4df2c3bc15a3d050051c3ef9a69d7fe1b135ac7,14280,508e8ad9a1beb4be0ecd9bd6a40ad7e7f3243432,yes,c,1148,"NA",NA
netpbm,2:11.01.00-2,netpbm-free,amd64,netpbm__ilbmtoppm,324c844adfe46cb1b8af9f2ff1c1504703bb6177305c928b7fb0cf24c6d59797,38936,fdebacae49a5102ac694140bd5e6448e1a92cf13,yes,c,22481,"NA",NA
netpbm,2:11.01.00-2,netpbm-free,amd64,netpbm__imgtoppm,bd8ea157c93db2db6e8a373ad31a9e48b36877b788a35ab3d6b35bc9386dfcf7,14280,ae2235a5f631696aac4dfc613eaf2bcf09a857bc,yes,c,1433,"NA",NA
netpbm,2:11.01.00-2,netpbm-free,amd64,netpbm__infotopam,740a8b9556fa4e85a1f4e76912cf029e3d289add3e7e1a512c93172a1c9a8fad,14280,d0ade8e39b5321678c2fcf320da9b3388898c537,yes,c,3378,"NA",NA
netpbm,2:11.01.00-2,netpbm-free,amd64,netpbm__jbigtopnm,1a28fc01b5b08350fdc50f53345b657a4565c52c173d321360128b30ad72106b,58152,5e6ccd6687ce4b0fceacd7a8ad04e658d5fe9c23,yes,c,30139,"NA",NA
netpbm,2:11.01.00-2,netpbm-free,amd64,netpbm__jpeg2ktopam,84c4cbbf74b93532abf3b1578715b2430f260142c7b39fba5fd7efc570efdf88,225760,1a8b635ae750800f63425c2b5ff97db8ccfe2b88,yes,c,154422,"NA",NA
netpbm,2:11.01.00-2,netpbm-free,amd64,netpbm__jpegtopnm,96b24876553a04b58b5bb69826d45f13ace7e66aa0f90bd7c2a1bcef4a9ea8f0,38936,39e7c63456341439acb13ac7417381a4db67df0d,yes,c,12128,"NA",NA
netpbm,2:11.01.00-2,netpbm-free,amd64,netpbm__leaftoppm,35c158b43b380fa91cd646fd5f3e7b5b31841d8f1e1ff206de67ef4483f3e56d,14280,eebbb3ca9cfa62a96a7e38c6818548cca32ea8c7,yes,c,2137,"NA",NA
netpbm,2:11.01.00-2,netpbm-free,amd64,netpbm__lispmtopgm,6887244f7ca716e182aadd3127be7381d4dd153232c50210cb5c2cd700960631,14280,7fa002f5f52f5527fc98d7248228c75540a05f87,yes,c,1193,"NA",NA
netpbm,2:11.01.00-2,netpbm-free,amd64,netpbm__macptopbm,f065bc61b9948d1410c7651e497768f1258ed6c1a94efe4a43c478e028ccfe97,14280,7a663c15b15d7f50fc53c19e3841348364dc605a,yes,c,1703,"NA",NA
netpbm,2:11.01.00-2,netpbm-free,amd64,netpbm__mdatopbm,3bcc810b3ab4899f70f3cc43ab979f81966d5302ca2270057173589f0e94e034,14280,aadb0b6ebabd7f6387128c2b8d827d334107fa64,yes,c,2337,"NA",NA
netpbm,2:11.01.00-2,netpbm-free,amd64,netpbm__mgrtopbm,2871e82373f9a3ca14c3ea4c25f666fe8505f97d7f9211258d60785bdb92cdf7,14280,5aef91861a759870184bda539dedeb995bb05a2f,yes,c,1065,"NA",NA
netpbm,2:11.01.00-2,netpbm-free,amd64,netpbm__mrftopbm,bef877f5cf22b042e4eea2d1e52c01eb27ca503d4aa3d39122942bb2dd55dc25,14280,f24222f94717115d67f097fb33f9d26055040987,yes,c,1579,"NA",NA
netpbm,2:11.01.00-2,netpbm-free,amd64,netpbm__mtvtoppm,2c48fbe450f965421ddf35ade6cc1ee24e9ab37264d557e6c752a03147073c41,14280,c08fb68f9f8e8fbf2a5e91137134ee79b8c80d82,yes,c,729,"NA",NA
netpbm,2:11.01.00-2,netpbm-free,amd64,netpbm__neotoppm,c831fc82eadaaa5a89804b0d836a4042e19a3db033298bd055c5b4f535220a08,14280,9e376792d724452c220a5e0e1fd8585ad51fed85,yes,c,793,"NA",NA
netpbm,2:11.01.00-2,netpbm-free,amd64,netpbm__palmtopnm,c54ba1cb1688d0948efbc526cfee8b2cb5dbcf9e5f797b6f7bd04c2728feac37,26568,516915fdebed62ef2359116106d8779b5940e6bf,yes,c,8568,"NA",NA
netpbm,2:11.01.00-2,netpbm-free,amd64,netpbm__pamaddnoise,3a66a144eeb4cc8ca1ac0d124ccc750be754b45a15731525ce4c733bd3dd36ed,18376,ea303cc1d69267c4bde00fdbf923bf03f574b683,yes,c,4825,"NA",NA
netpbm,2:11.01.00-2,netpbm-free,amd64,netpbm__pamaltsat,74d9dfc48c4f0660c69180c5b4f5724e724c75b7d546ae390162a5a3c1a8a2c4,14328,a1565de4ce92e1357b6e779739ad3b9b1c443666,yes,c,2670,"NA",NA
netpbm,2:11.01.00-2,netpbm-free,amd64,netpbm__pamarith,51f7a933fff5d54fb0c3305c7fb2ad33b00de34754b5246bd336cc6cdd4b406c,22472,6958024800c7615e7bb166fed1d5a26f3f5ac7a2,yes,c,8188,"NA",NA
netpbm,2:11.01.00-2,netpbm-free,amd64,netpbm__pambackground,c858ddb79439334d417ba7f06121b8866c813d46090b54579be5529b5be8d2e5,14280,eaa747196b77c516c36df13bd5b633f1cd644098,yes,c,2959,"NA",NA
netpbm,2:11.01.00-2,netpbm-free,amd64,netpbm__pambayer,aeee78b6d80697ac55dfb9fa1911dd2ffc1031aa60d6bee9fb2fc1fdc2e0bd6a,14360,29460e02cb97a240141e5599799ef17a831b4e71,yes,c,2982,"NA",NA
netpbm,2:11.01.00-2,netpbm-free,amd64,netpbm__pambrighten,bdf6dae1e4657eaa7bbfb69cbe5fa343ccf813472cac32f8a05f98009311aca9,14280,a6052563665e7bdb509d70d28eb4de5682ff76ff,yes,c,1635,"NA",NA
netpbm,2:11.01.00-2,netpbm-free,amd64,netpbm__pamcat,7b81453fe5ab17dbf6a8d71ec14dcc771422a21e0d4bc09755dcdf039a5cca2e,22472,cfda62614293517b56bab8fcc0068b1daf7b6535,yes,c,9205,"NA",NA
netpbm,2:11.01.00-2,netpbm-free,amd64,netpbm__pamchannel,417f2c4a603a21beff5851ad16f1b4a09fe7c0f7379fa6431bac530d4edd2ca7,14280,61fec56a1d71931a0a356cf5158b7a9b8c706df4,yes,c,1353,"NA",NA
netpbm,2:11.01.00-2,netpbm-free,amd64,netpbm__pamcomp,c568638b1eec019feb5232457516821c1abb649a452f17449b6f9ad5b6cbd255,18376,65be7513eebd4354070e1b1b1ae99a7cde0461a7,yes,c,7001,"NA",NA
netpbm,2:11.01.00-2,netpbm-free,amd64,netpbm__pamcrater,1510996ce66e1b3e4e9537edaa929d11abfadfa86d46bd43d08cd716f319644a,18376,6dabb197711a48fe2b94d31120b8d54270f1a507,yes,c,3943,"NA",NA
netpbm,2:11.01.00-2,netpbm-free,amd64,netpbm__pamcut,41f9382e5b1756fa47ba2887a2a201d9438c9a5a7b83aceb822c7e9e7f404ef8,18376,a38af0ad984aa717fe69fbe83cda48acd7b57487,yes,c,6559,"NA",NA
netpbm,2:11.01.00-2,netpbm-free,amd64,netpbm__pamdeinterlace,5b851e12f1396c581eed6f1ad4d8e5743db5f051c1c26753474d97a76cb09699,14280,ddbc5d839b5b9bbd81bf573f5fb1e08d9eefff99,yes,c,1065,"NA",NA
netpbm,2:11.01.00-2,netpbm-free,amd64,netpbm__pamdepth,eed59ab81e90b8488e55c428038f0bcc38d05b6b9b883e5c10c3208b4b2814d7,14280,2797c42b129bf26d5459f56d1ede828b5753d7cd,yes,c,1337,"NA",NA
netpbm,2:11.01.00-2,netpbm-free,amd64,netpbm__pamdice,fb76d133bc351087628eb773dae82aed2142f4906012dff1779e5f19936e2aeb,14280,edb13d69ad55c5f88e452e23913579aac2187814,yes,c,3401,"NA",NA
netpbm,2:11.01.00-2,netpbm-free,amd64,netpbm__pamditherbw,fcabc3255b303f0163c1199d0cfcca6082a4caa306902791d1ece5cbdf42e640,22480,ad8773e12d444cbe69e7b458cbdebc1c655b7923,yes,c,7221,"NA",NA
netpbm,2:11.01.00-2,netpbm-free,amd64,netpbm__pamedge,32b2917ebc76fce00ec919c8af8a4061a313ca25b4afe02d51857274269cf546,14280,ee987bf7c34acfdee61a2218e017055c56a556ca,yes,c,1619,"NA",NA
netpbm,2:11.01.00-2,netpbm-free,amd64,netpbm__pamendian,2fbb04768d8fefef34e4e5f8146994a5b83aedfb01196a893ef4c9acd40fde82,14280,46a6d4c2ea033cd901ef2cf171ef0203b380e9f3,yes,c,681,"NA",NA
netpbm,2:11.01.00-2,netpbm-free,amd64,netpbm__pamenlarge,a1f103d55b709308e9d2ee3d6b7a18e1ed21477ce0c48d73a9e9b89f3cdb4e38,18456,821b53575a2df47216b587042af037236ff348eb,yes,c,6107,"NA",NA
netpbm,2:11.01.00-2,netpbm-free,amd64,netpbm__pamexec,5b39efa016ac5d4a0415f7676a1764e0da13f8f5a50be91096bd19420b98820e,14280,1aa138f7f32aaf7d1ea4d168b0cad691a9ba7e2b,yes,c,1188,"NA",NA
netpbm,2:11.01.00-2,netpbm-free,amd64,netpbm__pamfile,56c128593c09d2ac46e46af70f8304142ff16bdde6ea54aedb8452a5207de2b4,14280,2dd1015c873653ffec6b83bba370f338875248c8,yes,c,2587,"NA",NA
netpbm,2:11.01.00-2,netpbm-free,amd64,netpbm__pamfind,5a8e722e20d3840cadc031dc9dfab2683a6da755c7ae378affd95025dc948c1c,14280,94cb9cfa05699dd5f2c094164abf6f6de403c32a,yes,c,1849,"NA",NA
netpbm,2:11.01.00-2,netpbm-free,amd64,netpbm__pamfix,9e4cf2cdc5fe0eeca6f1d81426665715ce235fabacf4ed8c0a72628cb4bc96db,14280,643fe28561b15fe5ef2cd9eba061909d0487a613,yes,c,1911,"NA",NA
netpbm,2:11.01.00-2,netpbm-free,amd64,netpbm__pamflip,a34cded22b8cbfcbce0711f819d5d17a30accf6e92d94a2d1443734b4fb1f242,22472,9f2e58658b80e2589a949123057e48e14b45fb55,yes,c,8692,"NA",NA
netpbm,2:11.01.00-2,netpbm-free,amd64,netpbm__pamfunc,81e4e7daae96d9e370afadc128df33d095c63f65b569583d6a2125fb6cdad7fd,18376,54e6d484151bc6884c13a0ee6a49f0e94c6c6560,yes,c,3842,"NA",NA
netpbm,2:11.01.00-2,netpbm-free,amd64,netpbm__pamgauss,8ba6b50871424c28e96142bc23af39893c5836756440ed7039efaa57f18fb328,14280,4b0b8b9d4cc1e14463531413ac4d250b8e712ef8,yes,c,2526,"NA",NA
netpbm,2:11.01.00-2,netpbm-free,amd64,netpbm__pamgetcolor,8171e13cd6304eb6822b933ec3f57212288d5c84311855e24b5e81f22d679462,14360,9df759c65fe7bd27881e1447776899c43da714dc,yes,c,3559,"NA",NA
netpbm,2:11.01.00-2,netpbm-free,amd64,netpbm__pamgradient,0271ca8acdc5cc7f3cdac042f677532219cd9c55baabf9962b9abbb075a085a8,14280,391dba99d6cc279e64577edfacf526bc603ff602,yes,c,1630,"NA",NA
netpbm,2:11.01.00-2,netpbm-free,amd64,netpbm__pamhomography,08dee9078c79b304348f0ed7d29b438449ad5329e261c820e0473382a8febb87,18376,80180fa32fb019deec6303e8e980cfed92487f17,yes,c,6928,"NA",NA
netpbm,2:11.01.00-2,netpbm-free,amd64,netpbm__pamhue,cc6ec00e9e2c979d87b8be7611baa41bb758ccc858a270ea8829fa4ff4db5ab2,14280,715c27a52c81bcfbfe083b7005e0d269953fb1d6,yes,c,1150,"NA",NA
netpbm,2:11.01.00-2,netpbm-free,amd64,netpbm__pamlevels,0c0cbfe811acdda93241827e832b5f045250a101fad569a8781c6c9f1b78d36a,18376,507c897945919edbaecac019b38a3bd9262c443f,yes,c,3854,"NA",NA
netpbm,2:11.01.00-2,netpbm-free,amd64,netpbm__pamlookup,ae7c9c6b51275597da51dda731eae9b702896b2afaec7ed3af08b9d0e0fe7052,14280,4b568b53d7f23a48366d69f485e703f557e5a143,yes,c,2729,"NA",NA
netpbm,2:11.01.00-2,netpbm-free,amd64,netpbm__pammasksharpen,99f166f577d5f9c4598265aedebe765acde982cafc946e3640a0d4f7eeb07481,14280,7148a35578eb9d242cd71c4c8dfc16fda14ffd60,yes,c,1721,"NA",NA
netpbm,2:11.01.00-2,netpbm-free,amd64,netpbm__pammixinterlace,283070c2d51200bbd112568ee5d03bb9cdcc7d265c406c61caaca52d2137c09a,14368,0e236d0ebfe119234f90783e0b4f4cf05139d1e7,yes,c,2501,"NA",NA
netpbm,2:11.01.00-2,netpbm-free,amd64,netpbm__pammixmulti,d644a4a6884dee2202a3f4d0d73b18457f1669fec6e1509f8c0615820719448e,14280,def80bc590cb04eac8510ba7ed114583bb798da5,yes,c,3491,"NA",NA
netpbm,2:11.01.00-2,netpbm-free,amd64,netpbm__pammosaicknit,d3bbfcdf0ce0e9c11f1b4fcbe0f7d02a8c9c3db4dfe7f34bf4c1d021aeb9dac1,14280,152821d70605a193d674993d11d3a91bb3b68d24,yes,c,1673,"NA",NA
netpbm,2:11.01.00-2,netpbm-free,amd64,netpbm__pamoil,03bd42a4411072b372b6c1864591bb904477efc260994e40b3e35023d83eb736,14280,2f2920426ca83e3a10dbabd0058b653fc01fc234,yes,c,1225,"NA",NA
netpbm,2:11.01.00-2,netpbm-free,amd64,netpbm__pampaintspill,d82f74aef306dcee93518b2addbce2ae026b46d5fd5f61bf7f61cccb3a614258,18376,1adf2d5de6fceca7c1e6fa8e0d77c269639d7332,yes,c,4427,"NA",NA
netpbm,2:11.01.00-2,netpbm-free,amd64,netpbm__pamperspective,d93a3f5712eceac91c08cc3ad240039c5c71de68ed9e05bd8ce1c777e5c20a83,30744,6bc53667a2ae97b3e4c51491a48e8b232b35c847,yes,c,12143,"NA",NA
netpbm,2:11.01.00-2,netpbm-free,amd64,netpbm__pampick,759bcb7adb6187bb65200942420e351911fdd9f39b963f1f4429b20b07c5f72a,14280,2c1e7bd645c0d80204260420026ba97bddaccd23,yes,c,1348,"NA",NA
netpbm,2:11.01.00-2,netpbm-free,amd64,netpbm__pampop9,349e22e5fe1b16531162708aadf000eebebeea15b1f9705627c2b332d8be8a94,14280,88ab9d1e6c313422e36a1ee38b1f743ea4a76a55,yes,c,921,"NA",NA
netpbm,2:11.01.00-2,netpbm-free,amd64,netpbm__pamrecolor,14eeee1f6e5ce68fe36264d0ee09b9b2e185f3e395f11a8806223563bf9a2211,18376,88554e274afafd586bf7049952b7014073bb4cc5,yes,c,4469,"NA",NA
netpbm,2:11.01.00-2,netpbm-free,amd64,netpbm__pamrestack,c764776411b911d370c7b8aece54ec3fde812e6ab7ca6311fea8d716cf507072,14280,0c5e6af83e0d30a8b3a30ea6fad115559ff14fe5,yes,c,2325,"NA",NA
netpbm,2:11.01.00-2,netpbm-free,amd64,netpbm__pamrubber,fb0e2300dc085cd191627595966e2bc5343047c0a6c2478347912a87643b8f15,34760,1783353d0f48d08527122924d7039845b1558e5c,yes,c,20788,"NA",NA
netpbm,2:11.01.00-2,netpbm-free,amd64,netpbm__pamscale,0d8040c6a2f8d117ec97ec389b550e6ab52807e483e31f4aebbc75aead800618,34840,c9e501213191cc72fc6ed9844213a1e507c4c63e,yes,c,13498,"NA",NA
netpbm,2:11.01.00-2,netpbm-free,amd64,netpbm__pamseq,b82608e505f1ae2bcd85030389cc405e844875d2c62f6a1112e05979ab6926fa,14280,46fdd027988d83857ee42ec1446a8138546450d8,yes,c,3223,"NA",NA
netpbm,2:11.01.00-2,netpbm-free,amd64,netpbm__pamshadedrelief,38d61a1b50eceede5f0f0e58a355b38cf41477314081215fd30fe4d6fab4e937,14280,8f76abfc2b08140eb9852709467a27b6486757b8,yes,c,1497,"NA",NA
netpbm,2:11.01.00-2,netpbm-free,amd64,netpbm__pamsharpmap,6267eada954c15750b314b754cfded58c37088428e6ca4514869f989ec0c6ef4,14280,e5364caa08f0563b315a26c068528ed98c2de0db,yes,c,1702,"NA",NA
netpbm,2:11.01.00-2,netpbm-free,amd64,netpbm__pamsharpness,7dd3f872f3f4ea9d7fe314e6dac19c974bba003704e261f67700437b85794d04,14280,87753376061dfdda52fe82de5148c274300c9699,yes,c,1081,"NA",NA
netpbm,2:11.01.00-2,netpbm-free,amd64,netpbm__pamshuffle,2ddcba02cae8c04211f75543cc9cc95ee08811bd93197f356451fe4b77abff08,14280,353a3a00c5fd46ee32bc23a8266fd4118d58deab,yes,c,1129,"NA",NA
netpbm,2:11.01.00-2,netpbm-free,amd64,netpbm__pamsistoaglyph,0f9f11fb48466bac734fc531368e0f9bc7bb19680d7aa4ed83b5231b80aee1ff,14280,778e1d03fbdcb36c311fff6be815374e810cf231,yes,c,2773,"NA",NA
netpbm,2:11.01.00-2,netpbm-free,amd64,netpbm__pamslice,ff33a411ffb7e529b00232009980c331f399af6f208c142bc9bc5880da861e75,14280,d9d376edd21ac44de3b3f027cfdd930ef575501f,yes,c,1609,"NA",NA
netpbm,2:11.01.00-2,netpbm-free,amd64,netpbm__pamsplit,082e1be79843fbb8413e6c8e097f663939e648de7aa761d05305dee120641d9c,14280,db1e5af7c891d98ecd9c89d8d90f0876dba0945f,yes,c,1125,"NA",NA
netpbm,2:11.01.00-2,netpbm-free,amd64,netpbm__pamstack,7b55eb1a50c9133ab3422528c6fff73af7ad799cd383c2694718baa1417e62d1,14280,1aa782c8ea5874de868ef6d46c06f8def0b729c4,yes,c,1741,"NA",NA
netpbm,2:11.01.00-2,netpbm-free,amd64,netpbm__pamstereogram,2d47fbce4add5a6563b8663ed1b32c28b84fca31d17d872bc5f37223ff80f194,30664,3b6c755b886f6a3cbad26152adc4ae9239c9088e,yes,c,12017,"NA",NA
netpbm,2:11.01.00-2,netpbm-free,amd64,netpbm__pamstretch,677e4e7ad0f287744e4d8cb94953ca9789ddb9f809594115d8b775edd5ce97bc,14280,cc2e4172ffeb25b6baabc3b9481fd93501a183e8,yes,c,3387,"NA",NA
netpbm,2:11.01.00-2,netpbm-free,amd64,netpbm__pamsumm,85265d1c3bd84281948a14ea4fc4f2bf2c50bfbf5bf7e19b10269beef40873ec,14280,021a77484e7d7f2b8b480b93512e5834936a6bb9,yes,c,1785,"NA",NA
netpbm,2:11.01.00-2,netpbm-free,amd64,netpbm__pamsummcol,53fe4e5e6a455f9de002ffa1a87b53d862ecab10ba2a5c3e6a56a29e72cb78c4,14280,8ede8f11b846ba81905038c097bd89a7af2dfe62,yes,c,2329,"NA",NA
netpbm,2:11.01.00-2,netpbm-free,amd64,netpbm__pamtable,40a83547ece2b2b052841210e676d2b76044eadef2ebc1e6fbd20dc1cc72d56a,14280,3464c471b1bac8e6338406e3c2a535e6ab88c548,yes,c,1305,"NA",NA
netpbm,2:11.01.00-2,netpbm-free,amd64,netpbm__pamthreshold,46a87c5cc26636e483f21b9bcbba24c8893912a96cbba0ffdc9a47d20b110eed,18376,5160f1a8988e6931dabc3d7ff99c3c53f1e27741,yes,c,4630,"NA",NA
netpbm,2:11.01.00-2,netpbm-free,amd64,netpbm__pamtilt,d9525cb6373f7c0e3801da15cc988b9ba92d283a651736bf9b6e63bcc69021d2,14280,53f05fd67b8e79116e018def5af09395e0164945,yes,c,3673,"NA",NA
netpbm,2:11.01.00-2,netpbm-free,amd64,netpbm__pamtoavs,c511d211b0cab714c6508fe6fa8a47b81302118eb2d7a620a48426d902cf4275,14280,5f7ee313aaa8a522a23570d59b20455d6c0b011e,yes,c,1593,"NA",NA
netpbm,2:11.01.00-2,netpbm-free,amd64,netpbm__pamtodjvurle,395c3bf388e4e7e11fa44113c989d1654e957688c560dcef2e596c7dd6448a15,14280,7da7c00f6bb2f8c44bb66767dd270dbce808474b,yes,c,1851,"NA",NA
netpbm,2:11.01.00-2,netpbm-free,amd64,netpbm__pamtofits,dced1e2e5b5e80c3f576cf737065ef5ee225014ad37025a118fab685cb0d50ce,14280,b1f2dd9bdb202cdcd5ae65bfe90654931f1e588f,yes,c,2259,"NA",NA
netpbm,2:11.01.00-2,netpbm-free,amd64,netpbm__pamtogif,7a6627344e4677aa18045cf5ef640f5246e7ac9e5f2ce8e40e85f5b4eedad4fb,26568,1843e0573575a8ed22c69b60759d27af9b666abf,yes,c,7832,"NA",NA
netpbm,2:11.01.00-2,netpbm-free,amd64,netpbm__pamtohdiff,71f5ebfc9b5f3ac5aef74d67f293c38899be4caa34b22bc738710426686023e3,14280,2b23c65094faaa1fb786c81852ec9669bf9b6870,yes,c,889,"NA",NA
netpbm,2:11.01.00-2,netpbm-free,amd64,netpbm__pamtohtmltbl,a82b022135b792224869f50e0297909946134575cf47164f7187d8a4a5737392,14280,bc73e74f0d655f27b2b4b35a1bc6aafe53639157,yes,c,2307,"NA",NA
netpbm,2:11.01.00-2,netpbm-free,amd64,netpbm__pamtojpeg2k,56f082bc33d60aaba5cbaffa48ee142a6928e6dcbf29a13d81afc4dff39f221c,229856,0fc502e6436176ecb7c5395f42b2c96618bf678a,yes,c,157430,"NA",NA
netpbm,2:11.01.00-2,netpbm-free,amd64,netpbm__pamtompfont,db8c52c743a2423eecdeecc605f634b5f36b196736c4df4bf8c9fe1eaf95049c,14280,b03ed451f08fb2905f49bca8404a2291e6a229b9,yes,c,905,"NA",NA
netpbm,2:11.01.00-2,netpbm-free,amd64,netpbm__pamtooctaveimg,9d1564fb24bbb74eeb340cb66d8f2b67c0710fec718814ae8417fa8708295f3c,14280,792c18660a9b1c5526a37074b1bfa38be03910ce,yes,c,1759,"NA",NA
netpbm,2:11.01.00-2,netpbm-free,amd64,netpbm__pamtopam,cdafae94ed5beca43cd72113c3a4d7da449ea6089a8f0316ca268c4f82295dcf,14280,de6c5d109ccd7d40322119e240c95c665ecf6aa1,yes,c,553,"NA",NA
netpbm,2:11.01.00-2,netpbm-free,amd64,netpbm__pamtopdbimg,9190cda1df1435e5924ca44201c78f8a00c860c72204bef84d613200bc0a7fd9,18456,98a66e8195cabfad9608c93d2b291ab776e0e86e,yes,c,5120,"NA",NA
netpbm,2:11.01.00-2,netpbm-free,amd64,netpbm__pamtopfm,5188ec07216a8b4e4feaecd14de60a52eb35e463404a7f64ff60ea3b3559f24d,14280,738bb726b52611e84b97b3a13600e162c9455133,yes,c,1545,"NA",NA
netpbm,2:11.01.00-2,netpbm-free,amd64,netpbm__pamtopng,a346130b8e2d19ebfb928808925764640ff9b5f9e4ee9b2f025255bff37fcb87,38856,be729897e45a63e1b18f1061a02a4a97d4d9e94f,yes,c,11459,"NA",NA
netpbm,2:11.01.00-2,netpbm-free,amd64,netpbm__pamtopnm,cd3bf7b3e023b4c864dc0d7811b3a2fd53782fc42bbe32e43088810bc17d53f3,14280,09ad42545f7044ab1b0bf8d4840e736fee953d0f,yes,c,1001,"NA",NA
netpbm,2:11.01.00-2,netpbm-free,amd64,netpbm__pamtoqoi,2c3d67e5e5bd8ff10d76d27254f2a7ce56841dd61a1aede38ef9a90911cfc8c5,14280,627d6acab69f5f4e8ce3a5427203535c8347777c,yes,c,3049,"NA",NA
netpbm,2:11.01.00-2,netpbm-free,amd64,netpbm__pamtosrf,ca15e617b2ca6163856e219869cf66c95747f1ccc1945c792ade87372e670139,18376,4b8d1edcbebc9196f4fb08bfdb36342853152568,yes,c,5945,"NA",NA
netpbm,2:11.01.00-2,netpbm-free,amd64,netpbm__pamtosvg,26ed43897253dcf483c7be91c96c25cdf60ef8e26027dcf27d9de7f1ba4c07a1,71624,fb6b527a7aaa26829d30e1dd1536dccdca6e4609,yes,c,50124,"NA",NA
netpbm,2:11.01.00-2,netpbm-free,amd64,netpbm__pamtotga,175ee89484ac9e552e657526a4e7b75e7f6554b92c965c93c856693a913e838e,18376,74d575a0ee8ecdc5491cfa71ad18b5e5de7f6bef,yes,c,5397,"NA",NA
netpbm,2:11.01.00-2,netpbm-free,amd64,netpbm__pamtotiff,60c802b20d38fc3124b0d4907e25579dab25e8f5c0b491b9aec64a5aa0c89ce2,43032,521ca579d26fa469e7ce7550a240f04a91af9741,yes,c,10862,"NA",NA
netpbm,2:11.01.00-2,netpbm-free,amd64,netpbm__pamtouil,330274e1a93869ba477a863689b79eb3592738c399da0b78fa41dcf9da94699b,14280,15f3abdd3c899d509d74880d2131f818653e4797,yes,c,2745,"NA",NA
netpbm,2:11.01.00-2,netpbm-free,amd64,netpbm__pamtowinicon,8e64398b14aeb38447973d8b9c07009aad3ac883f738f0fa8efa468342050224,18376,b5a76cd56c7ad201daf3389af07c14684c668def,yes,c,6452,"NA",NA
netpbm,2:11.01.00-2,netpbm-free,amd64,netpbm__pamtoxvmini,14f4d6c0dd02fddad22acf1a0d87708379eb08aed689881df2d15897dceaffd7,14280,315d2955de3aa4de47aaa396fefab46162492dae,yes,c,1369,"NA",NA
netpbm,2:11.01.00-2,netpbm-free,amd64,netpbm__pamtris,069831ce6ed38426fd514ebc676ad37ceda130cd927f3a721e1d385283b5a4af,22472,ef1b18bcfed9d4b402b564f2d9f4fbe17a9b3580,yes,c,11560,"NA",NA
netpbm,2:11.01.00-2,netpbm-free,amd64,netpbm__pamundice,e5c72bdd6e0b7abe21624c45014e493427a551067af27e731b283282e3fe53eb,18376,5f252afe5e71baa0b2cc87a36059a2188cfdd45a,yes,c,4623,"NA",NA
netpbm,2:11.01.00-2,netpbm-free,amd64,netpbm__pamunlookup,90b83062282c253935a649814f26ab09173a1b39b621656421827afde420b6ec,14280,e4b3ead5070a2435878162a830a32c063f93dafc,yes,c,1369,"NA",NA
netpbm,2:11.01.00-2,netpbm-free,amd64,netpbm__pamvalidate,d5bca865f7d74fea7bce75bd3d0a57585f52c8a987e49a74b3ea2a6250bf6893,14280,458a170ee4876baa0a5d0a9f220e2ffe59b312f8,yes,c,921,"NA",NA
netpbm,2:11.01.00-2,netpbm-free,amd64,netpbm__pamwipeout,e85ef7fa3fd9c53fc0eef0a34786edd42721ccc95d2b1e84ca6e39626744b352,14280,6e5bfc7eefa7127e003d8e5659258344d2224d81,yes,c,1951,"NA",NA
netpbm,2:11.01.00-2,netpbm-free,amd64,netpbm__pamx,6080132e2539665c6e322d7532ef270051fb5c1f872352ae52bc1d2c58ced1be,38936,b23780fdad7af13d220a782b56569d68669f9617,yes,c,18942,"NA",NA
netpbm,2:11.01.00-2,netpbm-free,amd64,netpbm__pbmclean,dd5540393b5de060f6b042ce49dc5fc4e872e981bac4242cd7ee2381f1a458d6,18376,9f941f3b5fa73fa5886d5dabb1f48adc79ffd511,yes,c,3772,"NA",NA
netpbm,2:11.01.00-2,netpbm-free,amd64,netpbm__pbmlife,11d3a15e0c912206a438ac22e80687483a71c300b293384c13390194233b5c3e,14280,ded417764189b1438552d3d25fd499b66014eb80,yes,c,873,"NA",NA
netpbm,2:11.01.00-2,netpbm-free,amd64,netpbm__pbmmake,4aaf355acaba28dd6a5e481b6f5e4c7299329b369c45757136adb27bc65f6f61,14280,9654112f44e70e0dedf2e085f4a69ca1ae7ba644,yes,c,1145,"NA",NA
netpbm,2:11.01.00-2,netpbm-free,amd64,netpbm__pbmmask,f254c4f46b53436c22a2efd85d35edb79b4c49d8c31bb6ba208a97898b6b9ca7,14280,04a206a61155b3bcf028b569323ed060e0d71a58,yes,c,2559,"NA",NA
netpbm,2:11.01.00-2,netpbm-free,amd64,netpbm__pbmminkowski,4e7ea384633c8ccd992803f181093360c82d5b57e321157e5794b2c2bb39fab0,14280,dd0080d52ce8e37a4e71ce1517c66fe062c16d29,yes,c,1193,"NA",NA
netpbm,2:11.01.00-2,netpbm-free,amd64,netpbm__pbmnoise,29e90cd715a06ea9523b0377997b3b496d04f1a05c3d6f343b3a110c69581f03,14280,e40268c5b6ab7f49957d952da72e9f21be49a134,yes,c,2769,"NA",NA
netpbm,2:11.01.00-2,netpbm-free,amd64,netpbm__pbmpage,144a779deeab95b696ca44cea4b572012dfca0f4934d3596d79ee52b0c001f22,14280,469fb4af1b76bb34578e8094689f590680aabfad,yes,c,2572,"NA",NA
netpbm,2:11.01.00-2,netpbm-free,amd64,netpbm__pbmpscale,5692b737490ad65a459983c5796ac9953e7dc3597b652827c0e41cb3fbeb3a08,14280,b37d998f81b1fdd1a84c3ac3d48018ad46db1bd2,yes,c,2315,"NA",NA
netpbm,2:11.01.00-2,netpbm-free,amd64,netpbm__pbmreduce,e4cc9af23c0d9e40cb3915c9628f71b4c229a7889a1cc9be893c394a26a36604,14280,555bd7f640200b673e07a7cb27af8baf64531379,yes,c,2596,"NA",NA
netpbm,2:11.01.00-2,netpbm-free,amd64,netpbm__pbmtext,92e2015fc4e4ab4f0354a4be82104ddbdbab4d3914951ee355ba66ae44303f9e,30856,3de7580041a514040044b2480ff211863160ed57,yes,c,9557,"NA",NA
netpbm,2:11.01.00-2,netpbm-free,amd64,netpbm__pbmtextps,8f45fbfd9773898b770861ec46bfb576d7a1fbd3618906182715d2976bb93efe,18376,d104a55b67eecafdbf0f69b6dba32ec7b788a844,yes,c,4899,"NA",NA
netpbm,2:11.01.00-2,netpbm-free,amd64,netpbm__pbmto10x,5c9ff5b32b04c9eaee788579a2c63f2038bc4f45682fbd18f484f242014b8cd3,14280,a354d78ac38ec3174083b67d2fafd7d7fc0f52f1,yes,c,2034,"NA",NA
netpbm,2:11.01.00-2,netpbm-free,amd64,netpbm__pbmto4425,2939b9b2c2fb79849c6d9873479fb664696e0512f37099d1462b0b5da5662ccc,14280,10bd9163c947e7d4fc10ac58130d457832268a00,yes,c,1177,"NA",NA
netpbm,2:11.01.00-2,netpbm-free,amd64,netpbm__pbmtoascii,de8d919ac7d83638ffa9234f9ae5c878073a0aef7f722db8668a965ef12d3204,14280,8385af86c88a526a93b1fda684c1648b678a3634,yes,c,1317,"NA",NA
netpbm,2:11.01.00-2,netpbm-free,amd64,netpbm__pbmtoatk,3c5b36a5da2995db6a65bfe458f7e15f005e654001a9bf5e15a9a8ee47640603,14280,d9109b0889bce331cce56b8afe0e3780cba38971,yes,c,1165,"NA",NA
netpbm,2:11.01.00-2,netpbm-free,amd64,netpbm__pbmtobbnbg,105f986b1951101fd447e42a86058ed40a2f67cfec4680e03264fe3d48fb734f,14280,ab0a2e3075850dd7c091140bb472f3c4d23816e4,yes,c,944,"NA",NA
netpbm,2:11.01.00-2,netpbm-free,amd64,netpbm__pbmtocis,203ef317341d94bb5b333f1bd42eecf4f5e91e811f90a00d04dc62bdb03c8895,14280,687cd99958defb00bb4fdbba66d0ef31c58173b1,yes,c,1289,"NA",NA
netpbm,2:11.01.00-2,netpbm-free,amd64,netpbm__pbmtocmuwm,68d169ae713a84ad02a0e00df336a34e745733828d86dcdad23be2f7494bf241,14280,188c9a6bb19e0bce80f22defee53997a8d45648d,yes,c,841,"NA",NA
netpbm,2:11.01.00-2,netpbm-free,amd64,netpbm__pbmtodjvurle,1fa1b52d2858bc39504d0377804b6d3d8bb8b433cbe17794c2b830d98756445e,14280,f7ae203d8d58adc3f0f81ac066f162d8f67499ec,yes,c,956,"NA",NA
netpbm,2:11.01.00-2,netpbm-free,amd64,netpbm__pbmtoepsi,143030462d0d7a685b92c387dd6b13367ed8305140f46ec86daa5f00f93a6521,14280,ce5dc4d9ee730e9f8f38632b028fcc5ec6f571ec,yes,c,1705,"NA",NA
netpbm,2:11.01.00-2,netpbm-free,amd64,netpbm__pbmtoepson,8c0f9c980bc45cd22025f71c0ba9e6977602f108439be8f5ea1f075a6e91cf55,14280,eb1cdae14824fda7f4fa748d1aa6b79fa5c4aac2,yes,c,1993,"NA",NA
netpbm,2:11.01.00-2,netpbm-free,amd64,netpbm__pbmtoescp2,fb4fa37802abdf8b83b4c48f53bda3b112ae2242d18749e7e68b9ca00ea92d88,14280,45206c3d8f40cc0d2aafe3c6dd8ec9d0e501f11e,yes,c,2169,"NA",NA
netpbm,2:11.01.00-2,netpbm-free,amd64,netpbm__pbmtog3,c3974eebf6861e2ed1140ac7c724058ff72459e95a38b04ba8b5fb35ba6e65b1,19232,483f9a92b42528afea7ca253e714027149a99ab1,yes,c,2846,"NA",NA
netpbm,2:11.01.00-2,netpbm-free,amd64,netpbm__pbmtogem,a7d2d679a44564d98fdb908f6b4971b09b07231af2baffdfa62ee4b275571ad2,14280,1576dfb3a15ba0b64cb1b9d6c448333227e72c40,yes,c,1791,"NA",NA
netpbm,2:11.01.00-2,netpbm-free,amd64,netpbm__pbmtogo,18930bc2f5875d16aafd799e44af84330d1b5874b2eadc5f6b3cbce3db15214b,14280,bf0b6d8a60b14f965de11d53663f17da3d80199d,yes,c,2058,"NA",NA
netpbm,2:11.01.00-2,netpbm-free,amd64,netpbm__pbmtoibm23xx,a192c75016dd0339cb2f72ddb9bea2aa9ef724e1afaaf122b1abe7f57f675be8,14280,46b14a3aee1bfe2d8ad7b6a651555359ccda894a,yes,c,1872,"NA",NA
netpbm,2:11.01.00-2,netpbm-free,amd64,netpbm__pbmtolj,ee018eda4e057a65a066943e23249f4453821e1a526c4d5a2129132c186ebe9f,18384,f78d992f87b6d7fee13b7ee04a640ce589e19656,yes,c,3929,"NA",NA
netpbm,2:11.01.00-2,netpbm-free,amd64,netpbm__pbmtoln03,eec1d94d4c2cbcc103cc58fe7088b4a421d2dbfab0437b3222f490d16e03f56c,14280,3eec5a4dea2bc5610e0ac4359b36f8b0a0528f1a,yes,c,2004,"NA",NA
netpbm,2:11.01.00-2,netpbm-free,amd64,netpbm__pbmtolps,6fc1b914ef236d23989e922e0f3cca8fbb125449a20dde36d7d5337b3540eb05,14280,75e7505f39f335f892344059877c3b840e7520da,yes,c,1913,"NA",NA
netpbm,2:11.01.00-2,netpbm-free,amd64,netpbm__pbmtomacp,91c36fbc5b0182b2e48c1fb2744e4c6f0eb2ed8dc957f440d540216f2096b5e8,14280,4bc70ac4716c6618d0912d86a9a35f1c5a832de4,yes,c,2942,"NA",NA
netpbm,2:11.01.00-2,netpbm-free,amd64,netpbm__pbmtomatrixorbital,17d254f464a99a6efbde71a99926e78f79d4b8277e95da67cfb3efeca1ca5a0a,14280,3fb18fa6f5cbd222bc2cac6f418d13ab494d4a37,yes,c,745,"NA",NA
netpbm,2:11.01.00-2,netpbm-free,amd64,netpbm__pbmtomda,210aa83d8de38dfc41bd5a1a9aa0d88bea6c27370a156a44e398aa324fb102e2,14280,754b1b470a3652b4bd0fee6f0055a1015c51c89f,yes,c,1433,"NA",NA
netpbm,2:11.01.00-2,netpbm-free,amd64,netpbm__pbmtomgr,9750923c2e4203b09c0ef0a24b0f920598e68b0a51ed41d0e9cec390bb0d8818,14280,1e2e65105d8b7dd0a560cbdaa886cdea49862fc9,yes,c,793,"NA",NA
netpbm,2:11.01.00-2,netpbm-free,amd64,netpbm__pbmtomrf,bde50c3088286f85af525ece13523f22b2e68c395649e1cc7813cb1db1dd4836,14280,b2bca038bfda53bb9aa5be8c2790abd17c257fe3,yes,c,1928,"NA",NA
netpbm,2:11.01.00-2,netpbm-free,amd64,netpbm__pbmtonokia,677a0e4244e51b3932114edaf70b892acb0411e1456f977e1bcbf958d97ac187,14280,34ace7c33b9fc32b3c84be138f545f0defe492bb,yes,c,3097,"NA",NA
netpbm,2:11.01.00-2,netpbm-free,amd64,netpbm__pbmtopgm,8e7cf448aa582ca2a24c1bbf61c33452519ccb12efe0632b6c65c25a940bab6f,14280,49e300f3354971d40f49337a2fd966c0196bfba0,yes,c,1209,"NA",NA
netpbm,2:11.01.00-2,netpbm-free,amd64,netpbm__pbmtopi3,29b07fab061cf7b1379fc86b61998e390cad496596e56296227ef1b759552444,14280,cda38bbbf2f1304876a9804ff7c0b651119b370b,yes,c,841,"NA",NA
netpbm,2:11.01.00-2,netpbm-free,amd64,netpbm__pbmtopk,e86ef7316ef7352300e1e8d788174778b1ee77f88b13f72844939ce70ee72c72,22784,535a0ddd80ec7c58178464007f402e4ab937f870,yes,c,11043,"NA",NA
netpbm,2:11.01.00-2,netpbm-free,amd64,netpbm__pbmtoplot,96fc1e1572959b32ef311a623410936dd563ac161758b8c494a4f8cada55a8c4,14280,325906367dc667272aedfd4fe7c8ff80b1d482ab,yes,c,817,"NA",NA
netpbm,2:11.01.00-2,netpbm-free,amd64,netpbm__pbmtoppa,1842d60957df00bc425fafb01abf5ab6b84f5721a2c10d78e5a2f661b4b6fe05,30744,40edb5648c4ac76a4ae70f8441076cc5de5ff896,yes,c,12396,"NA",NA
netpbm,2:11.01.00-2,netpbm-free,amd64,netpbm__pbmtopsg3,c8e745621c7be0a4c45eb62053d4941ded53f9e8a2ae9cef9c65d97ea2122d39,15960,6e87170e68da1258b6c3d9dc70a8fbe1881ed76b,yes,c,1917,"NA",NA
netpbm,2:11.01.00-2,netpbm-free,amd64,netpbm__pbmtoptx,055f63b1aab7c42ceac9eeb165e946b190d9012bc20f1e07c14181ea9fd98b23,14280,28e149221158ca0474333a529aaed89590b23ac0,yes,c,761,"NA",NA
netpbm,2:11.01.00-2,netpbm-free,amd64,netpbm__pbmtosunicon,566fbd96ac36ff6ec55684b53978073d72adbbd5421399ce38fbe73b09480f91,14280,dc6b4ff1bf7861c9cb3a4d4711b8098da126bd24,yes,c,1113,"NA",NA
netpbm,2:11.01.00-2,netpbm-free,amd64,netpbm__pbmtowbmp,ecef24117bbf4fce82b384bb8ac3be57a0e05f411e66229765c341f87a30ccf6,14280,543327db0fce21a4b8d71c0b1f4e54c7f77bfedd,yes,c,790,"NA",NA
netpbm,2:11.01.00-2,netpbm-free,amd64,netpbm__pbmtoxbm,c625bc9105d97d09fc815c359486b766883d95d6a4c144ef95dc78c1c21eef9b,14280,a1d07c776968075d241dd8bd2565eb4f3df08662,yes,c,2649,"NA",NA
netpbm,2:11.01.00-2,netpbm-free,amd64,netpbm__pbmtoybm,301f4b417e92adf6bd8bc993ceeec1b51dcdbed0e0fda36f94f2df87b9c80ef1,14280,73c4e68cc4d03e38dbd65c4d7e63cf27f83bcf44,yes,c,777,"NA",NA
netpbm,2:11.01.00-2,netpbm-free,amd64,netpbm__pbmtozinc,9e01a7aeb32dd92dd0226700a5b043a84c4b0bc80c827b3cdfe0ea2704cedbf0,14280,048b27cf2c9e710eea3e243483abfa5dbcbdf8f8,yes,c,1033,"NA",NA
netpbm,2:11.01.00-2,netpbm-free,amd64,netpbm__pbmupc,ad208b4407d6b86cc7be4e557bbfbce6ed7c3159b4ccebd645ba280f67979a16,22472,0d61a02cf36ae51a9d4565332706d4f44ede3b2c,yes,c,4482,"NA",NA
netpbm,2:11.01.00-2,netpbm-free,amd64,netpbm__pc1toppm,d2f136af6164d1531ab5636363021ae4e25f9ededf782d48baf236014aca8fac,14280,ea68cd24aa088d60f2e7148b2cc2ac6b3c212ea5,yes,c,1161,"NA",NA
netpbm,2:11.01.00-2,netpbm-free,amd64,netpbm__pcxtoppm,07b6c953b1d35f60eb140f27852255654418a3c57b43dfefb3f3775c94cc0d7c,18376,4df60d76c939d61def465a0b099c964e351f0034,yes,c,4698,"NA",NA
netpbm,2:11.01.00-2,netpbm-free,amd64,netpbm__pdbimgtopam,c3bfe289ece2067749b4dd5b875c4d74f7a49427b790ce13a01323e2faa72f76,18456,176f0a900a0dab9d9204346556e9196520252c25,yes,c,5008,"NA",NA
netpbm,2:11.01.00-2,netpbm-free,amd64,netpbm__pfmtopam,99eeafe14f4cd8d8f4e403ed594059f713617a8c38b6557d936d912a2d82f7b5,14280,b15ebda784facd7bb667cad4919453e9938fb0f0,yes,c,2041,"NA",NA
netpbm,2:11.01.00-2,netpbm-free,amd64,netpbm__pgmabel,26a7eb651c012cd57e1ebc3aad8804b66ab0c2428f28721853dea1e55d45fd3e,18376,d0e1ebb4826f2a4bb58ae80c873a60654ca748f8,yes,c,3911,"NA",NA
netpbm,2:11.01.00-2,netpbm-free,amd64,netpbm__pgmbentley,a4fb439af6b9dde6c01e84af51e940b53a4382fcfb7031b350d32bafdc0fcf17,14280,cce5139f589077a2968a8a49bd1940c100de7105,yes,c,681,"NA",NA
netpbm,2:11.01.00-2,netpbm-free,amd64,netpbm__pgmdeshadow,cdd64a41db3f064fc3dd5704b9658ae0c0f06a429bf23a3895e8b04a74b346e0,14280,b741fc9e1b9984bf8a733d022c8e832aaadc51e1,yes,c,1625,"NA",NA
netpbm,2:11.01.00-2,netpbm-free,amd64,netpbm__pgmenhance,f5de2c21fbbafab3e0f289390f443fff411815837e249f56653df8b5fea517e8,14280,17710625ca4f4735c0330dcfe4c9171d66961533,yes,c,1145,"NA",NA
netpbm,2:11.01.00-2,netpbm-free,amd64,netpbm__pgmhist,6d9eb43a9b32039082cfcbe93c2c443e40312404ef1939e2bbba2b2160f59386,14280,c5730ffccc2d50b1c94fb9ad15d8215d5ebf2556,yes,c,3383,"NA",NA
netpbm,2:11.01.00-2,netpbm-free,amd64,netpbm__pgmkernel,55f1b89a9c201ea87d31317d9aa34a1832f1a084dc1c0df4314557400b4ba6d0,14280,0e1e9fe2e1e740dd9970c2bcef4d862a382a9bd0,yes,c,1769,"NA",NA
netpbm,2:11.01.00-2,netpbm-free,amd64,netpbm__pgmmake,5fe6464b518b0d67e1c7ca5a8f0588fa86ff45f51980280e997ffd2d318255c0,14280,4ef96f6f26eb6a8435ec6c3acdf52cc356355bda,yes,c,1017,"NA",NA
netpbm,2:11.01.00-2,netpbm-free,amd64,netpbm__pgmmedian,a8d0e29d29f6942d23aec5babf721b7582795baa3b678d2ba785f11cade64d84,18376,a152595a3ec9f056efb173c2a3be6d08f1dce4e8,yes,c,4302,"NA",NA
netpbm,2:11.01.00-2,netpbm-free,amd64,netpbm__pgmminkowski,8098a4352bd8fe7cf8c9a6cf98072af53bb4cb3b9ebcdd8f7e69c6bcb1ea364d,14280,dc7e0141609889a5f5b8cc8452b09ec29b303f88,yes,c,1991,"NA",NA
netpbm,2:11.01.00-2,netpbm-free,amd64,netpbm__pgmmorphconv,cd109b950172c3a2ac422989e498e340a1f61f616c0d58c3f6dad03442e24a75,14280,9a9594eca30e2a6e2305b1d4a74e47bc9c95e209,yes,c,2985,"NA",NA
netpbm,2:11.01.00-2,netpbm-free,amd64,netpbm__pgmnoise,b80a625c184a865152b9f88dff2e5fd75994c88e22eb4edd964828558970c81b,14280,1c03de4acba74073aa9305e817616f399737bd1e,yes,c,1609,"NA",NA
netpbm,2:11.01.00-2,netpbm-free,amd64,netpbm__pgmramp,d98f63d8b802913014a14932e91672b4a599e2b11a5c216a76512991bbb5c355,14280,225008106a3b07deef1868f4c45367f5dcbeab8d,yes,c,1897,"NA",NA
netpbm,2:11.01.00-2,netpbm-free,amd64,netpbm__pgmtexture,045c4f5b740584b74cde647fccb3af861235dd741eb92de224b5590f6727f88c,26568,5007d1d60f30a40381494e60eb670ac18200cec4,yes,c,12569,"NA",NA
netpbm,2:11.01.00-2,netpbm-free,amd64,netpbm__pgmtofs,d6e6c31b8ca519f0108ad88bf139cd2cbc43e825e0ceaa3c0cdf2ddd8447c5f9,14280,44803ca839e94f826b7b8521ffab38dfe9288c63,yes,c,1184,"NA",NA
netpbm,2:11.01.00-2,netpbm-free,amd64,netpbm__pgmtolispm,ee4b952b68badadefa3cc1522f366d4cbeb557bcc5f20dd49355e21c8994b04e,14280,ec5746ec4d9f3982554753bb7dd23f7e6c57ebcd,yes,c,1145,"NA",NA
netpbm,2:11.01.00-2,netpbm-free,amd64,netpbm__pgmtopbm,e4ace86f3f6a067b450a3c835a79200938df752ce4efb1999c51175d77e1bd67,22472,200e90c23a2f92ef1363e1b47238c30b5b77b5e0,yes,c,5897,"NA",NA
netpbm,2:11.01.00-2,netpbm-free,amd64,netpbm__pgmtopgm,e8240eec62ab95a853b5b64f3677b2715d8adb50ae94b43218d0c9d7cd434921,14280,feda24984ec7677c4b3e86a0fce8ca52ef23dca2,yes,c,505,"NA",NA
netpbm,2:11.01.00-2,netpbm-free,amd64,netpbm__pgmtoppm,7e11e5a77e00796cddc700eee2952906733bb4d7b5a703f8e0023d07e91eeae9,14280,3750cbdc46e898c4c2d5c8327d1e6edd054586cc,yes,c,2057,"NA",NA
netpbm,2:11.01.00-2,netpbm-free,amd64,netpbm__pgmtosbig,359e64d6990dc97ad547ab4e0ef0f58d78e65c82d31ab611fe3a4d9f898e1ecc,14280,d7b6ffdd5f4002de937d36006d2c400ec8f94f7f,yes,c,878,"NA",NA
netpbm,2:11.01.00-2,netpbm-free,amd64,netpbm__pgmtost4,cfbdfc231e33abfd535487bdbc02c208d72c6c92757f1b7db8a204c8a79b8cab,14280,0d8fcbac64607ef645303274f47277246a1c7af4,yes,c,857,"NA",NA
netpbm,2:11.01.00-2,netpbm-free,amd64,netpbm__pi1toppm,1f3027ced17ac640fdc4374bc0f9b04b080f9003422d53ca1881985129ece435,14280,2804a6afd03bfc35e42e93f94cc29cbc2568e313,yes,c,745,"NA",NA
netpbm,2:11.01.00-2,netpbm-free,amd64,netpbm__pi3topbm,ca58ba8e3d33d1323f2f524e8f1468e33cbff25dfa72182a6169c6c780f61b29,14280,e4e4c00c343b55d75f519a9d455b6572c3d97f40,yes,c,873,"NA",NA
netpbm,2:11.01.00-2,netpbm-free,amd64,netpbm__pjtoppm,050bd8713ca2c8adcef0ba870121483a338556861beb98cb500c4f51c8a035c8,14296,6277662f3a1fe5a53ea0508909c0c0ecdf521e6b,yes,c,3379,"NA",NA
netpbm,2:11.01.00-2,netpbm-free,amd64,netpbm__pktopbm,462a0119eda897861bf5fa8511f5e9e2007bb05e95903e3288d0203e43452c7c,18376,1e3e2a810ceba22f157a24a38383a0c4f99907f9,yes,c,5311,"NA",NA
netpbm,2:11.01.00-2,netpbm-free,amd64,netpbm__pngtopam,103476c5e0764e465bfaebc2e66c47a5ce41f76fb904cff9a0101a2e097d7b25,34840,93ff71e6bb62d478b03af8d1fdb3fc10e2b6c29f,yes,c,12380,"NA",NA
netpbm,2:11.01.00-2,netpbm-free,amd64,netpbm__pnmalias,103c5096bf00f506659bb8749ee06eb3a661b5d495243df345eec45801b704a5,18376,4687182257f0cbde7357655f618a5fb5ec60dae7,yes,c,4153,"NA",NA
netpbm,2:11.01.00-2,netpbm-free,amd64,netpbm__pnmcolormap,2260ff350198b2b05e84184ac9c947c017c91c4e46e165cfbe2b972011e44c01,18376,bb4f4dbb10e68e0afe45964484c8de81a6940874,yes,c,5859,"NA",NA
netpbm,2:11.01.00-2,netpbm-free,amd64,netpbm__pnmconvol,6f3117c7558c22f479bb69e8d42e5aee232a96e39b27d26da89e886a04ad7b62,34760,4b759c2e28cf3ebc45091af657e93408f8f14bfd,yes,c,16875,"NA",NA
netpbm,2:11.01.00-2,netpbm-free,amd64,netpbm__pnmcrop,1f50053a0af26c120c4d24327695e846025e6e3b6470b1ef169da5f914ba9246,26648,203bbafaff8a332ce7c8c803b06044301b08c9d2,yes,c,10221,"NA",NA
netpbm,2:11.01.00-2,netpbm-free,amd64,netpbm__pnmgamma,e1fa00bfa04dfc0279894e0410e6fe57dc38bd1387fe51811a247f2f7f4e5df8,18376,061f74eaa5f8256a448b9b9c42937d2a294f1228,yes,c,7047,"NA",NA
netpbm,2:11.01.00-2,netpbm-free,amd64,netpbm__pnmhisteq,f2139547d32a5450cf044c15e9fb35d3199e8cfbdc4f78340c2a8af4ec7afa01,14280,40a289c7324e79d648dd03e931bc94595adfc280,yes,c,3145,"NA",NA
netpbm,2:11.01.00-2,netpbm-free,amd64,netpbm__pnmhistmap,0b4196c55639bdf01cb36a5a4cf2ec0430bbe2da96b7f98c69dd1f90922d0559,18376,3ba5d2f7258de823ef9688740fc72c8195a76b5f,yes,c,5391,"NA",NA
netpbm,2:11.01.00-2,netpbm-free,amd64,netpbm__pnmindex,2a58c442c449e22f7054cc58a42f7953455f27755c7d831bd1773666cffb9776,18376,cacd8e7358577d6e63aade0ce381f5bd68e9c989,yes,c,4847,"NA",NA
netpbm,2:11.01.00-2,netpbm-free,amd64,netpbm__pnminvert,1205a088b62fd48392609d67c8ef26a01c28a663f95f121428ed26fa3fc19edb,14280,f54ea8c5a0ea17e9e2563f7acd50f332d84ffa3c,yes,c,889,"NA",NA
netpbm,2:11.01.00-2,netpbm-free,amd64,netpbm__pnmmercator,adfb4943912b923035972cb0ac64aad32a14f1eb603070929b68eca47c0b9fdd,14280,f1817ae0d838ff56d8e5a390a8efe4dff13f1813,yes,c,3353,"NA",NA
netpbm,2:11.01.00-2,netpbm-free,amd64,netpbm__pnmmontage,12699d74c11345d23caecb6766440e2acbfe84bc23e79a2d3f590b80e234ce72,18376,dfdfa4fa5270f42fadc63afaaba7d1a3e2be296c,yes,c,6297,"NA",NA
netpbm,2:11.01.00-2,netpbm-free,amd64,netpbm__pnmnlfilt,1f6838a2a65cf549f5cf0faa212399f77fb15d8f7adab9e230b06cdf595d4bcd,22536,ca00a969f6607f7b57369ca5c0e623c4ca5ed297,yes,c,10103,"NA",NA
netpbm,2:11.01.00-2,netpbm-free,amd64,netpbm__pnmnorm,a6d0985dea71103f9b3b5a4ccda621442eceda972045dba4dc99cbadb29942a4,18376,02d0ebf549ce995dd363de68a57c2b4cfbd315ef,yes,c,6313,"NA",NA
netpbm,2:11.01.00-2,netpbm-free,amd64,netpbm__pnmpad,db6bf741d188b6efd49993e10d5318ed3e7aeff4db5cf649251965e8ca875eb5,18376,cc0cacff075214b782c9b2c918d58b4c48c07f58,yes,c,7458,"NA",NA
netpbm,2:11.01.00-2,netpbm-free,amd64,netpbm__pnmpaste,2da25e7ea36275b1bf72ddd8499ec877c6b6142157e616e7fa1de1bd38047d8a,14280,0abd58908f75f21c4f657a1bf4f4a25dcc940b78,yes,c,3449,"NA",NA
netpbm,2:11.01.00-2,netpbm-free,amd64,netpbm__pnmpsnr,0d949695b68784542d215ff22e64012eaed4f2f17083efc474965baedb2177ad,18376,d5d4a853e4007fcf8c2cdde501cd7609c27a2675,yes,c,3769,"NA",NA
netpbm,2:11.01.00-2,netpbm-free,amd64,netpbm__pnmremap,84c22144380a618bab3f056a43cd7397ddb88d597fcffa2425e8e99af924f563,18376,4db9c3c151b65ca01fcea6636bf2938ee644b297,yes,c,6387,"NA",NA
netpbm,2:11.01.00-2,netpbm-free,amd64,netpbm__pnmrotate,93666e0cc5ba8d816c6b6d1a233c6feb2c099d130792b05c714d7b614007f99d,18376,040e3c619eb3263f976b596ea8c09c4540bbfcfe,yes,c,5497,"NA",NA
netpbm,2:11.01.00-2,netpbm-free,amd64,netpbm__pnmscalefixed,89c60ead2300a892c9f985bf846c29971395cc05277bd60a2ec0327be6707e54,18376,c2c2ffb5e91dab77017d4e99a5bd0723170e82f6,yes,c,5785,"NA",NA
netpbm,2:11.01.00-2,netpbm-free,amd64,netpbm__pnmshear,8f6c9fbb40445d49d6234105c0abd6cc86fa07db5d8cca36a925215717d65d21,14280,1e9aded43a403964382a5349287b26488f37a9f8,yes,c,2151,"NA",NA
netpbm,2:11.01.00-2,netpbm-free,amd64,netpbm__pnmsmooth,bd8a6dfa28386e45c548e1e7c218508d11f16c23359053f8d32757a4fa6d00e1,14280,7f10364b7bc44a7f244b3eca3448330bb29dcc59,yes,c,1497,"NA",NA
netpbm,2:11.01.00-2,netpbm-free,amd64,netpbm__pnmstitch,7f07ddeceb03ab0e0f6e3e5e92f05f02e4d2e8989f38439aa394228d98af41d6,35448,fc27fb49e6c85c9dddc2afd4f6e67b465a919b0d,yes,c,13683,"NA",NA
netpbm,2:11.01.00-2,netpbm-free,amd64,netpbm__pnmtile,4d253243390b72f15b4eca42c8701aaa9dbf660fa22216f411e22d75a32bfd60,14280,e9aaa0c36cf1e566907e6cdd16458f410cb1da80,yes,c,729,"NA",NA
netpbm,2:11.01.00-2,netpbm-free,amd64,netpbm__pnmtoddif,db045b13301c29ca12ea0141233bbbe8778c8e699a8490b351e9825bfa59095f,18376,066dadc38674441a4b8ab24b5c808034dc1c087b,yes,c,3888,"NA",NA
netpbm,2:11.01.00-2,netpbm-free,amd64,netpbm__pnmtofiasco,9f3ee119161aca10761a34ad784b45f7567e75b4de87f8814d5799ff9571b89f,167792,1342082dbddc67774d812d184be3de2aa28b3739,yes,c,120899,"NA",NA
netpbm,2:11.01.00-2,netpbm-free,amd64,netpbm__pnmtojbig,90c9d6ccc12151c89305f62b31875d19ca52ceac7c9b104b1f8aa7c9ac825a41,58152,d1bb27c9f96a1f0f9d020125c2dda2130246acec,yes,c,31787,"NA",NA
netpbm,2:11.01.00-2,netpbm-free,amd64,netpbm__pnmtojpeg,ff9d96773c298eabd76be64bce0b23eee82589e43163ac64a6cdeccc57d9cee3,26568,a15154a9f85dae70de82adc05a818d5446c85cb1,yes,c,7582,"NA",NA
netpbm,2:11.01.00-2,netpbm-free,amd64,netpbm__pnmtopalm,f45f89685386f3ab20fc6b9426d8eed68912a4f2c5a4bfdcfe7a110b35c2fc71,26568,7ad8b06c9ac4558ae6654a79ebc7f54f47755573,yes,c,9416,"NA",NA
netpbm,2:11.01.00-2,netpbm-free,amd64,netpbm__pnmtopclxl,76b84985be23bae15c57707c2cb1de926a833bc051d4da01ba95f874370481a3,23000,990ee239fa67e84f70127c264ee98e0598292d4b,yes,c,9724,"NA",NA
netpbm,2:11.01.00-2,netpbm-free,amd64,netpbm__pnmtopng,4efc52c471dfb4df56c94dcb0e7334c806e403f37678bf58f80f2e204cb4dfa8,55240,a12ef5b2ac696fc39234afb39935d129b8326c43,yes,c,23939,"NA",NA
netpbm,2:11.01.00-2,netpbm-free,amd64,netpbm__pnmtops,f373e39683f105e84427b21d920355bec558045e82577f8495b01ec46750299a,34760,9da2642794ee4468dfec4d1728e14edb9efa9ceb,yes,c,13719,"NA",NA
netpbm,2:11.01.00-2,netpbm-free,amd64,netpbm__pnmtorast,511d85acd18f8cb6a39ff7aed1ff01715a092ded13dfdc74456cc8bbb5d778c1,18376,7b4849bd52f27faed257829cb65a5990b3e147eb,yes,c,6205,"NA",NA
netpbm,2:11.01.00-2,netpbm-free,amd64,netpbm__pnmtorle,927dc81b13de33ce17866fe340c239c865c799697b1dfb3d5e9c43b777d8d1c3,30920,0f30fe60e1b0fd0fccfd0b059811acdcf6ed3a5e,yes,c,11704,"NA",NA
netpbm,2:11.01.00-2,netpbm-free,amd64,netpbm__pnmtosgi,9041dcf7b908b037c015ae5b9ff8b705111e8a73a519aeaabe4449001eb24917,14288,7709fa38516ce3ef4190c67570d1fc51e6b49230,yes,c,2967,"NA",NA
netpbm,2:11.01.00-2,netpbm-free,amd64,netpbm__pnmtosir,835aa6725ea759694f2cf847eb942fcf31b67e6d414f64c38035e1aac221e7fe,14280,0adad3e607eb8de8b4bcbe7ccd9cea5edbc6dab8,yes,c,1321,"NA",NA
netpbm,2:11.01.00-2,netpbm-free,amd64,netpbm__pnmtotiffcmyk,81ee61e1cd6ad96c25dd11202875c82b79e4808993810d5569c89749f40b6519,43032,02c511d4029004172ff5c9851566bfb2ebe6fc99,yes,c,8494,"NA",NA
netpbm,2:11.01.00-2,netpbm-free,amd64,netpbm__pnmtoxwd,fdc3c0fe9f7e8e42d9c1be382f454a8888261ceed7379f245835ee0b0d5d0935,14280,0b721b0bf1cc713d989d391a3a29252b62422b80,yes,c,3273,"NA",NA
netpbm,2:11.01.00-2,netpbm-free,amd64,netpbm__ppm3d,2b6046e18c008a996944c630bc803ad4e575e0ac271536f628bdb3f4c5f17392,18376,54036550e628481b86589f1484de0939e17dab7f,yes,c,2241,"NA",NA
netpbm,2:11.01.00-2,netpbm-free,amd64,netpbm__ppmchange,0dd84bb35b30b701199e43a65b33fdaf227ee1fb6d52728b84a065438de6d751,14280,d020fe9e3bf7c1d5fa8e3924fb371cfcc97aee64,yes,c,1705,"NA",NA
netpbm,2:11.01.00-2,netpbm-free,amd64,netpbm__ppmcie,c97ccae03fdef0d02b7b34e1fe33157bf039d14404be3c7f50b2603570074a16,26744,09543470c21897d90fef18e68b4b0dfe94c4df54,yes,c,9255,"NA",NA
netpbm,2:11.01.00-2,netpbm-free,amd64,netpbm__ppmcolormask,180d9fd620ec3203e08529ccbfe61868bdd741bc69f1532cba1cc568bc957992,14280,a6651714f91226f446eb22d89265155a3ad51669,yes,c,1833,"NA",NA
netpbm,2:11.01.00-2,netpbm-free,amd64,netpbm__ppmcolors,9df9667153830f2294dce546f230b739350d57b6ec6193878b7152fa7e41fa25,14280,28760fa8beac1a75ec845f0b40f17ce43c9cb01e,yes,c,569,"NA",NA
netpbm,2:11.01.00-2,netpbm-free,amd64,netpbm__ppmdcfont,21a91915ac5469d75a24c3fef13d5d3376e782b358eb9dc2c95490537bde48c0,14280,dc7832bd9d0f87a45eba4dd3d7ce4b6627db3eee,yes,c,1817,"NA",NA
netpbm,2:11.01.00-2,netpbm-free,amd64,netpbm__ppmddumpfont,e03e696316c3c3d58b7d3d0482c409c564e64034f792255ad821a314771f96dd,14280,7a2a18159bc21b53f53f3d3a17e8288ac11d90fe,yes,c,665,"NA",NA
netpbm,2:11.01.00-2,netpbm-free,amd64,netpbm__ppmdim,d67f164a498f8077e0167eafc8cc8f70edc31c86d1aae661f8cb27597833b8ff,14280,2c258fb58e26ee96859fb88c187e120169e479e3,yes,c,745,"NA",NA
netpbm,2:11.01.00-2,netpbm-free,amd64,netpbm__ppmdist,af6b67ab052e0793287d51542117e28a91a6cca146653ed18e86a4ad0a2cec94,14280,b1bcd0e50233def6267372cb266ae05991926c24,yes,c,1191,"NA",NA
netpbm,2:11.01.00-2,netpbm-free,amd64,netpbm__ppmdither,ceff22c00867dbb9096e39f55ba07a056304247921bf312098b8e2b98a4d1579,14280,61fd506b97f7ce92bb82f333847b9d0da8c600f3,yes,c,2937,"NA",NA
netpbm,2:11.01.00-2,netpbm-free,amd64,netpbm__ppmdmkfont,bf3d5425ad5d626e17d56c58dde38f1832dc33be649bee7239919c857cb6c01a,22192,263a63565846e7df16f62b8fb7c577e8122dad97,yes,c,809,"NA",NA
netpbm,2:11.01.00-2,netpbm-free,amd64,netpbm__ppmdraw,26d1ce172afd7301da118dfe141dae1856dae8c601ebbe1fef335309cd6a77c2,22472,570fae8e74ac7db050679da0d6034c880f14c0e5,yes,c,5562,"NA",NA
netpbm,2:11.01.00-2,netpbm-free,amd64,netpbm__ppmflash,67fc69b9bfc63e07d8f7cb412b30b23f678f95ccd824aa645ba68a75b4cd9a79,14280,4f35d7e005afe56043a84b43053619b681a5dc65,yes,c,777,"NA",NA
netpbm,2:11.01.00-2,netpbm-free,amd64,netpbm__ppmforge,81b6443d4dc3ff56754b9976c17df2ee02db98b94150afdf22b091962a10490c,22480,021d598e044a129710f6af95a918a08be9b8dca6,yes,c,11199,"NA",NA
netpbm,2:11.01.00-2,netpbm-free,amd64,netpbm__ppmglobe,292494a53232e9b3cb684f50038b86f6b2613444218004045091afda13ee7bf4,14280,5481b1ff2072d8821f974234aacbe8507f327da2,yes,c,1209,"NA",NA
netpbm,2:11.01.00-2,netpbm-free,amd64,netpbm__ppmhist,e9d782d735c0b47a64425f21611023ad240a8031dfd7527200d5bf89626f10d9,18376,38231e497a1ee2d31f593534ff7733bf91e679f8,yes,c,4370,"NA",NA
netpbm,2:11.01.00-2,netpbm-free,amd64,netpbm__ppmlabel,e19398524a7a9f1307753c17403a8c4ef2e21458e5f12a43e954dd529d86d77d,14280,44ea3b38acd5fc8c693b0a392d5f770c98ac6cc9,yes,c,2929,"NA",NA
netpbm,2:11.01.00-2,netpbm-free,amd64,netpbm__ppmmake,b8ec4ac098394a7b8b95db87431c00a953392faefe725c7c3bb3dd514e745c05,14280,f1126a0306a8d7609665f764dc618eea4bfc0821,yes,c,809,"NA",NA
netpbm,2:11.01.00-2,netpbm-free,amd64,netpbm__ppmmix,d28f5f6d48d211c9117944ff9c94fb56d9436ee9616fea96bf3f1f750fa80110,14280,cf76717c93648105f5b9282a80f9676472184a72,yes,c,969,"NA",NA
netpbm,2:11.01.00-2,netpbm-free,amd64,netpbm__ppmntsc,2881e5bf7e5bf0fa1e46d1c6434c77795080b8c5395c41ac883a8e7480367638,14288,ebb4dd7917f05aa288d70eb05ff374ac441ebcf8,yes,c,3369,"NA",NA
netpbm,2:11.01.00-2,netpbm-free,amd64,netpbm__ppmpat,850b1fa288416b2eec3b3016f5f91e74ed0b08467e75be191965491116623a28,30664,3246458bd1d398dbae584b2eb139e79cbca5f693,yes,c,13602,"NA",NA
netpbm,2:11.01.00-2,netpbm-free,amd64,netpbm__ppmrelief,ed58aef2dd7203e6e3fac673392eec0852cc39edecbf1c3f118c7c31f55261ad,14280,3ee0713ab105ecb36edcc7739a0f15b8915570d0,yes,c,1081,"NA",NA
netpbm,2:11.01.00-2,netpbm-free,amd64,netpbm__ppmrough,ceed3c241b172b509e9dc529cf6fb629b93ef8f3d1fd36978669e414179237f6,18376,30cf44dda87eb90003920bbb36eddd6086282ec4,yes,c,4957,"NA",NA
netpbm,2:11.01.00-2,netpbm-free,amd64,netpbm__ppmshift,47f89f67b6ca30956c960de2451bc32bc08588842a94f87a18e1e5f1f49aabaa,14280,f1d8ec2a19736fa033d8a4ee872573b9c8b26f30,yes,c,1129,"NA",NA
netpbm,2:11.01.00-2,netpbm-free,amd64,netpbm__ppmspread,12f648d92013d9166b87da99af906b8a42f0052d4bfead1dce8876fa30306c67,14280,db71c52bc44e7373693f33cb01e905dbd73d5d55,yes,c,1257,"NA",NA
netpbm,2:11.01.00-2,netpbm-free,amd64,netpbm__ppmtoacad,7543699aa9d82213fcb4c0e42b316f9b2625cd32ff7514f42b9bbcf46e881c77,15152,64880b3aad51343706557e2e727173a74529c904,yes,c,3616,"NA",NA
netpbm,2:11.01.00-2,netpbm-free,amd64,netpbm__ppmtoapplevol,33578271afed1b79e80bf188768a9277375765790ee30c5c2e955413714c9921,14280,7d05187ed3e7b74eaa808d3a589604f10f2ce651,yes,c,729,"NA",NA
netpbm,2:11.01.00-2,netpbm-free,amd64,netpbm__ppmtoarbtxt,096cdebcf53215d155abdac4ecb376800fb493a9825eea48bfca2beec7993d51,18376,8ad023aa7253419941d7225fa908c9f150107220,yes,c,5078,"NA",NA
netpbm,2:11.01.00-2,netpbm-free,amd64,netpbm__ppmtoascii,1a50a7edf5ed03f39f4d73d8a4cdcc23f8d709317d20d013011a4bd8689f02ab,14360,7056a0aa8a31144416044b2132c18871278d9300,yes,c,1913,"NA",NA
netpbm,2:11.01.00-2,netpbm-free,amd64,netpbm__ppmtobmp,8c1f6934ca4cfbac45968979d24a686bedbdeefeabc9306f08e14574ef6882e9,18376,8b47758659e430d5ce090bce352febfbfb6019a9,yes,c,5644,"NA",NA
netpbm,2:11.01.00-2,netpbm-free,amd64,netpbm__ppmtoeyuv,919761f44ada44a65092e037b8d8f7bb5934f9b740b0dd79982659e6d869f7af,18376,1e25fe9ea0dbe1f56f26d92b8150441532731a2a,yes,c,4268,"NA",NA
netpbm,2:11.01.00-2,netpbm-free,amd64,netpbm__ppmtogif,cf3472ded8eb8ad375b9091bcc76cd5a8c07de5e7e5429cfa2abd9632c6f878a,14280,fc809c79bcb02401772a72ae2023daf8e0b181b9,yes,c,2665,"NA",NA
netpbm,2:11.01.00-2,netpbm-free,amd64,netpbm__ppmtoicr,d482eb238adf31a4debe250b03b4802d6921127bd419b7412c9aca10b9e25290,14280,393661ee68ba90d2e66142f32bb36fccd3e2381c,yes,c,2345,"NA",NA
netpbm,2:11.01.00-2,netpbm-free,amd64,netpbm__ppmtoilbm,1f973a177f7052bee45b9fcb0d429eba052095ff79b4b6126bb8fd58cdca57ad,43048,c424df83ca01930e077303f55950d8818f767f02,yes,c,18486,"NA",NA
netpbm,2:11.01.00-2,netpbm-free,amd64,netpbm__ppmtoleaf,be62b758da939d3bdad4e82e7c4d3b415595bc006a276005f367688e797c25c5,14280,29912fa576194f0655c52cc8094432a1865dc81f,yes,c,2233,"NA",NA
netpbm,2:11.01.00-2,netpbm-free,amd64,netpbm__ppmtolj,c98df703b0ff507545f9a0dd217ef893d5e82cdcba179c6bb9e3a6c28f0db175,14280,722eb627942321197036bb3f5f1fce7e6d4f2ec5,yes,c,2137,"NA",NA
netpbm,2:11.01.00-2,netpbm-free,amd64,netpbm__ppmtomitsu,8a0462c9d536de9ab530cb3bdf8f5fa59e9ca6d904b044b3cc8b9717d9c80682,22472,4b4f8c7b14faccfc8085fcb49e2b9abe309dac2d,yes,c,10082,"NA",NA
netpbm,2:11.01.00-2,netpbm-free,amd64,netpbm__ppmtompeg,36a85255e1780095616277d278e374df1a2bc1effc1cf9ec2a06813fc8aa49cb,505592,1bb235265b9b19868634652918b5a7a239ca0cb0,yes,c,142100,"NA",NA
netpbm,2:11.01.00-2,netpbm-free,amd64,netpbm__ppmtoneo,9011e2b9cf6f11c6e7d25cc96eb126f46fde98c38e509a6904483ed582b6ab32,14280,d6501604660228ce6f55f4ff9c505b5df636e669,yes,c,1097,"NA",NA
netpbm,2:11.01.00-2,netpbm-free,amd64,netpbm__ppmtopcx,4b17fe7ad1e114860cfbd974a9bdf3bf31472dbfd3f099551faa73619cafad57,18376,ca3d7854570efa5826598ab5dabe5e13a52afefc,yes,c,6595,"NA",NA
netpbm,2:11.01.00-2,netpbm-free,amd64,netpbm__ppmtopgm,8dbd152244a8b3aa30867af4ce9766d649f8e735ac446e87fb0e99131cdc1ea4,18376,4aea0d235c1cd0f2ca3674497cfbd84c2622b4c8,yes,c,937,"NA",NA
netpbm,2:11.01.00-2,netpbm-free,amd64,netpbm__ppmtopi1,4ae9527e6af2b99b1c06fa7ac5b81ef6fc7c5e3076301d1fd26d96b4ddc00396,14280,07dec35b78fd4dd0fe8b7e67b5d814ea9ad4f765,yes,c,1033,"NA",NA
netpbm,2:11.01.00-2,netpbm-free,amd64,netpbm__ppmtopict,92b9c0394b607b2557838ad7f0d4059d3b8d887a9d4ea65a6be85990e33fdade,14280,edd19babef6c0bbb9c7be40818f02d5c2c357a35,yes,c,2835,"NA",NA
netpbm,2:11.01.00-2,netpbm-free,amd64,netpbm__ppmtopj,fc3d08596010dbe592d9afa14ecebcb4bb01fe53d247ef4ad8544d501b3b71a9,14360,bd04395555097c233bd0b1f2137c37eb273b7841,yes,c,2393,"NA",NA
netpbm,2:11.01.00-2,netpbm-free,amd64,netpbm__ppmtopjxl,1a70adad39b975cf5a4a349985d268db2721029cca65e374fe9ca6c17033d86d,18456,5c795611fcb39207b7622b824ed32ae7a6f274c9,yes,c,4047,"NA",NA
netpbm,2:11.01.00-2,netpbm-free,amd64,netpbm__ppmtoppm,ee542211cbd9b15899c5069e6af7212d76604717ea54e21b2637844b3eb1f005,14280,beef1e8a02eaac78bebb4aa0f8a226ed1771e3a9,yes,c,473,"NA",NA
netpbm,2:11.01.00-2,netpbm-free,amd64,netpbm__ppmtopuzz,9a9656fae769dce220240190bf7d53e9de2f43a9c78f5ec4011778b79d894c11,14280,17f7f4765ca07c7b1a936d788c92aaf794daf36e,yes,c,905,"NA",NA
netpbm,2:11.01.00-2,netpbm-free,amd64,netpbm__ppmtorgb3,c564708576eaa9cc7050ab6ce71bb2c44f91f13be2bea656545f23cde5aa6ce1,14280,28f4bead87933dcaa81cc5e8317e6f57cc9a7c7f,yes,c,1101,"NA",NA
netpbm,2:11.01.00-2,netpbm-free,amd64,netpbm__ppmtosixel,b8e9c922ef0486da471c2df5c870f1549d16726e6770d90c3b1e2c4cf3263f04,14280,ce503afea79908a6dc0302ad5723c8c02820a44b,yes,c,1785,"NA",NA
netpbm,2:11.01.00-2,netpbm-free,amd64,netpbm__ppmtospu,363e351b4cd5174a370eaec0c0e7605217076e29a993e74b43da836671400029,14280,56073317fb5865fbd33342a48488eb20bb632364,yes,c,3068,"NA",NA
netpbm,2:11.01.00-2,netpbm-free,amd64,netpbm__ppmtoterm,f99e3523db18c0e3249bed23cd7865dd651bce2195abf1b7277d0d09367f1da0,14280,79836839d1793d1304c7fc087c12d3d944589b01,yes,c,1129,"NA",NA
netpbm,2:11.01.00-2,netpbm-free,amd64,netpbm__ppmtowinicon,b691f884b7f61cff587141057d97b688c25a76a76410b8b5556302e48ac56a45,18376,89929814d1956f318ce4afd2738cb3f5c86cec58,yes,c,6915,"NA",NA
netpbm,2:11.01.00-2,netpbm-free,amd64,netpbm__ppmtoxpm,0ddb60495f06fd386c26c791bb882ad31397fd560f50d942105f6aa72d38e7f1,14280,a68204f71fe705f4c478a9c4647a34cc618e5ac7,yes,c,3457,"NA",NA
netpbm,2:11.01.00-2,netpbm-free,amd64,netpbm__ppmtoyuv,719dd4d8790fc45bce96662cd508c42dcb968f5cba440d8f2e5cc56e3107de29,14280,3fc8911cd6d4cd23f26e4b3c944670fff3e9164e,yes,c,1033,"NA",NA
netpbm,2:11.01.00-2,netpbm-free,amd64,netpbm__ppmtoyuvsplit,5453e432ad2f60c4b2e23981478a87409ced7d829bfafb8d18f410b81c427377,14280,154fe20df027810dbb0db6d8744950b191cf221a,yes,c,2025,"NA",NA
netpbm,2:11.01.00-2,netpbm-free,amd64,netpbm__ppmtv,7e27b2041df939c55041a137eb3d6e43d9bd87e9aec626f1dc600c7261ba1554,14280,abc2a4ffe0967d2c78553850aa73c715d43222e5,yes,c,793,"NA",NA
netpbm,2:11.01.00-2,netpbm-free,amd64,netpbm__ppmwheel,e4f74b6f9137c45c114c92e396e71414c87d283363aa1e01ad0698c97107a9c0,14280,55f7bd00dd8d758d5f06a4e453247f906592972b,yes,c,2233,"NA",NA
netpbm,2:11.01.00-2,netpbm-free,amd64,netpbm__psidtopgm,164f3d7326ce65080a06cc8fb7f9d3e46f70d47d0a87410f469eb388b36b6741,14280,091de971ec14312a0c33e269bda93fec0630df27,yes,c,1237,"NA",NA
netpbm,2:11.01.00-2,netpbm-free,amd64,netpbm__pstopnm,a304e1ee671d7c0f5d84c361ab097386a29a9c1443bd6a7642da122437656aa5,22552,2c75b7b15ea5ab343087b5c1cf8c909b3434a441,yes,c,7626,"NA",NA
netpbm,2:11.01.00-2,netpbm-free,amd64,netpbm__qoitopam,db21a6c4f02bedd72b1ce7c8908c5758f1217611882bad3929f102431e96f2ce,14280,3d53bb444975980d86305969a9cccd3194e9dde4,yes,c,2495,"NA",NA
netpbm,2:11.01.00-2,netpbm-free,amd64,netpbm__qrttoppm,e4f68b277f0597943c5bf6546d80de2e42c5d77f72c471d0f19087b154f9f0c7,14280,9c04a76928fc44de4e350823ae4144616a90f9eb,yes,c,857,"NA",NA
netpbm,2:11.01.00-2,netpbm-free,amd64,netpbm__rasttopnm,93f8dd66935c48a28bd472278d8dbcce97f5d9a5848f81e67af45cf2e79eaf36,18376,6184edd85fff8851d3efacf9f6e2effb0becfc44,yes,c,6669,"NA",NA
netpbm,2:11.01.00-2,netpbm-free,amd64,netpbm__rawtopgm,339b7a5520646486ba3149f1a2aee468fc8e437658c3995b6544a930acb5ceb5,14280,23feb6ca8a58719ebfbb5fa39e1c33097882f030,yes,c,2265,"NA",NA
netpbm,2:11.01.00-2,netpbm-free,amd64,netpbm__rawtoppm,959305eda4d377e86f2973fd319eb8d525c401e07a40a0740cc58f69b6dfbb68,14280,f48137814e966b352e657798f55b0855158e84ef,yes,c,2569,"NA",NA
netpbm,2:11.01.00-2,netpbm-free,amd64,netpbm__rgb3toppm,6a7f0a7316dd237ccd3059ca22083040a1f139e006c0b64b2834878fc99d0e65,14280,fee0d485c777d3e3ccb6e6076cb7996e9a6add9b,yes,c,937,"NA",NA
netpbm,2:11.01.00-2,netpbm-free,amd64,netpbm__rlatopam,cef4fef297a04a28eaf5919bfe91b629f3cf7f8435bc301ce7753e9bf2c126d2,14280,781853dda46fab1a2b8706a2c249ce4d9a5697fe,yes,c,2400,"NA",NA
netpbm,2:11.01.00-2,netpbm-free,amd64,netpbm__rletopnm,60760462a512002bebde4da6c26b3a8dd74aa068e744cdc3870760359456807a,35016,5186dd45b39f35c01329b1f20b318a9361169a2b,yes,c,14525,"NA",NA
netpbm,2:11.01.00-2,netpbm-free,amd64,netpbm__sbigtopgm,e8f0c56fb752f832f1e15eb942b17636f274dad7a7dafe01bcc1f15b85707d24,14280,f673a6bba29a0a57acf5d331f34baa2872860523,yes,c,1801,"NA",NA
netpbm,2:11.01.00-2,netpbm-free,amd64,netpbm__sgitopnm,4334773422c1b4ddae8a76241d6c12cdb0c3e1d97572b49d40ca40ca6b4de0e5,18376,651842ee38d5d4f6e2f479b25a88d948e405d9a3,yes,c,4725,"NA",NA
netpbm,2:11.01.00-2,netpbm-free,amd64,netpbm__sirtopnm,5821f56178a6ae551c058daba414713f494e52d37ee1bbf456a989495179fdaf,14280,0a5566f3947222aa9b97667224391d5fb574cb9f,yes,c,1049,"NA",NA
netpbm,2:11.01.00-2,netpbm-free,amd64,netpbm__sldtoppm,714e348d0ba0324a00769fd76355f15809549396f2e3ec3a96d1524fb651473d,18448,18004441684c8bb2914410911da33fb63e4e6810,yes,c,5029,"NA",NA
netpbm,2:11.01.00-2,netpbm-free,amd64,netpbm__spctoppm,e9d4fb4c0a21184ce3f25bcf3a0896cf33c866885ff4cbc88c50b87012780197,14280,547261c38cf1295a053035970ba64a8c76147e12,yes,c,1497,"NA",NA
netpbm,2:11.01.00-2,netpbm-free,amd64,netpbm__spottopgm,65cb9f75c382ce61cc64c708d8d9ea000a582142a4bffec0c0737136249b1e8d,14296,deaf6f319b234d35521a021d545e4b733da1c8bb,yes,c,1673,"NA",NA
netpbm,2:11.01.00-2,netpbm-free,amd64,netpbm__sputoppm,a8a7aec7ea42010beb1aef3aeee556bd691417fbf1d904cc34c8ba67cf92820a,14280,1492bd83e2f5d273bd2008b64740b05ef9eb70b9,yes,c,889,"NA",NA
netpbm,2:11.01.00-2,netpbm-free,amd64,netpbm__srftopam,8fe9c5ed3921df40dabaa76c1811df0ecd17081cd081144a0f66373a8ac70095,18376,2ea915b06f15e02d5d9f6e3a15f814ca6e9d6df9,yes,c,5785,"NA",NA
netpbm,2:11.01.00-2,netpbm-free,amd64,netpbm__st4topgm,4527c40ea7b7bc81205163cdeca4e5a710cc9383ecd60f30d4b5df463b66dd09,14280,e28a0bf0df5afa97af876d8c4d4c8f318179be06,yes,c,1429,"NA",NA
netpbm,2:11.01.00-2,netpbm-free,amd64,netpbm__sunicontopnm,f401ce5ef2b1692b87c3f1085bb0eab64baf8ff4a5d8d86f7a29fe7c38695c4d,14280,ec67ebae1a63efb12c31e35fd6d54b0c9b7b49cf,yes,c,1865,"NA",NA
netpbm,2:11.01.00-2,netpbm-free,amd64,netpbm__svgtopam,4d63972531b9139fcfc2bb4779a45f1156a2b8772148f01ebde15feabfb45b7f,22472,7e96a05ac2b9c918041405b5258cf43836c020b2,yes,c,4016,"NA",NA
netpbm,2:11.01.00-2,netpbm-free,amd64,netpbm__tgatoppm,df9364d50bd082cf4ed090a7ff78ad34f1f4f70aa622f8c8dc5cd0ca25118dc3,18376,b96d1a00af280a5dd4abdbc572044184a537b678,yes,c,4542,"NA",NA
netpbm,2:11.01.00-2,netpbm-free,amd64,netpbm__thinkjettopbm,a161fd71319454ce2836af37dfb9270ccae81d6eee1a349a5bbecf86a3221c4d,18384,60b7587cf1afdbecc731dc59e68904a365e07426,yes,c,6645,"NA",NA
netpbm,2:11.01.00-2,netpbm-free,amd64,netpbm__tifftopnm,28be5dec4a167efca32fdc450193eb8fea6f97aec39199ea5545cc8fb60d6b90,43032,73ea3f02e7056f57145c22bf62c6a6f5d66ce8b4,yes,c,9454,"NA",NA
netpbm,2:11.01.00-2,netpbm-free,amd64,netpbm__wbmptopbm,062dd101f3465e0a50f1ae46f0912850c1454c5ff9cfe7fe00e317f6d7b937ee,14280,24b0aaa0787e925c818a5e8ea565559e0c152b56,yes,c,1096,"NA",NA
netpbm,2:11.01.00-2,netpbm-free,amd64,netpbm__winicontopam,d0cfb18bd0e704d72dbcde6ba0fae10c2793082a16a9154b15bb5c6719eb3ece,22472,354715478c557bc80363f88305f9df8606f12e85,yes,c,8105,"NA",NA
netpbm,2:11.01.00-2,netpbm-free,amd64,netpbm__winicontoppm,c7e8260f9e2be6c66f56ccb682a6674ee360057f65f4ef12f34b935c28627966,18376,a219dc008b84744fd59087d602e7667dd086fcd7,yes,c,6502,"NA",NA
netpbm,2:11.01.00-2,netpbm-free,amd64,netpbm__xbmtopbm,f87dd86b693b834a0aeba3540e7fb0024ba650a759eac2a5bb3bad648ae05b79,14280,46690ed0ebaddd95904434458000ecce0cf72a08,yes,c,2002,"NA",NA
netpbm,2:11.01.00-2,netpbm-free,amd64,netpbm__ximtoppm,76d9c18f840366f9f563c1f61c556b8e529e8d38fe37f6dd64948c462fe67ed6,14280,79ff6344367e5350ee2308e1b104a45f63f99cc6,yes,c,2667,"NA",NA
netpbm,2:11.01.00-2,netpbm-free,amd64,netpbm__xpmtoppm,adc80b91368c6aa7bf086db6cb093dcfc1e5d23721b72a89d42651443ba41d42,18432,051607730c202c984564c98c4785e21e6afdf224,yes,c,5624,"NA",NA
netpbm,2:11.01.00-2,netpbm-free,amd64,netpbm__xvminitoppm,0c441a32a992ee70245a344ed2095781e9ce595c2d6d758194b2d014b36aa23f,14280,8515055b68da7e78bb2b4577df5f3f72498c9ed9,yes,c,1289,"NA",NA
netpbm,2:11.01.00-2,netpbm-free,amd64,netpbm__xwdtopnm,18ee242e6f59c2616b7eaa7a0ba6286663d61ee2d4d6a6acbd75364f6e15628c,22472,a1fd91e96740a71c8bcbcb83daf11c4e4aff579b,yes,c,7312,"NA",NA
netpbm,2:11.01.00-2,netpbm-free,amd64,netpbm__ybmtopbm,46ce41745588005bdd85ac9bf2751ae0359cca1d0c7866c2be8025518bef9015,14280,874890bf5cd4dfd43b24d9e41c8a46424a0812ba,yes,c,921,"NA",NA
netpbm,2:11.01.00-2,netpbm-free,amd64,netpbm__yuvsplittoppm,8c6f5b2a04bff4d14e1c10cc15b0a8caddc209427b0f1a4356c327926dc9179b,14280,b5790a2180ab2647d94afc1c6ad75a8a21dcdf8a,yes,c,2402,"NA",NA
netpbm,2:11.01.00-2,netpbm-free,amd64,netpbm__yuvtoppm,2d1b45284c3c63627759558f768b6b0bd7cd3167f3d8d360fbe37ade90180262,14280,f91b85c0f1f5e53d13d7a10ad9edbc2ec3939d14,yes,c,1241,"NA",NA
netpbm,2:11.01.00-2,netpbm-free,amd64,netpbm__yuy2topam,4b1822b3477114c77f44e64b02dd6408d053e6751d1b4c41ea557e9147e0863f,14280,6a1a4ac77493c9303b0ffd934a4a08cc21be7d3a,yes,c,1427,"NA",NA
netpbm,2:11.01.00-2,netpbm-free,amd64,netpbm__zeisstopnm,63b849eb34f4f566be4445ecefbec1739acf2e4d9bf16630abc5f2b86bd68b44,14280,c845e7aeac250146483212c5979cc9ec677c76f0,yes,c,1337,"NA",NA
netr,0.1.4-1+b5,rust-netr,amd64,netr__netr,67042412fe72259c873657716f4a22121d95cf4aea02ce7905dd098f2e45ec66,387568,a73b89db76f11c654d747c097fe1d962ec8a41f2,yes,rust,269489,"NA",NA
ninja-build,1.11.1-2~deb12u1,ninja-build,amd64,ninja-build__ninja,cb1f22b33e58fc69c47728e751b6ff6f5a1d78d60f46d734c02076dc90a78b19,310664,fd294c9d7e59062dcdab01a9899ed5fd6a6a29cf,yes,cxx,223057,"NA",NA
nitrocli,0.2.4-2+b4,rust-nitrocli,amd64,nitrocli__nitrocli,37b6681857c4f33f87320e1477d7b5c4144ed76f634a7018b3b46bc5d63a42e1,563728,0cee199e261ac5c649afc25ab2b81248f3bc37e8,yes,rust,374815,"NA",NA
nmap,7.93+dfsg1-1,nmap,amd64,nmap__nmap,2fe7e6e019929c0dbb5e4772f2a619416cc3c7f25f95c27f016405dc744f92f7,2816384,f777d999ba98763d8238093ea3ce79e7c7136160,yes,cxx,751006,"NA",NA
nmap,7.93+dfsg1-1,nmap,amd64,nmap__nping,d63b0379463bc941736c32d08fc00716ef34de11d0fe32b0c0cc4fde94c63603,522848,5a9c91bfc21a17b2526aec2aaaf826bf7dd44579,yes,cxx,305346,"NA",NA
nodejs,18.20.4+dfsg-1~deb12u2,nodejs,amd64,nodejs__node,b57242cfee20571d2e74ababe9c1febed785cf9395b168237060a1d29f77b581,26704,330fe9d8511bdd3a6555cfe0f25bc124f930b5ad,yes,cxx,8195,"NA",NA
ocaml-base,4.13.1-4,ocaml,amd64,ocaml-base__ocamlrun,f7cc5f83290a2d4b3ce63226dba576cbb45d308924f6d9855b5cb9dd894bc8b1,326200,947a4739f5ace053653ab41b4bd6377a6fcc1ee2,yes,c,165123,"NA",NA
ocaml-base,4.13.1-4,ocaml,amd64,ocaml-base__ocamlrund,8f48d66a60afeba77990479a663b61583a5ac7142bbb14fc0f71330710ddd725,366016,3b59e9f0eddf5d65c866d525509efc61782563d2,yes,c,184622,"NA",NA
ocaml-base,4.13.1-4,ocaml,amd64,ocaml-base__ocamlruni,8c063dd8af591b701dfe20e234f3a2ef453c90c00c5f16f38df1fecf72903673,334424,fb38d90eb87dca553b72ab623221c344794472e8,yes,c,169278,"NA",NA
octave,7.3.0-2,octave,amd64,octave__octave,bc4ca44bbc0aef75c8b393dc52b13d0ee4d00f16226de40c7b062783598fe725,37016,3df5bf4548b02bae0443bcc3bb1715a09ee53939,yes,cxx,9430,"NA",NA
octave,7.3.0-2,octave,amd64,octave__octave-cli,111e9b3ce6d2d0195c205ea5de36466455bec6b72b531968038f09ceb4599de1,19024,134ebfe9f4352691c2dcbd0c5f44d73396fe4ee8,yes,cxx,1340,"NA",NA
openshift-imagebuilder,1.2.3+ds1-2+b11,golang-github-openshift-imagebuilder,amd64,openshift-imagebuilder__imagebuilder,0783c657f28c6666adc5069184da0a32b7f212b2b9936cb6efd72d285ed6e417,9462328,d9c621161177b3aec56891ede18110433478c39a,yes,go,4654792,"NA",NA
openssh-client,1:9.2p1-2+deb12u10,openssh,amd64,openssh-client__scp,a99a107986931dbc34cdc5c1386ddbd4e58fb3ae720f0d172adce4ad2ab026f0,273024,4f0931dc3422f7b46b59e964771981c0d444f12f,yes,c,196481,"NA",NA
openssh-client,1:9.2p1-2+deb12u10,openssh,amd64,openssh-client__sftp,485c2b41a1bc1f5613428ac6d1f344b54c1498311aba2ed2176b4cab7595b6ca,289376,53579558b2e6b7077346db65a0b8a6a28b70ec69,yes,c,204065,"NA",NA
openssh-client,1:9.2p1-2+deb12u10,openssh,amd64,openssh-client__ssh,04f2ff5f506a3f332e7adeb1478a4c551ae74acdd328e6fb5c2495664d4064e6,1129504,3be9445395bf770c7db5864b50538bcadefb4071,yes,c,739905,"NA",NA
openssh-client,1:9.2p1-2+deb12u10,openssh,amd64,openssh-client__ssh-add,1e02d3fca3c8d72570c11ded9681dcacd4775a33560786a27c489b9e4388ec06,530880,69dd9aafecb272db028188da16ac05f90cae03ae,yes,c,305169,"NA",NA
openssh-client,1:9.2p1-2+deb12u10,openssh,amd64,openssh-client__ssh-agent,165e70f42cf6a147ae2101fae05a4503791d95ac9de7cca7974577316d963829,485760,e443b12cde6f070228676fff1f4ec62a25ab4b25,yes,c,266353,"NA",NA
openssh-client,1:9.2p1-2+deb12u10,openssh,amd64,openssh-client__ssh-keygen,2843cd46c617cf771c32e6f8a2a11585d83510ec528e3aeff8f7a7f0445420ba,661952,1c492df87c4cfe16924b963cbbf5862c21675426,yes,c,397585,"NA",NA
openssh-client,1:9.2p1-2+deb12u10,openssh,amd64,openssh-client__ssh-keyscan,9475d0851a26a4f494dc7d40240b68b04874543cbd30f54195ff9af055aaf848,637408,4f5e762c84fbfae03ccf42e9e819f0f1f42b0142,yes,c,379825,"NA",NA
openssl,3.0.20-1~deb12u2,openssl,amd64,openssl__openssl,b2eca5aab93387bfd865ba65df16b904458229093a380bf03f391b1e10658304,976136,1dc4f3caf0694dd85a239c30bf918e85db4fa9e5,yes,c,412415,"NA",NA
optipng,0.7.7-2+b1,optipng,amd64,optipng__optipng,d0a5d58f83357cfd6f9a4ee77f399754623d6f660b3aa39968801d8cc75c0698,96448,2679fbf76230ee39e17c93978883f79454acb631,yes,c,51861,"NA",NA
opus-tools,0.2-1+b1,opus-tools,amd64,opus-tools__opusdec,bab6cd8f5b08bfb6091dc02445394b1cf2658f7a7850fc097fe7d933e0f52aea,47856,047904f4f279f232b90a785c3bc7926c8d410c85,yes,c,19491,"NA",NA
opus-tools,0.2-1+b1,opus-tools,amd64,opus-tools__opusenc,6a732e0a95a631f7895532e14f2fe62b2afcde078158deeacde1e9366ac9a1ec,65528,decfc881bc63bb7fe33071bcd4b6b9baf9a9625a,yes,c,25895,"NA",NA
opus-tools,0.2-1+b1,opus-tools,amd64,opus-tools__opusinfo,6de7c8dbf2a520e4237dcf4e854b406107b0488d5de1d2d9603e83d9d03b4fa4,35064,e1e4cc4550deb8bec440b06e6eabe72ff27f1564,yes,c,14245,"NA",NA
passwd,1:4.13+dfsg1-1+deb12u2,shadow,amd64,passwd__chage,f1aced4c56099e77221aa8a408a073a41d971520fd82108bd8e737cad6e7fcd1,80376,94cca0df3035fbc16d3f8f751500f8707649dbaa,yes,c,32126,"NA",NA
passwd,1:4.13+dfsg1-1+deb12u2,shadow,amd64,passwd__chfn,0d91ea5e4961f4b09526e7eba8f1aa7fea53b56290019c656dba29256c860bb4,62672,cd368e65ffa5fb707e2b17d9a28b7ea422caa8ab,yes,c,24190,"NA",NA
passwd,1:4.13+dfsg1-1+deb12u2,shadow,amd64,passwd__chgpasswd,9ef262ef3f0a017c0ee1c11e23481b8a3042eed1138eb1f570ec437fa06834fc,67880,44529bc3808f6431a62b5417e2189d292e918e6f,yes,c,28126,"NA",NA
passwd,1:4.13+dfsg1-1+deb12u2,shadow,amd64,passwd__chpasswd,5b688463c60918e4b8040aa4b4fb21e3a701d297232b96fc41b1308138626844,63856,ba60f71e45ac799e66f33c92e584cdcb3206da14,yes,c,24398,"NA",NA
passwd,1:4.13+dfsg1-1+deb12u2,shadow,amd64,passwd__chsh,e9ea120b0d271feb49f02ad923e8789f51128beb0f41be11f1a0e7e46484bdf0,52880,ae1fd164be86cecfea63bc0188a118bf0b091da4,yes,c,19966,"NA",NA
passwd,1:4.13+dfsg1-1+deb12u2,shadow,amd64,passwd__cppw,29fa0c521708effe4d430b4bc56e15c4668b225163c6cd1e83a03c48bcf1436f,61880,5f6fe721f4dda7dd19fd37b15f1a802e4bb29138,yes,c,24382,"NA",NA
passwd,1:4.13+dfsg1-1+deb12u2,shadow,amd64,passwd__expiry,76ca5abc17ecc1ec50f9716f91b7ec9044bce69431b4fc3f172489b56d41e308,31184,57cae57ada1287ebd4529ac7e3e8f6f42f78359c,yes,c,7585,"NA",NA
passwd,1:4.13+dfsg1-1+deb12u2,shadow,amd64,passwd__gpasswd,f5ddf4ff327b07c2e1109645d35b0f75011d20877c9a0c2c1b0678dd1b8c3879,88496,d74717efb470c7ab2ddbe0ea4ad618008a17168d,yes,c,39710,"NA",NA
passwd,1:4.13+dfsg1-1+deb12u2,shadow,amd64,passwd__groupadd,8261929420f9eb93885df8a8dee887005b72ee0d373141e224722cd5618617c1,101416,e6954d761c3909559affdfc653536e257ed38c30,yes,c,43406,"NA",NA
passwd,1:4.13+dfsg1-1+deb12u2,shadow,amd64,passwd__groupdel,f62198ce039707df321a464d6073538dc8221a96641975d31a3b15c1bf0cb154,88936,bbd5437af074b1f7ae657bebafd5e2a03cec0020,yes,c,38622,"NA",NA
passwd,1:4.13+dfsg1-1+deb12u2,shadow,amd64,passwd__groupmems,5cb82031083ab0429b61978c1378eff875d08ecfd9cf94f608073ec6634b8c0c,67920,331ce450d9e053eb58aa13eef544a04834741e35,yes,c,27118,"NA",NA
passwd,1:4.13+dfsg1-1+deb12u2,shadow,amd64,passwd__groupmod,41ce61cae05c64518f23d0add473f52cf5b9eef7e762ed911ff872ca2fbf798d,101384,9253b4806c0668405e2549fb29457a86d359e493,yes,c,44270,"NA",NA
passwd,1:4.13+dfsg1-1+deb12u2,shadow,amd64,passwd__grpck,e25d7abc5cdde8ac0d5fd3fbae69dcb40d59ad13ca83c580d0cc31a70f8cef43,67888,98967d29d3b56e1f2bdec5dc3260dba4776d147d,yes,c,27294,"NA",NA
passwd,1:4.13+dfsg1-1+deb12u2,shadow,amd64,passwd__grpconv,a5451fdcdb52eb15c8acdf4884392ca28627d6b02f3e3a3e2f5c08eeadb849a4,59536,a3afd1c1f1ecbafc0c4323aefc7911bb64626938,yes,c,23742,"NA",NA
passwd,1:4.13+dfsg1-1+deb12u2,shadow,amd64,passwd__grpunconv,a6fe6400ba37ab4c8389b29b48bdcf188b9a09d1a9a56a6230c95fe5795cf336,59536,837ee53db6c05c5bf947aec8084ccfad961cd7ec,yes,c,23582,"NA",NA
passwd,1:4.13+dfsg1-1+deb12u2,shadow,amd64,passwd__newusers,e8454e7ba6e4a090d873a775ef2d515a24b6ed86ecb417cb13f7688212217f62,105392,5e867e6973970aa99c0d75a17a8f6baf48ec0b86,yes,c,49102,"NA",NA
passwd,1:4.13+dfsg1-1+deb12u2,shadow,amd64,passwd__passwd,d30cd42625b51cb54c49edc5b0b3348d6a438539446af3752a6af10393c4f2d2,68248,3ed869f6188ae548159732f3789c9588fca937c8,yes,c,26462,"NA",NA
passwd,1:4.13+dfsg1-1+deb12u2,shadow,amd64,passwd__pwck,25163b4ca1080eb5a573548fbb5f62786b481ceaefe2c67b1c9982a05e3a401a,59656,154052059889804c1e97c53cd54c6e40592e1fff,yes,c,23422,"NA",NA
passwd,1:4.13+dfsg1-1+deb12u2,shadow,amd64,passwd__pwconv,95367c27c76972671aa9dfe025a2b373d48272c0a71fd2e826f6a0d2498f670a,55432,4f44ad3edbc4cf3e293fc0b75bcc840976539946,yes,c,20382,"NA",NA
passwd,1:4.13+dfsg1-1+deb12u2,shadow,amd64,passwd__pwunconv,a4e837bb694a65137f09e1a58e3e70b9fb04ee7db5216a921be23e858d573e36,55472,993d60966c90dda920c6c215b59d0abda7bb626e,yes,c,19342,"NA",NA
passwd,1:4.13+dfsg1-1+deb12u2,shadow,amd64,passwd__useradd,a4019d514585c2c4b9c6be4bc97e6983d910a41956da428cc744577e72cdc5ff,159536,a7b3297646355122b04e3dfdd28ac8a4c66f1265,yes,c,78766,"NA",NA
passwd,1:4.13+dfsg1-1+deb12u2,shadow,amd64,passwd__userdel,ef801e1dc2f21ec9a75cabf9c385c76f1dca91c87f88cb9335a71248db293743,113608,5de8b409a6e17a152413d0f83327ac32b5675ef8,yes,c,51342,"NA",NA
passwd,1:4.13+dfsg1-1+deb12u2,shadow,amd64,passwd__usermod,a02478978b0e0b2ff259b4d33b3f05c7845e51189929a9dc924d3f5db0967102,147056,76d97b204362a26d3f4648a477343622e7648cae,yes,c,72094,"NA",NA
passwd,1:4.13+dfsg1-1+deb12u2,shadow,amd64,passwd__vipw,def13298eae570eefb09dfd9fa5e56c56859df8d11b6d5b069c35b803e546f16,74384,7887e51342784b1df879750db3c48d4cc5b6286f,yes,c,27902,"NA",NA
patch,2.7.6-7,patch,amd64,patch__patch,d3368d14b82016093f96e9d23addc988dfbeb7e695053c5a4090503f25f11310,191936,24e398c33a0bf7163eb762d633acc0d6fef6ed4b,yes,c,123377,"NA",NA
pciutils,1:3.9.0-4,pciutils,amd64,pciutils__lspci,66340980ebe1126b4f4fd574c8a16df1bd4b277ff46ebb97de896f73d9c300ce,106536,921cf20cd26308fb6870e0e68973766f57367efa,yes,c,56424,"NA",NA
pciutils,1:3.9.0-4,pciutils,amd64,pciutils__setpci,e53df98c9330cf7c8bf3de4b2b4da3eae99eba4f7d3a165d1afed3da42f4861a,31040,1e1c53d2d5e3d0fbad4891b8321d80c68a7fe13c,yes,c,6680,"NA",NA
peg-go,1.0.0-5+b21,golang-github-pointlander-peg,amd64,peg-go__peg-go,65f11d1bf4dbee34e36583678bb1b99e85d9ac87f33c6b95e63fc5fd9d2f6341,3055992,NA,yes,go,1492113,"NA",NA
perl-base,5.36.0-7+deb12u3,perl,amd64,perl-base__perl,f01fa7776dc21c9e4b5f60b2d231ca4d96dab958b8d06aff611cb1c16f871574,3804464,2dbb28e09af23ebb5ff43463da085565f0f4af58,yes,c,1650636,"NA",NA
pleaser,0.5.3-2,rust-pleaser,amd64,pleaser__please,d016531fe51dfe86ce5c4c71b830589b03aecea2c62b15cf0006ae90ca0d1701,1931960,5c8d5a2d6ba18408bf6b043e01ff96eb7f741eff,yes,rust,1027876,"NA",NA
pleaser,0.5.3-2,rust-pleaser,amd64,pleaser__pleaseedit,3b08ad3a8174b32421b37f14284d6445fe6a92b37920fe05d9bc09af7e71ff61,1993424,5f1bddf94a4fb1abe0a2b66d6a68ee9b6696abc9,yes,rust,1070796,"NA",NA
podman-toolbox,0.0.99.3+git20230118+446d7bfdef6a-2,golang-github-containers-toolbox,amd64,podman-toolbox__toolbox,e8889930f8b0b036b1ebfd9b486e05507d92eac76231aa09d148e21ce483ca8f,6919992,1693d929242612f2f8019a72d596a6f8cae3201d,yes,go,3384723,"NA",NA
podman,4.3.1+ds1-8+deb12u1+b3,libpod,amd64,podman__podman,bdf7104deaf735d54ef7de499db293abfc09ed7dc8efa48b60519a32dcceeccc,32969312,0e3835b7c5a7ab386fb021e7000ce875cf429c9d,yes,go,16346218,"NA",NA
poppler-utils,22.12.0-2+deb12u2,poppler,amd64,poppler-utils__pdfattach,8379a899fc225fdd6ce734f2bf6918691f93bb949b14cb3861c524712956560e,18752,7694df02701bec0667741a36310a6463f1a0e0c5,yes,cxx,3203,"NA",NA
poppler-utils,22.12.0-2+deb12u2,poppler,amd64,poppler-utils__pdfdetach,b744b83b1d17a25a506e21e9a8469fbf2ef0ba188ca41ba2c34866082ed4c5f9,27056,d8c97fd5ff331a3a6820377a7812feabf6c6928a,yes,cxx,6146,"NA",NA
poppler-utils,22.12.0-2+deb12u2,poppler,amd64,poppler-utils__pdffonts,b4d32c70e78578bd379b3b91e910a188145b59bbcc975e28362b7922d7bbeeb4,22968,67a87123c6e290b395fae18315e5d2c101189d75,yes,cxx,4067,"NA",NA
poppler-utils,22.12.0-2+deb12u2,poppler,amd64,poppler-utils__pdfimages,ccd28ad29f48dbc0f670842d2efcbab5087c93a72f87ecd7815af5418e8cd450,43448,5f18c92ee17388a2f84419eca4a1f996eb0dae1f,yes,cxx,14400,"NA",NA
poppler-utils,22.12.0-2+deb12u2,poppler,amd64,poppler-utils__pdfinfo,4aa5fe4f3e1c83f9bddd3d5cf611de4cea65285df8edb8dbba1dd312d1fb0f18,63928,7467aaebe076ad67f7229e9b74dc9399e6193d79,yes,cxx,33491,"NA",NA
poppler-utils,22.12.0-2+deb12u2,poppler,amd64,poppler-utils__pdfseparate,92e1b385baf802ada74fe27f2e98c1ee9ccf6fa143abbb4db730d5257780ee61,22848,3e895c45a132fde89210262618ae691ba93c3842,yes,cxx,3907,"NA",NA
poppler-utils,22.12.0-2+deb12u2,poppler,amd64,poppler-utils__pdfsig,4e54aad63c748906244589a33183073f3faac735b7fc171fce710916629a70f3,35536,18568897f60b4993e8f3994f2b348d654fe8393b,yes,cxx,10126,"NA",NA
poppler-utils,22.12.0-2+deb12u2,poppler,amd64,poppler-utils__pdftocairo,d303fc4058911112cb49be76b125e79f98d42003c428606d24e123bbaed326f3,158104,ab90ecfdb8f80a5507d70a350a65956cac23e8f7,yes,cxx,80491,"NA",NA
poppler-utils,22.12.0-2+deb12u2,poppler,amd64,poppler-utils__pdftohtml,5729cbb45287b7d505a02eff9cb77c6074389ca0a46efe2e491ce94e308f34bc,121176,d7b8cb4d11157711b2a349bf2814c9c73f898096,yes,cxx,60527,"NA",NA
poppler-utils,22.12.0-2+deb12u2,poppler,amd64,poppler-utils__pdftoppm,e2fbea663fe3e8f42943b010eb1885f66b87b3b49a175b43dfc9baa406d665f9,35168,b4d3dcbb3a49d3288750b67a45a35dd1770c562e,yes,cxx,10515,"NA",NA
poppler-utils,22.12.0-2+deb12u2,poppler,amd64,poppler-utils__pdftops,c76c52de992836ed8bd71d905be6c7674f1f14a6d7c9f1b3d8dd600896e4b665,39360,64b3e268dd1f1d77aa2bef3a3241279e62966d5f,yes,cxx,8995,"NA",NA
poppler-utils,22.12.0-2+deb12u2,poppler,amd64,poppler-utils__pdftotext,fc66428c317090606e4bc03e9862d3fb1ae08720fe122c48ed25ef282af383c3,51648,b85ae9cd5259cbad1729a0aea4391e08415db70e,yes,cxx,20371,"NA",NA
poppler-utils,22.12.0-2+deb12u2,poppler,amd64,poppler-utils__pdfunite,78153dd6bf8934b9b0dabe3eb2db2e749f5b49fd9d5971d4cd022cb6091006c3,31040,07bd78d321a205bac805f38081430da4aae80e07,yes,cxx,14728,"NA",NA
postgresql-client-15,15.18-0+deb12u1,postgresql-15,amd64,postgresql-client-15__clusterdb,a5287dbfb289ac76107f50c42a8e2c274040cacb82361970830c5c47a57aa42a,101120,817586bf9d25a57cd0590aa4923b9b25db84c126,yes,c,45019,"NA",NA
postgresql-client-15,15.18-0+deb12u1,postgresql-15,amd64,postgresql-client-15__createdb,12f9fc70edc6297e88414dad4eb1b72620ccf777addcefd643c7024acebd15c6,113568,8bfc593eef5e68d37c55122df7c16b1864e77edf,yes,c,45451,"NA",NA
postgresql-client-15,15.18-0+deb12u1,postgresql-15,amd64,postgresql-client-15__createuser,6918a2faf128a7a55cb620a33953c801005c9180c1e9276378d727a029713f8d,105568,74b47d7e6d261839b6938bbb28b23a841594195b,yes,c,46107,"NA",NA
postgresql-client-15,15.18-0+deb12u1,postgresql-15,amd64,postgresql-client-15__dropdb,28f7e94f8adf508db739fc7b59be219fbaa8bdc03c2fc38e4a13f5fe2f09d515,101056,067362d27f24358bec901dad2a0bd0a42f4b36a4,yes,c,43515,"NA",NA
postgresql-client-15,15.18-0+deb12u1,postgresql-15,amd64,postgresql-client-15__dropuser,96ec9979baf16cb95d20429d3ff96f0b5353748ca13b5acd7de73d101aca7c09,96896,ee44115ec0cdffe9a9909d213738c664ac69d42e,yes,c,43323,"NA",NA
postgresql-client-15,15.18-0+deb12u1,postgresql-15,amd64,postgresql-client-15__pg_amcheck,ecfb132069056815889787b002713892d4a07bb7fd3ebe34bffa2ccdf712cf56,134656,2916d08362c32afdd93ab2bec781ff7877804b2f,yes,c,57931,"NA",NA
postgresql-client-15,15.18-0+deb12u1,postgresql-15,amd64,postgresql-client-15__pg_basebackup,eb323f19109894d32466f1ec991ed7848b0ac55ba0a94844db933a5e3c8302ed,179672,5a637cfaa53db6d3634b6cbe1c5a8658d785689c,yes,c,92318,"NA",NA
postgresql-client-15,15.18-0+deb12u1,postgresql-15,amd64,postgresql-client-15__pg_config,4c340289cf127e7b1231e9b54966512093a5638c365a584908d1bc7f9369a9cb,51520,f91a813a8e93e6ee72df265909584c83743a5a07,yes,c,21051,"NA",NA
postgresql-client-15,15.18-0+deb12u1,postgresql-15,amd64,postgresql-client-15__pg_dump,232212ac72ba0703357811b4752ba64e9bb25e652d4e35ced7f8685184b9d271,438624,5badc5cba9df4f0ff5b7f101f2e75587914ebd9d,yes,c,267403,"NA",NA
postgresql-client-15,15.18-0+deb12u1,postgresql-15,amd64,postgresql-client-15__pg_dumpall,cbb9666944298646f6befc6bf987d3a2ca3e7f6a252f208e39bd4c92cb5b74c3,143208,76ad7c6b7ac56d7be89897c0bad730155ddcb043,yes,c,63147,"NA",NA
postgresql-client-15,15.18-0+deb12u1,postgresql-15,amd64,postgresql-client-15__pg_isready,10eb7d79ccd8dae33adfc100ed2a6a93da48f3a208dc478303db270d95e0f5b5,96832,a2569087c5550cb49582e8eec128867562cafe1b,yes,c,42875,"NA",NA
postgresql-client-15,15.18-0+deb12u1,postgresql-15,amd64,postgresql-client-15__pg_receivewal,b694f57b59917b6046f35e217a4dce1546d963ac9fb9d728240887e73c7c9e9b,101304,c91165825b74c6b8c3b423c4cf6149c146c395eb,yes,c,55790,"NA",NA
postgresql-client-15,15.18-0+deb12u1,postgresql-15,amd64,postgresql-client-15__pg_recvlogical,a7533e330d71eb848f0d905fc231103e2278d2b01f69313e8660ad1d5288cea0,97344,0c33330063fb7495e51af599c508c8411b3b91e5,yes,c,54222,"NA",NA
postgresql-client-15,15.18-0+deb12u1,postgresql-15,amd64,postgresql-client-15__pg_restore,8659b62250a0e700e940f3d35bd79fbc56d159fb068fa9965a357342f191a178,212736,7daa3c33f6e761b46aae560abc337d395ff5bbf5,yes,c,115659,"NA",NA
postgresql-client-15,15.18-0+deb12u1,postgresql-15,amd64,postgresql-client-15__pg_verifybackup,b36bfd6280985a15cd6200688593fd3c77ec8b575639902c65ce3966113213b6,109144,f3732f436afa0b73396a5eb0a711e733883025d3,yes,c,49668,"NA",NA
postgresql-client-15,15.18-0+deb12u1,postgresql-15,amd64,postgresql-client-15__psql,f79699639336f0ed369158e9e4085929d943427e25393725ae28f1f4d95690c4,790048,4af219ac90d1406c2f17761d26dd56371d1c1797,yes,c,389598,"NA",NA
postgresql-client-15,15.18-0+deb12u1,postgresql-15,amd64,postgresql-client-15__reindexdb,4aa7f6056db99a868a2ada8309b365a15e379bd7c43803ffeb0290836591c9f0,109504,3275310f1a68661c385fcd9ff502b4adcc2f50c3,yes,c,50187,"NA",NA
postgresql-client-15,15.18-0+deb12u1,postgresql-15,amd64,postgresql-client-15__vacuumdb,1d1fe1b6bbeac66f0f668b165176cf5ed6ff942adce8a9891497c1da0ab3b45d,109792,d0a721d54a1b33b6ffb1140115052295c1bf3d6b,yes,c,51419,"NA",NA
process-viewer,0.4.12-2+b2,rust-process-viewer,amd64,process-viewer__process_viewer,85812998dfc1ba94fa4b3fa2e822734bfed8b24554d8d0ffd3e1f19ca93167c5,1452592,c79b90259f799c6b7653eab61d785364e2015ff2,yes,rust,944433,"NA",NA
procps,2:4.0.2-3,procps,amd64,procps__free,c8d08d0fc72b20d0b423ff0700a999ba2cf60dd00e5f066552729941fde1b7a4,26936,ba843e11378070a0ca6f7d80273fc20573c7a362,yes,c,6542,"NA",NA
procps,2:4.0.2-3,procps,amd64,procps__kill,a8a91d026a8b8e49685ab9e83bdbb37d3b20f3949ed8e6c97e34e66c0dc54b83,22840,c4a070b56cebc3abd8ca5aca88c745c04200b4be,yes,c,4272,"NA",NA
procps,2:4.0.2-3,procps,amd64,procps__pgrep,30f31da8ba0660d6875fcfe48924bdf908c28c944e543728379623ad4691fe44,35248,89b5bcf7eef5d73fec3c3155426766e076b5b3e0,yes,c,11182,"NA",NA
procps,2:4.0.2-3,procps,amd64,procps__pmap,6098ee3e84ee009c9b0b41fcc24843f19f681c40390d87b255f69a1716abda5c,35160,7934ac0f97f362460ac32cbeecd1d3851a568102,yes,c,12990,"NA",NA
procps,2:4.0.2-3,procps,amd64,procps__ps,b2a1f7b6ae39ca71cf915d9553877df8f65e1b5ee39c4c269ee3c0d0bb282546,146360,06d2ac10ac8ccbb257d811363fb2fee92c77872d,yes,c,63374,"NA",NA
procps,2:4.0.2-3,procps,amd64,procps__pwdx,d84044f37b8c7e719cf5610dceccec616581cebb1ca9a05d86b18e4f6775ca03,14648,a00a57521f483fc2e02ad439a7f22315a464402e,yes,c,1614,"NA",NA
procps,2:4.0.2-3,procps,amd64,procps__skill,301769f59319a1d9b1f497f756456e0c9aff47c846152b06eabc06a5a543daf8,31056,5e9f73f8066845da821e01ebd82ed1424a1f471d,yes,c,8000,"NA",NA
procps,2:4.0.2-3,procps,amd64,procps__slabtop,5770e17d99f4a06a11506ad7710b178202fe240e53dd5f0f9a19f45e11dfb305,22904,8d42b27190afd036d92e4152dbcc3ba4f88efa2b,yes,c,5198,"NA",NA
procps,2:4.0.2-3,procps,amd64,procps__sysctl,f4860f0aaa2ccabdc359e23ac2b984c15dbd89e90e62a4332acb85dc7df0821e,31040,5f581a40fcca642b36a61a4f7c52af547d440a22,yes,c,9694,"NA",NA
procps,2:4.0.2-3,procps,amd64,procps__tload,8de267ed859701cdd45ca34133e27aa309239da00844abf3a67ef224f9ec39f3,18760,12200f469eb4c309c3ec1563b307a32cea406dd8,yes,c,3390,"NA",NA
procps,2:4.0.2-3,procps,amd64,procps__top,d91eff903b36c15aee189efb6f4bb806cda308a1738b5f6bca1961ab09a9eec1,134736,05e91b121365a18862f17aced76a78c5dfd44f82,yes,c,78558,"NA",NA
procps,2:4.0.2-3,procps,amd64,procps__uptime,f22685e10934975b5552e1d2e7cd8726fd9abc5c71ede867264e4a0e7532b02e,14648,7877d13fac2b1e4532b5d85b6c29398b146fdfe5,yes,c,1422,"NA",NA
procps,2:4.0.2-3,procps,amd64,procps__vmstat,3e641cda76fd79873d630c5010575446c054f47ce5e38e53606347eae5fd1697,35552,13457cb742111759d609c82ca0957f386f737727,yes,c,15422,"NA",NA
procps,2:4.0.2-3,procps,amd64,procps__w,79a5db64fa15b8c9db7c5a24ee3404392f5d1d06e6266d9f20797b90b295f67d,22840,182fd8299e81ee5afb1a2c7a9c65fb193fa0796d,yes,c,5950,"NA",NA
procps,2:4.0.2-3,procps,amd64,procps__watch,b715a94cafd3be91900af486cf3c7cfe9c1228b8dc036b7c0cc63d582fe38661,27352,814b9484bcde0a9835347de334b9460126e96cdc,yes,c,9102,"NA",NA
prometheus-alertmanager,0.25.0-1+b4,prometheus-alertmanager,amd64,prometheus-alertmanager__amtool,4717e3c2f4599652d3ca2874a517b32af625b0ff9603add38709bca8f5fe0873,18966776,4d3fef9c6348c836e4ab1e1592cb265ea413b147,yes,go,8470579,"NA",NA
prometheus-alertmanager,0.25.0-1+b4,prometheus-alertmanager,amd64,prometheus-alertmanager__prometheus-alertmanager,bb091e400f8a61b775cbcc7e45856f9f8c0e2b4423daa0dbab58a49fbe4bb5fc,24255320,08b2819d511c54e574256d501e37539b27b76e06,yes,go,11145861,"NA",NA
prometheus-blackbox-exporter,0.23.0-4+b4,prometheus-blackbox-exporter,amd64,prometheus-blackbox-exporter__prometheus-blackbox-exporter,65215ea258cd6ced867258e7a378b810851f9338a19e9079eee9fe5e0eccb260,14089664,f22ced213dfc290bb0709900843c60047934702d,yes,go,6711827,"NA",NA
prometheus-node-exporter,1.5.0-1+b6,prometheus-node-exporter,amd64,prometheus-node-exporter__prometheus-node-exporter,67155e19b20caafc09c92e4dcddd74ae264c634b49f04791597ff81388bd2e91,13703864,a716f34137cb795cb9fedd7d0b62954ad8843db0,yes,go,6670899,"NA",NA
prometheus-pushgateway,1.5.1-2+b5,prometheus-pushgateway,amd64,prometheus-pushgateway__prometheus-pushgateway,9a28ed081679fa501539b3e09694222fcc02dece0c550fe317a159930beb4aa8,11017080,554a1da800a6c2509321d2f3a7047b7d4e964e6c,yes,go,5296083,"NA",NA
prometheus,2.42.0+ds-5+deb12u1,prometheus,amd64,prometheus__prometheus,814f078f68af9ad7b644fd25299211399c8f19ad9adf8b0a1b86a3bd9755baa0,49921048,7c70e08457648609a728f201858408269834e0eb,yes,go,22153093,"NA",NA
prometheus,2.42.0+ds-5+deb12u1,prometheus,amd64,prometheus__promtool,14d9c8acdc5d1321dc2092400111c586f09ac350f23f2383d1679b2bf256e583,48133528,7e846699cdf3da111786f4de50d137ddf6d06531,yes,go,21254883,"NA",NA
protobuf-codegen,2.27.1-1+b2,rust-protobuf-codegen,amd64,protobuf-codegen__protobuf-bin-gen-rust-do-not-use,babc81a630232d278ecdcda75cd5020299f60c158ee48c034ef2dbfff28a9eca,1690256,06c8536839efc0bab75aa43916846450f9c0c6ba,yes,rust,1092497,"NA",NA
protobuf-codegen,2.27.1-1+b2,rust-protobuf-codegen,amd64,protobuf-codegen__protoc-gen-rust,6040e80018638e9644e2d8824e4283c4878a469d80aedc973092afc85a5dfbea,1837712,150d40f9df3b19b33ed4d46a4de92245039738bb,yes,rust,1183233,"NA",NA
protobuf-compiler,3.21.12-3+deb12u1,protobuf,amd64,protobuf-compiler__protoc,7f5fabcc8fbcb1c65f08c37b263e6faf6bdcef9d0d95f34220cc13b28a7af813,23072,b66abfb8398f7aaaba1b22c30f00a16df24c99db,yes,cxx,4371,"NA",NA
protoc-gen-go-1-3,1.3.5-4+b3,golang-github-golang-protobuf-1-3,amd64,protoc-gen-go-1-3__protoc-gen-go,0c20ade233ad0d88c6c9915b1696f67e2e2d6ff8eadaa6bf06b9a696d22d9e75,3761528,NA,yes,go,1808357,"NA",NA
protoc-gen-go-1-5,1.5.2-3+b4,golang-github-golang-protobuf-1-5,amd64,protoc-gen-go-1-5__protoc-gen-go,d47e56a5d268a35834e29c7ee8646deac411e171a827add37c5031bb51e5b2c6,6037944,NA,yes,go,2989548,"NA",NA
protoc-gen-go-grpc,1.33.3-2+b4,golang-google-grpc,amd64,protoc-gen-go-grpc__protoc-gen-go-grpc,4335acef9011e827754eeedd0ce182ca333cc60b6f3a5b2b1fba7775967125eb,5849048,NA,yes,go,2871724,"NA",NA
protoc-gen-go,1.28.1-3+b2,golang-google-protobuf,amd64,protoc-gen-go__protoc-gen-go,46f2b0fe56c02009f0b9fef3bfed045c58ecb9db407f8f76a5b69d7e9a59172c,6005112,NA,yes,go,2962668,"NA",NA
protoc-gen-yarpc,0.0.1-2+b4,golang-github-influxdata-yarpc,amd64,protoc-gen-yarpc__protoc-gen-yarpc,087adf03fb20e027b8c2593b28cfe8e57370a7639f7053f57195da07a91275d9,5977912,NA,yes,go,2934385,"NA",NA
proton-caller,3.1.2-1,rust-proton-call,amd64,proton-caller__proton-call,8381ea28bbf6f87f12373c15eea036a7aa846edcc994ea8f1efa09d7f0557f0a,547328,3a7a5a5cdb1907eaadbb756b2babbc0d39b99831,yes,rust,375345,"NA",NA
psmisc,23.6-1,psmisc,amd64,psmisc__fuser,6488f2631a403f4dd1a2f27c69e59f1012fc8be675e8c9c1015af2df8c75b8b3,40784,a143f0c79ef7cd8ef6d10aa07618da905505d917,yes,c,17678,"NA",NA
psmisc,23.6-1,psmisc,amd64,psmisc__killall,df97b9efab692f05867c0749649af61c90299263a4ce3cb240e4f0ec33457990,32720,ebd3d126a9397cb816d79b466d15d831ba9dda49,yes,c,8037,"NA",NA
psmisc,23.6-1,psmisc,amd64,psmisc__peekfd,9468ceff7861e31e29333b01890c87487ec8863ee16d6cdb79c26edc7f15a75d,14848,222439e7b020685d5aa54270b2ec1995c3c0d1bf,yes,c,2718,"NA",NA
psmisc,23.6-1,psmisc,amd64,psmisc__prtstat,c8f7b5f6df7fec00a79d1e33b18e8c004436ec9a0275a062894b3775e86122f1,19016,f9b9071011e49643a3f00bae29e0d1a824c637a2,yes,c,4431,"NA",NA
psmisc,23.6-1,psmisc,amd64,psmisc__pslog,79f2eb82f85ea3fe4874db4fa596f334a1e715d6c84fdcb2c1193ad02c5493bc,14792,d1520f583e7d6fc380bbe23ad5b3997b6a103a23,yes,c,1123,"NA",NA
psmisc,23.6-1,psmisc,amd64,psmisc__pstree,f29177921b327ae8cf06740ffa079da7b58f877f6a3dc593beb31f8036a54da2,36640,d0e324dcbaacc31657cd38216a93aa84e6a0e347,yes,c,12378,"NA",NA
pulldown-cmark,0.9.2-1+b2,rust-pulldown-cmark,amd64,pulldown-cmark__pulldown-cmark,319810a0e4bfe0fef6e547b326b34badf07db428da7a50f5d52d3c3b140ebad6,780792,04b278900d25fa4beb19a0b3aa29c62ee085a4b5,yes,c,412897,"NA",NA
qbittorrent-nox,4.5.2-3+deb12u1,qbittorrent,amd64,qbittorrent-nox__qbittorrent-nox,35dd2aa6c6804ebc2bf89b75b13a81300058fd724283a79371fda076296e109a,9608768,7fc7e253bb1503eb176e0513c8af0239bcb2b8d4,yes,cxx,1810272,"NA",NA
qtbase5-dev-tools,5.15.8+dfsg-11+deb12u3,qtbase-opensource-src,amd64,qtbase5-dev-tools__moc,fc4e8e5b84e82c7fcf2474b11970a1d730fa0770ad55b423ae97dd9b5288b5b8,937152,07fa90568c5b97c80bf7a946964288469a11ec35,yes,cxx,511358,"NA",NA
qtbase5-dev-tools,5.15.8+dfsg-11+deb12u3,qtbase-opensource-src,amd64,qtbase5-dev-tools__qdbuscpp2xml,9c4aa586b83d273c19ea58949bd440f9e9f0db9de93d9ce8b6361b633d85435d,298904,e869d9b1fd6e54171437084c455bfca964dff7fa,yes,cxx,204056,"NA",NA
qtbase5-dev-tools,5.15.8+dfsg-11+deb12u3,qtbase-opensource-src,amd64,qtbase5-dev-tools__qdbusxml2cpp,735edba2c4270107c65a037f82c32fce76bb852c33ea8179f82bc0a108ece4c5,77080,8c2f9f44f308b4a4d592b1f6bd36b0821dd9279f,yes,cxx,46870,"NA",NA
qtbase5-dev-tools,5.15.8+dfsg-11+deb12u3,qtbase-opensource-src,amd64,qtbase5-dev-tools__qlalr,06ca9d646596ea4c541e1f82b6db5b9930482705e527c1958105d768fa38c339,138352,3bddf1fc396416e15d77e86521bd4be5ea559cbe,yes,cxx,98684,"NA",NA
qtbase5-dev-tools,5.15.8+dfsg-11+deb12u3,qtbase-opensource-src,amd64,qtbase5-dev-tools__qvkgen,888a525a019a09b88e214c635a1f6fde3ebfc39d647bda33cc992f78c3f31700,39720,8e4d6ad6ad9245a024c1528429c9f1de9d3856df,yes,cxx,18004,"NA",NA
qtbase5-dev-tools,5.15.8+dfsg-11+deb12u3,qtbase-opensource-src,amd64,qtbase5-dev-tools__rcc,04461fbcd0c09aeaa6444c22bdd9a73df5d429ad2179f7815495acb71d0d36f2,847072,148a66183db5e4f0fcae804f6eb2ae21dc5c3868,yes,cxx,394734,"NA",NA
qtbase5-dev-tools,5.15.8+dfsg-11+deb12u3,qtbase-opensource-src,amd64,qtbase5-dev-tools__tracegen,24efa14892dd78eb66a8bad132f07be9bc4cbe117b5c020042906c8c80e55489,597152,737841152e538c2654ccd455c0ee1e885a7c8e2d,yes,cxx,259742,"NA",NA
qtbase5-dev-tools,5.15.8+dfsg-11+deb12u3,qtbase-opensource-src,amd64,qtbase5-dev-tools__uic,ce3e964804339adb44c31cfabe366c9a164dda886f5eb9c579654b840111483d,569480,1cdf32b5ba96973c428723bf7babe7bd45618d30,yes,cxx,316300,"NA",NA
qttools5-dev-tools,5.15.8-2,qttools-opensource-src,amd64,qttools5-dev-tools__designer,7ad879f23d587ce1cd7561808e9f0976e8c37fc486e60fa54b56c514e7120f8b,499720,b00d746aa3951aa99ec7b57c5b6f194cc0a3ad70,yes,cxx,245717,"NA",NA
qttools5-dev-tools,5.15.8-2,qttools-opensource-src,amd64,qttools5-dev-tools__lconvert,1ad00bde159b27f72ab636d9c2e3ab0cd755f7b0d07ea2e08ec803e7de180e79,282904,565c2a1b9678676a961d5ed472af705fc3d48df8,yes,cxx,209430,"NA",NA
qttools5-dev-tools,5.15.8-2,qttools-opensource-src,amd64,qttools5-dev-tools__linguist,bce38920db710f88f6306aa4005038e67e129b63ad5af8cc36c87d2f31125aa8,1359280,a1cf660361e2fa2909198a0d4b8e2cf21af1f6ff,yes,cxx,837935,"NA",NA
qttools5-dev-tools,5.15.8-2,qttools-opensource-src,amd64,qttools5-dev-tools__lprodump,708e9eed07ee1e2523a520fb0558868b58eb04db20f79f4296a2090b7920e1ab,295544,54da96a8dda9b10d994e7da1ba551ee197294f0b,yes,cxx,208917,"NA",NA
qttools5-dev-tools,5.15.8-2,qttools-opensource-src,amd64,qttools5-dev-tools__lrelease,a8bb4215fb4330fd8a19401217f9ae0172855a49e9c8e04b5cc912017c1318c2,311896,c028eb06d8fd769b4c1e7deec70a228341b227bc,yes,cxx,229446,"NA",NA
qttools5-dev-tools,5.15.8-2,qttools-opensource-src,amd64,qttools5-dev-tools__lrelease-pro,e0492560a951f909a608cffec06b798c83ae56702bc0bdecc32fb1c9e30212d2,27424,d8c6373d7b4a20cdb3515c11c49dbf7654567edd,yes,cxx,8445,"NA",NA
qttools5-dev-tools,5.15.8-2,qttools-opensource-src,amd64,qttools5-dev-tools__lupdate,8c9ed43d5227e112fadd58133dbf972a5161556316c4fd856a40c775c0b30a25,848960,5cd955a0f6be791db531459237207c3d9f8fb178,yes,cxx,558376,"NA",NA
qttools5-dev-tools,5.15.8-2,qttools-opensource-src,amd64,qttools5-dev-tools__lupdate-pro,7162c7f9e60211ef5f908cb863d0e63c775febb68f2e64f085d0c6dd251a4049,23304,d733d1cf22524872ef38c51fda87d4f94f8b50b9,yes,cxx,6381,"NA",NA
qttools5-dev-tools,5.15.8-2,qttools-opensource-src,amd64,qttools5-dev-tools__pixeltool,3c20530ea941c40997fffe4776b79df91cfad84fd93d4b5d7cd356a6d4f8521c,65560,657fcfd4dbd88ad5d3406dcc24157566ac5365ae,yes,cxx,22951,"NA",NA
qttools5-dev-tools,5.15.8-2,qttools-opensource-src,amd64,qttools5-dev-tools__qcollectiongenerator,d813be9ee493ff2a926d492b04985481990501f5d1f832f093f7aaf053eee716,14720,9f8ee8181a23343034fa15ef91eb5527868efca1,yes,c,553,"NA",NA
qttools5-dev-tools,5.15.8-2,qttools-opensource-src,amd64,qttools5-dev-tools__qdbusviewer,3ff72f17fc0e15c3e5f0fb886bc98ff9f6b33f5e430672d08bec07f9a4ff0834,143944,3c3a262ad92071d901a12e74a38387fa060068e7,yes,cxx,49130,"NA",NA
qttools5-dev-tools,5.15.8-2,qttools-opensource-src,amd64,qttools5-dev-tools__qdistancefieldgenerator,d0d898477d8583498a22e4432a29376b96f1175622c420c61451d7f2f2839f10,127488,9012023627f7ea3b968a7ebb183487138ed01485,yes,cxx,54578,"NA",NA
qttools5-dev-tools,5.15.8-2,qttools-opensource-src,amd64,qttools5-dev-tools__qtdiag,e2ed9dd6059be72b22ada041ec976af877d420667145605868143e47ee7f28b2,83048,4abef2d092664679d13bd9a6947754af1f4f2403,yes,cxx,33328,"NA",NA
qttools5-dev-tools,5.15.8-2,qttools-opensource-src,amd64,qttools5-dev-tools__qtpaths,46873e9355c6839cb93065fb5aecd260766db238a6fd6945cd0ec3ed366e673b,31560,cd2ce7d8c91f6890bbc1256a5d678102147c0d3b,yes,cxx,9541,"NA",NA
qttools5-dev-tools,5.15.8-2,qttools-opensource-src,amd64,qttools5-dev-tools__qtplugininfo,33760744f0b439d9e1698e5ad2db7a3557f15761d55590fdb15e4479b78534ee,23424,e858485920a2e095fb68ae9f9baf038426005abe,yes,cxx,6006,"NA",NA
rav1e,0.5.1-6,rust-rav1e,amd64,rav1e__rav1e,58efae22ea0caa822ba65d03a963eb393f08f5a4529dd7d4084b7359b6a0b8d7,3951136,00b965c090b8baef027bee13f9686f6c8993c872,yes,rust,2896244,"NA",NA
rclone,1.60.1+dfsg-2+b5,rclone,amd64,rclone__rclone,f6eceb9f7d680e079093cde0a3bcb430ae379f99269ead1f372dbacde604473c,54298640,ca62f768b46c5e6107fa33899b7f6dc1f47e3195,yes,go,20111400,"NA",NA
redis-tools,5:7.0.15-1~deb12u7,redis,amd64,redis-tools__redis-benchmark,45ca0f3dab87d0205c5c7b503ee40fd6020e736f49358fb9f7c6afcf04311123,756360,d828d8f24913559446444f35d0531598df1de557,yes,c,103489,"NA",NA
redis-tools,5:7.0.15-1~deb12u7,redis,amd64,redis-tools__redis-check-aof,1b6d19a9157e26922e7e9aa5e34222cdc72accf80ac72295577ca5f758a40ba3,2387088,b2bcad6d23563e10222dc42e7a9b0e07f5c56033,yes,c,1137553,"NA",NA
redis-tools,5:7.0.15-1~deb12u7,redis,amd64,redis-tools__redis-cli,5967c942839e89b258ee4d9b8a27dd65c873d9be0af3d3977d62ad75a9fa7dcd,375056,51b393b724ce8d8c97b7b69923d5b1d28546facf,yes,c,178846,"NA",NA
resource-proof,1.0.39-5,rust-resource-proof,amd64,resource-proof__resource_proof,db30f0965f066f8aab4b2c561906db06bed6af8e62bb52c7c8ccdf2d66ba2b6c,911856,d8c116c8210c2e6a8d48e7a0a950d46674461530,yes,rust,662193,"NA",NA
restic,0.14.0-1+b5,restic,amd64,restic__restic,35544a6a4af659c2d8e0834b8cf2a937e69bf4b1590d92a16695690eeb8314c8,18829848,0f4e9855978400dd3c35d79150e0829996680ad8,yes,go,9104835,"NA",NA
ripasso-cursive,0.6.1-2,rust-ripasso-cursive,amd64,ripasso-cursive__ripasso-cursive,646936a8c05761db3766883d94f8d6863ebc78b7512b0e6976c4d08e1b7dbd9f,10915360,6bb8da4c15e806cced34477ad9dcebc8000edf14,yes,c,6152940,"NA",NA
ripgrep,13.0.0-4+b2,rust-ripgrep,amd64,ripgrep__rg,a1c942be0be0c5637ac5a080dcad4b05e9fc9d61aef36b119bad86a4c68f2987,4566560,22879e25c9f595712e40d7d0ec7c4547cff130b8,yes,c,2829233,"NA",NA
ripper,0.0~git20150415.0.bd1a682-3+b19,golang-github-odeke-em-ripper,amd64,ripper__ripper,eeecbc30881d2ac48b2cc6b7099751b54cb7a1cd2f78e0a248e144de52ffa88c,1447512,NA,yes,go,656508,"NA",NA
rsync,3.2.7-1+deb12u6,rsync,amd64,rsync__rsync,8ceb40e530db427676a435cc48042c9b3ea625fbaa57c433b73ccd7efdd665d3,526696,f50308fc606550cf033911a9aa957ced21102f90,yes,c,354819,"NA",NA
rsyslog,8.2302.0-1+deb12u1,rsyslog,amd64,rsyslog__rsyslogd,f7843f06942eab861950602799fa9c2e801fb30b139913833f6966ab36ff14fb,749352,765f0d558f438083d6e295f3fe5496a199ad4a14,yes,c,394479,"NA",NA
ruby3.1,3.1.2-7+deb12u1,ruby3.1,amd64,ruby3.1__ruby3.1,9aa98944d50484329d6111f2487cfabc6d2ea8e2502bfaca7da325bbc33cf12e,14416,9b43a4fc5d340ca92d777d28d8fa0d65b759cd51,yes,c,361,"NA",NA
runc,1.1.5+ds1-1+deb12u1,runc,amd64,runc__runc,9a87d5bcdd630ec420ec56a6c21b70aa6960edcefe1cf4bb181cee290bdd6b98,8752456,194f1dd3308e8370f0c14c51b6219d1484d14ab9,yes,go,4190373,"NA",NA
runsc,0.0~20221219.0-2+b3,golang-gvisor-gvisor,amd64,runsc__runsc,de98831af671d537a66cd36b4ae1d797e03f9d265375162ab2221a9a33c2592c,24013136,NA,yes,go,10369624,"NA",NA
rust-coreutils,0.0.17-2,rust-coreutils,amd64,rust-coreutils__coreutils,1cd80f52588c9d7a947d44adc05a3858a5ca44e654d0076a615dbd028504f623,23258848,9b961a1d5b616c3c4d85949f9ba6f8706538c410,yes,c,7756972,"NA",NA
rust-markdown,0.3.0-1+b5,rust-markdown,amd64,rust-markdown__rust-markdown,d55c3af73e363617b1a1e3e0f3d5ab662f6bd4200d40781e22e4fdda041e97e0,1616400,3821cfde416a01b49963c622534d8543ca130acb,yes,rust,826017,"NA",NA
rustc,1.63.0+dfsg1-2,rustc,amd64,rustc__rustc,d9bd1ede0741eada25c2a0d29c4d48bce560a393db484389a4ee234e42143238,14424,958d75894d0030e35cb71c1424bb1e863bc8c91b,yes,cxx,362,"NA",NA
rustc,1.63.0+dfsg1-2,rustc,amd64,rustc__rustdoc,18d0101203af16d75553c5ebc19f76495b63f1deb43b1e8f56595ebbcbdacdad,7628848,0a5535f64de3ac22bca25b46b82d7c8e0d8630e8,yes,c,4540540,"NA",NA
rustdoc-stripper,0.1.12-1+b5,rust-rustdoc-stripper,amd64,rustdoc-stripper__rustdoc-stripper,6efd86a296a93c008a1f86c96c48d88ed468f8e0391cef29418db646f247f23f,518640,869d3f42c4a3127928a19a04fd155892c3313439,yes,rust,360625,"NA",NA
rustfilt,0.2.1-1+b5,rust-rustfilt,amd64,rustfilt__rustfilt,55bf712d40ab6cf134d99086393b91bb91c5a49a526973339d5002985135b2cc,1886744,58f31dde17e255cc0b9913e8b47a51eef583503f,yes,rust,1078713,"NA",NA
rusty-tags,3.5.1-4+b2,rust-rusty-tags,amd64,rusty-tags__rusty-tags,442b0dba44adbf0ca202a0776d72e8807ca4ddd7ae637fdd5637b611315799e2,1465016,367d67bd58e1b5cc769e14045117220531236a4f,yes,rust,1013649,"NA",NA
scep,2.1.0-3+b4,golang-github-micromdm-scep,amd64,scep__scepclient,e0fea218db6b963b9810fc7eb8f12acb8e7e272632effd45710a88a1d03f71c6,5286104,NA,yes,go,2590410,"NA",NA
scep,2.1.0-3+b4,golang-github-micromdm-scep,amd64,scep__scepserver,19ae5e7f878270f49e579937f231314a197e46b1f9511d67907a319c0673c734,5311736,NA,yes,go,2586256,"NA",NA
screen,4.9.0-4,screen,amd64,screen__screen,219d609db8baadd655964abd0487d4e398e0b7b89d55b560bd6ee590e3f575d8,482392,771cea9a73d05933dea7d0d4c0fe7121da995af9,yes,c,345005,"NA",NA
sd,0.80.really.0.7.6-1+deb12u1,rust-sd,amd64,sd__sd,86282931b6921e29150f320341a8865b948f2f719d2c0a6652d72c1ab7208f60,1948192,c1293f8deaf0e7852bedbc4b784371323ff7c980,yes,rust,1135637,"NA",NA
sed,4.9-1+deb12u1,sed,amd64,sed__sed,72dcf1ad8560de658e925dfee171565e0c3f3be38236cf725846bc44971cf4b0,126424,99d72652a99600cfd5eb95c6c9d861e792fecf6d,yes,c,78334,"NA",NA
serf,0.9.4~ds1-1+b13,golang-github-hashicorp-serf,amd64,serf__serf,25ae094d2266fd7acb5817d8a012284ae1afe5f09be3fd189b8ffb3254d2717e,8506040,90baa9bfdace8b176637514fdb7a9d7a55e36c97,yes,go,4190229,"NA",NA
sha1cdsum,0.2.6-1+b2,rust-sha1collisiondetection,amd64,sha1cdsum__sha1cdsum,fa1cfc12adaaef46897f748a5e225fb13851675f1e0eae88451f7584b8af1829,960136,b3dbb4dd13615397e83ade76de34017bbcfdac37,yes,rust,656145,"NA",NA
shfmt,3.6.0-1+b2,golang-mvdan-sh,amd64,shfmt__shfmt,d7be3aaadecdb50807c0985c19dc375d96c24fe7f2de84e680b662af8377f3c4,2844088,NA,yes,go,1367962,"NA",NA
siftool,2.8.3-1+b5,golang-github-sylabs-sif,amd64,siftool__siftool,4da5a925c9b3743c91f04250b40cada4f6515b6314532e63380996ca446de9eb,3300384,2e458933254ffeb824d464339d04637d5688cf2f,yes,go,1528131,"NA",NA
skopeo,1.9.3+ds1-1+b10,skopeo,amd64,skopeo__skopeo,639cefd9b555d9bf1a8dcf29bbbc2568c5e1382a47582da1dca7e4298b10f122,16294464,7a3d4f5305c48d27d269eadbdcd54c82e84b7b36,yes,go,7937884,"NA",NA
slirp4netns,1.2.0-1,slirp4netns,amd64,slirp4netns__slirp4netns,22b1e7d763a4382b3fe5bf58f1d9ee95b7f8241e9b0f022236eaea2b25bd0533,77648,41cbd07db0c6a3c7053c64ae5c90084e204d7390,yes,c,36081,"NA",NA
smartmontools,7.3-1+b1,smartmontools,amd64,smartmontools__smartctl,e24f6515295bf85140dbcd30fa133d419fde1288ed65ccf669598f1c0d09ec0f,954336,2dd042d52d73806a84fe1c2491aa0a578062c968,yes,cxx,382617,"NA",NA
smartmontools,7.3-1+b1,smartmontools,amd64,smartmontools__smartd,8d0c1e0a32b0de65eb4c4e8cdd3540eceb2720abad90e6fa8d539217f75f3bfe,736648,94691ac45d883fafbfc044d2b9f64347e70cf576,yes,cxx,260249,"NA",NA
snapd,2.57.6-1+deb12u1+b2,snapd,amd64,snapd__snap,922c55c268321992185eaf9219e108bad4eb1e5998492698267326d1cfc85cdd,15509240,NA,yes,go,6611770,"NA",NA
sniffglue,0.15.0-3+b2,rust-sniffglue,amd64,sniffglue__sniffglue,a6c303ec9bcd81febc923500b48eef5072a22e1cb9f0dca6ce8c578eaeb7289e,2939464,8a1568ec66ab7753eae0db2f6b7fd3f20be49566,yes,c,1715201,"NA",NA
socat,1.7.4.4-2,socat,amd64,socat__filan,38eb592d17de148701436eeed4316ed1d7bfa87f8b6578e7274178637cf21413,98320,bde4c157c8c6df848076480aa009e7bf4c5b0d91,yes,c,42958,"NA",NA
socat,1.7.4.4-2,socat,amd64,socat__procan,f97c837129ea31cff368c831ccff8875f61b90f2a93230155f3e545c9409fd02,81824,f0ab981832049efe350ec37850c956f74cf51e65,yes,c,35678,"NA",NA
socat,1.7.4.4-2,socat,amd64,socat__socat,efe928182e5dd32834c1d93440d813551c4451df47b1f7ed6fb88a840f3b55de,411624,dbda8071ac6b0381b61d194375b0060a96e2b41a,yes,c,176974,"NA",NA
sox,14.4.2+git20190427-3.5,sox,amd64,sox__sox,fe49e7d1bc53db2ece6044345d59215ac88b3e1be6bbbd005f49a69e5dbfe658,76152,08430972f751516c29e1c44ad69f42e3b9e68e5e,yes,c,32478,"NA",NA
sq-keyring-linter,1.0.0-2,rust-sequoia-keyring-linter,amd64,sq-keyring-linter__sq-keyring-linter,7119edaf994a667557ba54ed44f5029a5c30c12022a103d73671aab3d33291bd,2864712,6c10eda2382b5ab8e8f2d00d2db8944b0892c914,yes,c,1986961,"NA",NA
sq-wot,0.2.0-1+b5,rust-sequoia-wot,amd64,sq-wot__sq-wot,9e51a7956f1d9072e335ed27c769aa4ba60a58099d1cc0a902b8e36df3ea5afb,4839048,85458e890514e8e328d4d90c4381ceed9f33e069,yes,other,2929473,"NA",NA
sq,0.27.0-2+b1,rust-sequoia-sq,amd64,sq__sq,03bb5e51e95c192579f15a8e90c6ee5fe301684c31448b6446e3c99c15f5c54f,10108128,2269ca5c7df0ed318ef11fd778728c86d53e020a,yes,c,6472657,"NA",NA
sql-migrate,0.0~git20191213.0633851-3+b4,golang-github-rubenv-sql-migrate,amd64,sql-migrate__sql-migrate,1f3af274f2eac7b693b155313f6df79494f15cd9eb71c5d9090cdc61304a73d0,8539872,bb576a32d89f6b6bdc0a0e2c8f53cd19495b1256,yes,go,3732963,"NA",NA
sqlite3,3.40.1-2+deb12u2,sqlite3,amd64,sqlite3__sqlite3,78fbb4b1bc1fdcb0e3f321ffbcc3628ebff0a961d3c56d4d623f8daef59886c8,306888,a2967b32b2930dba2fe396961439ffa262bc25ee,yes,c,183062,"NA",NA
sqop,0.27.3-1+b1,rust-sequoia-sop,amd64,sqop__sqop,9f8359ee89ae7ae0437430af1decfbab358dac2b5abe73dcc6ddad75582973b5,3868312,d7ad191f561b3a386ee46d1ead25e0f7e4c8ced8,yes,rust,2645441,"NA",NA
squashfs-tools,1:4.5.1-1,squashfs-tools,amd64,squashfs-tools__mksquashfs,efdc694f51b4ce40754e06b9b2d0cbfa061420b7a368bf23fbf010e2a9d52a7a,270232,67918abbcf4e031b5e4912f301ad309f47b8f579,yes,c,166881,"NA",NA
squashfs-tools,1:4.5.1-1,squashfs-tools,amd64,squashfs-tools__unsquashfs,2fde9bcb7356658fafe64f60dc91225f5f42bc48bfbc132bd4a3f958c6a49243,144760,3d335a66c4da5a23d2ecb3e393d5cf38f0ee1a0c,yes,c,82337,"NA",NA
sqv,1.1.0-1+b5,rust-sequoia-sqv,amd64,sqv__sqv,1750807d602b70982ab070050eab9866951be5fceea31f93fbdc727ee1cfc0cc,2598552,7cbd2e620ed56bcd75502d4d71a81d8fb3c9b3dc,yes,rust,1788497,"NA",NA
stargz-snapshotter,0.12.0-2+b10,golang-github-containerd-stargz-snapshotter,amd64,stargz-snapshotter__ctr-remote,d26b9f5f3b0728e0c476d9f9f5c2ceaa8411c1214a8098059291bd549dc5dcb0,23814408,67ed85b4478dba17a1636fa496ce8a3895bf80d6,yes,go,9763029,"NA",NA
strace,6.1-0.1,strace,amd64,strace__strace,aebaf212ce84a12208c5fa25f08c892029e6f6949b778da55e071ac145404a1e,2034104,2f577eb668b73890267b752b620008cd3371eab8,yes,other,645806,"NA",NA
subversion,1.14.2-4+deb12u1,subversion,amd64,subversion__svn,f287caf9bce6ada038679f6fe908b001a3fabbb548189d6cd723bcf9b6985038,440696,4c683190c65787ee9debcc993fd95ccf3ccb61f8,yes,c,140862,"NA",NA
subversion,1.14.2-4+deb12u1,subversion,amd64,subversion__svnadmin,12aa10b9a520cd39cd666b581d9a108745e3e0529f4798cbd73a7e53ac5fb055,137528,36ccf7dab0d8395733c2df54b963b1760b055212,yes,c,23075,"NA",NA
subversion,1.14.2-4+deb12u1,subversion,amd64,subversion__svnauthz,7c547ee8d7e4a585e5f4692e54c26eafddca3d811a91574ca589b1433db12843,35128,d0de1e8275c5eee6f2ce99865587e2d24fcb2d8a,yes,c,4223,"NA",NA
subversion,1.14.2-4+deb12u1,subversion,amd64,subversion__svnbench,0c4e0a57f07d2eeec749307a522acb18c5b6888de377f39de61373335ff14539,71992,bd067ed73cdcba03b009013263541ad3ec1f4b13,yes,c,17921,"NA",NA
subversion,1.14.2-4+deb12u1,subversion,amd64,subversion__svndumpfilter,fce8fdf1d9a1f151fcd2c8dc0965abeef8ef48d42ce6613b3f7a1f2dd69e0e9a,43432,2875293fe1ff7794627f44a6b3408649fbed1f99,yes,c,9219,"NA",NA
subversion,1.14.2-4+deb12u1,subversion,amd64,subversion__svnfsfs,7af418a33590ca0314ecc0846b271e8a7440966b9426409c1ca5375c99166ed9,43320,bd7d765e112d6d5ae80944673240bf68b2307248,yes,c,9158,"NA",NA
subversion,1.14.2-4+deb12u1,subversion,amd64,subversion__svnlook,334361bbc4fd1984c318d1b8b17e476eb5c5480e9ada03e25cbfeef4c10d2a9b,92472,d76c6fab876567fcca066f82dcf58adc774ac3a4,yes,c,20231,"NA",NA
subversion,1.14.2-4+deb12u1,subversion,amd64,subversion__svnmucc,b037624744a6461e7105d02568a992fc8523de96c1d2810d9ce25efd1a62a1fa,31032,1c8c59c1a0d08c933187e773d67ed2a42b6481a0,yes,c,6157,"NA",NA
subversion,1.14.2-4+deb12u1,subversion,amd64,subversion__svnrdump,91193e7acb0850a75c17207a20c1c2a9da1ae2816aa1eef8d4f39b75dedbfe3a,55608,938995df7449a61369cc1d7f8887011636697306,yes,c,14641,"NA",NA
subversion,1.14.2-4+deb12u1,subversion,amd64,subversion__svnserve,006bb2cbd6aa7386f3fb8b58e10fb7a194ec6f4a9b45ea1475cd2f49ef84febf,108920,51a4021c0a91eeb2bb5918a2ca2b2f8ceb881e06,yes,c,45168,"NA",NA
subversion,1.14.2-4+deb12u1,subversion,amd64,subversion__svnsync,f5cda80c1897912c320f28103c7c47d7f33c1930b6d3214f493be0443f0f1e9f,67896,9a0834cf59c640318126fa691931ca41b4f3f0d6,yes,c,17356,"NA",NA
subversion,1.14.2-4+deb12u1,subversion,amd64,subversion__svnversion,c70f1b27979c52c6c9272b9f279e4537d90b351a32a464de891f629778b95540,14648,8b6f713452b0051236836776005269beb5b6fdeb,yes,c,2316,"NA",NA
sudo,1.9.13p3-1+deb12u4,sudo,amd64,sudo__cvtsudoers,418b05a942e828dfe3a9b6fb8f7a965186e9bc2eaa9f760de5b8048295c18072,345280,d30a08c8ff8cc42b1bbbad9b7ba719fb73574fd4,yes,c,190791,"NA",NA
sudo,1.9.13p3-1+deb12u4,sudo,amd64,sudo__sudo,0fdf006309b783f33f35a647342d8c3ad44d997508ae1c41c20f32f2ab1164b6,281624,3a9a39d27da4b9c259b6392409dbdb04a25750d5,yes,c,180853,"NA",NA
sudo,1.9.13p3-1+deb12u4,sudo,amd64,sudo__sudo_logsrvd,cfadb6206cb53ce1a8cef2092a5253786903f0b8ade2beb8400405c2d48b2c19,250440,4e895f62377970de70c0a184f355a2e517d1c740,yes,c,155733,"NA",NA
sudo,1.9.13p3-1+deb12u4,sudo,amd64,sudo__sudo_sendlog,bab02f9682d2aab9b036bd336e7cfdfb61c7759f667fdade5f4b460089f2baf7,155048,eaf48e3ce828fc50166a0da09a24192ee7fb1c7c,yes,c,87061,"NA",NA
sudo,1.9.13p3-1+deb12u4,sudo,amd64,sudo__sudoreplay,82ce099a8c5c8563fc286ce2c3c06342a40661003d61b0d057b3b0350ed3a39d,118480,a42b2f4b199bbb9f4f98a04560bc93a44d061fce,yes,c,60558,"NA",NA
sudo,1.9.13p3-1+deb12u4,sudo,amd64,sudo__visudo,4ad59db3a5ba2091c001513bfe68e2cccd120ec2e619a15400dfc3a54268f67e,262784,e8c4728e465b40780054291e998d18f2fc114bfb,yes,c,122744,"NA",NA
suffixfsm,0.0~git20150829.56e4718-5+b6,golang-github-dataence-porter2,amd64,suffixfsm__suffixfsm,7e89ac48cc438f30e0ae9c5cc5fe484581529f926d5742334f171f8640f6ccf6,1456760,NA,yes,go,658508,"NA",NA
suffixfsm,0.0~git20150829.56e4718-5+b6,golang-github-dataence-porter2,amd64,suffixfsm__switchvsmap,8217c68419fcbd88d683ac312588fdd7531e4dc890876c83e1b3ea6a85aa11ac,1217400,NA,yes,go,528010,"NA",NA
syncthing,1.19.2~ds1-1+b4,syncthing,amd64,syncthing__syncthing,db01430a73d93b86399c4a236049037dcd984a21a98b32143e572c205a316cd1,21843720,84207d246ecb96b0d44bc3306ba5846ca7fccbbd,yes,go,9869395,"NA",NA
sysstat,12.6.1-1,sysstat,amd64,sysstat__cifsiostat,d84891e77a5e52c0e18db23d0a97d79265711926e62756f06072ee332bad7af3,22912,e26e1bf4cd54dcd9ec8692312f8a5aed25a8f0e8,yes,c,6655,"NA",NA
sysstat,12.6.1-1,sysstat,amd64,sysstat__iostat,1e247e15d2e7f39425898ec10bba716b5eb25aa59726b492f9666c77b6d83277,51576,fd8a017f21e5198977ac339fab0bbbdda53d06ff,yes,c,31330,"NA",NA
sysstat,12.6.1-1,sysstat,amd64,sysstat__mpstat,eef1f85d2ddd02bb2a5e02dfc89a244db63877b7446f00f17937f641cdc0c426,47488,ea4382b41c4846f77f5da97b75762bf57a76bddf,yes,c,27123,"NA",NA
sysstat,12.6.1-1,sysstat,amd64,sysstat__pidstat,1bb69eedf56a0b3d997e1b2a720ae9727522607682f5b4aff78563fcf6558d08,51584,5955854d032f88a7412432075e75d16c4ed97331,yes,c,28813,"NA",NA
sysstat,12.6.1-1,sysstat,amd64,sysstat__sadf,db1a54095543b0f6dfbdd41b984827b77d07f0e7d553a0d67fe2e74da0f2af5a,391416,f452f253642fe23cf481724d396ae6031db43887,yes,c,287722,"NA",NA
sysstat,12.6.1-1,sysstat,amd64,sysstat__sar.sysstat,0db4fad077c53b39ab579f072763920ac3d139f4f2a041a06d76c3f49bba875a,136504,76fe8f92d664d44455b1757d6935d9906589688e,yes,c,87926,"NA",NA
sysstat,12.6.1-1,sysstat,amd64,sysstat__tapestat,6f779b5ca26fd53cb1492d9b6054971555db354f9b83c9e53ccef714de3e1ccc,27000,d63dc3cc7036e95978b23c04c0e0b03decedf8e5,yes,c,11262,"NA",NA
tar-split,0.11.2+ds1-1+b4,golang-github-vbatts-tar-split,amd64,tar-split__tar-split,1d6b43ed145eb1ef97226989a366212a77716ae76d4cb595c78802adce8440f8,3683040,d9308cc855473137226f748ab51c06dbb795585f,yes,go,1722323,"NA",NA
tar,1.34+dfsg-1.2+deb12u1,tar,amd64,tar__rmt-tar,060502950741a35000d8b4f95b31efca21406247dc2e3f8a7a49687e164f53a2,60432,d75e1d3d159e4e3e8780cda8ba70324068892245,yes,c,33732,"NA",NA
tar,1.34+dfsg-1.2+deb12u1,tar,amd64,tar__tar,4e11647a9c86fb8857768bd622c43ed0662d7019f60f5bdd12fb15ac5f087070,531984,7e68e3094abf707c55b0a7baaac5c3a956347b0c,yes,c,358126,"NA",NA
task-spooler,1.0.1+dfsg1-1,task-spooler,amd64,task-spooler__tsp,88d5a5a8cd3e39ad6833555877f73c411896c49b1f22a7b86eb1ae21446944b4,67728,5800d93e9609f2885887a8163e0ac84d71314378,yes,c,32641,"NA",NA
tcpdump,4.99.3-1,tcpdump,amd64,tcpdump__tcpdump,c97881e39b54571829ec22b98cfa9c2348c7449a92fd761ebee7826b47ef4616,1269784,c289093ec2189246705b9595620fee14344a87dc,yes,c,662492,"NA",NA
tcsh,6.24.07-1,tcsh,amd64,tcsh__tcsh,fae52f2cdfef0bd75e2494777bc85fa665bd27c5b1a5259be1eabffe3c0e36b9,431432,8c24fb124a16595774b159b298b11f301246640b,yes,c,303375,"NA",NA
tealdeer,1.5.0-2+b1,rust-tealdeer,amd64,tealdeer__tldr,6b87c210d17be7aade37654bdb91913b36a528593d52b6045ccb309d2e8fcf7a,3873384,537b64e0c631df7965a4de506c939977188a2e6d,yes,rust,2633073,"NA",NA
terminfo,0.0~git20210125.ca9a967-2+b4,golang-github-xo-terminfo,amd64,terminfo__go-infocmp,82c1fa5e558c6a66310ef22256dc30e6828ec0c023d3528ceda067d45eb2ca20,1524352,2a0561f9843cf51f0296e398b649f94ff24cf4e5,yes,go,677491,"NA",NA
tesseract-ocr,5.3.0-2,tesseract,amd64,tesseract-ocr__ambiguous_words,8df17f2b129f7a166ec5faffab039e05f79389b3bbc5bfcecd52458453035f76,22856,97300b809f79fe15607c7d161cf4f8a3a13f2c88,yes,cxx,4461,"NA",NA
tesseract-ocr,5.3.0-2,tesseract,amd64,tesseract-ocr__classifier_tester,83d72f450b2329addf5f591be324bb8663fe4ddaf1323c605723c256fc0cf5fe,154048,dbbbf5fda95cbb6e31630f536cc60fa01149e2ed,yes,cxx,92806,"NA",NA
tesseract-ocr,5.3.0-2,tesseract,amd64,tesseract-ocr__cntraining,2200b16731690455ef8968d5eecbe8f67a0207cda78c8be0f2a9d58252fa8daf,154048,6fc696291c7d7e310ce743f13311b8054233cc2f,yes,cxx,93062,"NA",NA
tesseract-ocr,5.3.0-2,tesseract,amd64,tesseract-ocr__combine_lang_model,2a22f4c0146c672e3fd9863bc0825f6777d5a69fb770eac1f9e6655d1d2c729e,113048,c60309f453e814132dd48d3698366fede70b4f98,yes,cxx,65381,"NA",NA
tesseract-ocr,5.3.0-2,tesseract,amd64,tesseract-ocr__combine_tessdata,0cfcde6e6582d13ff0abe95039eae52a7b92099a914d808590e7b8b12a979c65,27032,ed772f00bee36313c0fd22808c3e19d7a7b54da8,yes,cxx,5681,"NA",NA
tesseract-ocr,5.3.0-2,tesseract,amd64,tesseract-ocr__dawg2wordlist,7fb0d37fb68ae523bddecb4c41d8808a89063d36dda2407f82598de27a8f87bc,18840,fdb207a4bcadf9d34c6b0cae46e13ddb9ff0f6be,yes,cxx,2177,"NA",NA
tesseract-ocr,5.3.0-2,tesseract,amd64,tesseract-ocr__lstmeval,60679404a4b1b03340862716867139ec273dbf4ea19a70883da9b907ff5026c4,272832,989948441e2fb831552ee4469f44dc7cde599a52,yes,cxx,180022,"NA",NA
tesseract-ocr,5.3.0-2,tesseract,amd64,tesseract-ocr__lstmtraining,32dbd364af206c8c7e53a3ff2815ad4c158e97d11890619adf84da3364396ff8,285120,24da198941fc7ad43fdefe34f08dc0714b00a4d4,yes,cxx,184838,"NA",NA
tesseract-ocr,5.3.0-2,tesseract,amd64,tesseract-ocr__merge_unicharsets,21eeef1126ca5cc39bc628e7be5080a21e7e85b97d014d52ebd3a96969930585,14664,865cd02682e9e6cc4cace8bde4d8f33d7c55fbc6,yes,cxx,1149,"NA",NA
tesseract-ocr,5.3.0-2,tesseract,amd64,tesseract-ocr__mftraining,2c899fb6ba88fb79fe25c82cc7764efabb48f6c16833e10cbd8a30eb3bdc2240,158144,56c5dfda78299b44645ab23ae6dd360340cba054,yes,cxx,97798,"NA",NA
tesseract-ocr,5.3.0-2,tesseract,amd64,tesseract-ocr__set_unicharset_properties,abbb9ab678eb4bcedd4b5cd65cce3224d4107568e5c24532a598d6e40c55f79a,207296,d63ea219cfe911d11c42c76a00e9119da9be5142,yes,cxx,130037,"NA",NA
tesseract-ocr,5.3.0-2,tesseract,amd64,tesseract-ocr__shapeclustering,d26f9226f278bcdd3926afee1261c1aec5904c6c9810d09f0283c785e2dd727e,154048,e48ca4fc91d312a80918155822522d9c1ceeffff,yes,cxx,92502,"NA",NA
tesseract-ocr,5.3.0-2,tesseract,amd64,tesseract-ocr__tesseract,1e8c7ce7f27d2d1c902fb648efed443483f2a8fc7b60c48a5d3b61d647a2649e,43344,6162faefa802f7ffadebc569407b483f271271da,yes,cxx,13591,"NA",NA
tesseract-ocr,5.3.0-2,tesseract,amd64,tesseract-ocr__text2image,1cc8b824bb43e4c97e2e1564937c67916d0a5bfa1d88705780c6ce9439ea243b,330240,3e5a6051079df277e47c4cb833a39cb330cbdb89,yes,cxx,219686,"NA",NA
tesseract-ocr,5.3.0-2,tesseract,amd64,tesseract-ocr__unicharset_extractor,0e3d7e60841f7b00014b7cb67eda40f7a4461309e783148e59ed56a8aae3065a,113048,ef214e6cbc1eb53f2006f5949d5325bc125e8515,yes,cxx,67029,"NA",NA
tesseract-ocr,5.3.0-2,tesseract,amd64,tesseract-ocr__wordlist2dawg,ea1b7313884308a458a15df33d370a9246b863751bf9150fef7c1118aa161227,18840,1ee3dcbcf15773e842ac441cd87e7abb83c2cbcb,yes,cxx,3217,"NA",NA
thrift-compiler,0.17.0-2+b2,thrift,amd64,thrift-compiler__thrift,fa356d31b9cd1094ea040932cf502eae68faba5379efc43bcdf0c9846aadb55f,4496912,097cc13a15a8247eee00980753c69c69c7a047c6,yes,cxx,3666341,"NA",NA
tmpl,0.0~git20160209.0.8e77bc5-7+b7,golang-github-benbjohnson-tmpl,amd64,tmpl__tmpl,b1540829fdefc78974875cf066c5f159d04a90cfaad9535876d41a217f517200,2965400,NA,yes,go,1446425,"NA",NA
tmux,3.3a-3,tmux,amd64,tmux__tmux,5bd318bdd7c565c7c4fe034c59c1f1f1363e9b8bd498eeb6132862cda0c0409f,1004336,6bc8936e2460f4f152ae903234ad7dbd5361f6c3,yes,c,593457,"NA",NA
traceroute,1:2.1.2-1,traceroute,amd64,traceroute__traceroute.db,a0e936b686c28a62c4fb33fbb13ceecf08beaef62300fd28ab56409ab059248d,72944,817ab273cc818057700246b7b3b118a0e1d51b75,yes,c,30601,"NA",NA
transmission-cli,3.00-2.1+deb12u1,transmission,amd64,transmission-cli__transmission-cli,6aa0a61a1697057617b5511cde1493dd61e1193f16b2a4669d02324a45fd4f18,547744,b2adcbedacaf3d55b1ab4651524b60418105c160,yes,c,369030,"NA",NA
transmission-cli,3.00-2.1+deb12u1,transmission,amd64,transmission-cli__transmission-create,dbcc5a136ff3fee92af67ce272e95c3470be7677db0d7ae17d09a47edd384ac8,548096,911d96c4378fb272be8a9c9f04259d4c7a68840e,yes,c,371206,"NA",NA
transmission-cli,3.00-2.1+deb12u1,transmission,amd64,transmission-cli__transmission-edit,f1d0e0533b3fb39d3074b182f625736ad85f470b867de25f4d46146aae58c79f,548000,03cc4450dda71c40eece0a816a0705648a93390b,yes,c,368870,"NA",NA
transmission-cli,3.00-2.1+deb12u1,transmission,amd64,transmission-cli__transmission-remote,f9610bda55eced94c72868f10bee8583d854b932e3dbee60638672ee99d121cc,588800,181917a332049078e6626b3ba2c4ea40748d0821,yes,c,392102,"NA",NA
transmission-cli,3.00-2.1+deb12u1,transmission,amd64,transmission-cli__transmission-show,eb21c25a90637ce41aa0d4506fe9d382bee359543d1af607b6d21a9b4b5ebf12,548000,062a2700b1fb4b18f94148a78af8b125f751ca8b,yes,c,368822,"NA",NA
tre-command,0.4.0-3+b1,rust-tre-command,amd64,tre-command__tre,c4223c3d274fbe118728c6d8d12225ed54b31858d924af79f619c84504d9d109,2181656,b1b700a456ffad2e5fc4469152a3ed662f858e98,yes,rust,1267457,"NA",NA
truststore,0.12.1-1+b3,golang-github-smallstep-truststore,amd64,truststore__truststore,454dbcfeba8254d963afffc245f5f4bff49ad34ceb97e8b7e645e4b637718460,2494368,faf8be9cadb8bde004f2a31937026ba796c3d6f5,yes,go,1197859,"NA",NA
ucd-generate,0.2.3-1+b5,rust-ucd-generate,amd64,ucd-generate__ucd-generate,4eb6c700670b84c575e9e0761b50ed264c5de735b3c71eb6498ad546ed211529,3107344,fadcb141d665cd6b8e2e29fab97ee38d4950b3e2,yes,rust,1986625,"NA",NA
units,2.22-2,units,amd64,units__units,25c0423fcc94f58235d1cc8735e6f3ab1b065b5542b875e183df9bdbf67d0677,106968,0a560e8de31a4d3ffe34ff225f958b9e83e88f1a,yes,c,56910,"NA",NA
unzip,6.0-28,unzip,amd64,unzip__funzip,7fe5c2dd35e9d94549f6c7f6ca8d07a437e429b15e6b9eae4960a1e1ce9e5ef4,23000,ebfc81962ed60bd9afe9496b36d63a7876235256,yes,c,11512,"NA",NA
unzip,6.0-28,unzip,amd64,unzip__unzip,e2f7d58ad17fb5ad25d4e3cfb72870089dec4a54805d83650b8fd1b648a0c29b,179248,fe814af53167a73f0eef604342c33bf9050280a3,yes,c,102604,"NA",NA
unzip,6.0-28,unzip,amd64,unzip__unzipsfx,47365a9d99db4bf129e84c564405753838c23dd13c7e6072f002446c8d0d7c5e,84848,54c04c832e7959a77e7012d7b43fb2f9a3b96952,yes,c,52211,"NA",NA
usbutils,1:014-1+deb12u1,usbutils,amd64,usbutils__lsusb,b546dfc187d8b3d53411754be7b78550fd66143d303bae72f4ca759c9a05d1cd,253000,5baff7301b7ad15801c917b66a0092d55c2ca223,yes,c,51347,"NA",NA
usbutils,1:014-1+deb12u1,usbutils,amd64,usbutils__usbhid-dump,94253fa7bf5e83114088d378ff241d7b2c3396a7869489ed0b6da1724066bfc1,31496,94e500ca24378b6b97eb0ef66ca93d0fa2636eb3,yes,c,7974,"NA",NA
usbutils,1:014-1+deb12u1,usbutils,amd64,usbutils__usbreset,9db3cc6cb30647ba424a853b9997a2dd51b297d3a859d2ed7142151417e589d0,14808,6dcf300d5febdd58281422422521f7fa58929276,yes,c,1661,"NA",NA
util-linux,2.38.1-5+deb12u3,util-linux,amd64,util-linux__addpart,fef11e4f1f03d69b7147e71233a451ce2bd578ca03e696b6baa4dbeeb13e0803,31040,dd8600eab17ee084982aeb5db73163cbf6157117,yes,c,9914,"NA",NA
util-linux,2.38.1-5+deb12u3,util-linux,amd64,util-linux__agetty,d1c9c3a87f41fd5124ee4408199f87531523df6f00c061f6e5fdb18356698439,69112,11f8ac4f0da5b8f522ce415601be55de10bfdb52,yes,c,31965,"NA",NA
util-linux,2.38.1-5+deb12u3,util-linux,amd64,util-linux__blkdiscard,67016b039dc83ada042248662b251e0a71b7b47b7d675d734f55787154774bd2,35136,f736e43c8b6c3447184e6721e4984a9ccf31d124,yes,c,12462,"NA",NA
util-linux,2.38.1-5+deb12u3,util-linux,amd64,util-linux__blkid,ab10c6b429da2e2f490bec27f2cab23aa7bd8a2d143c0271ac0350b3febe732a,125280,79c9dc6b8a18ad9883e3ad09a8929903ed4b3f91,yes,c,72622,"NA",NA
util-linux,2.38.1-5+deb12u3,util-linux,amd64,util-linux__blkzone,9b6d1a03ee43b330101fb36c2881949ebf2a4f95246235fa697187af21856495,80192,7e3814a2c3dcde74a6c4ee196b37f8aa736103db,yes,c,41838,"NA",NA
util-linux,2.38.1-5+deb12u3,util-linux,amd64,util-linux__blockdev,8ba4afa028af417aa2d05f5067b3343a8ba8d0d2df2cc231b5cda89f4eaa620d,80192,f7d44eb356f1a3cb1cdc4f9fa1c51e4fdbba4392,yes,c,42254,"NA",NA
util-linux,2.38.1-5+deb12u3,util-linux,amd64,util-linux__chcpu,6cc96ca157cc0c0f69869ed7c81030c875a49867e1ef913bd97df899ef6af06f,47416,163860da0d8f1a279e6e96c1024035d4ac5303e4,yes,c,21614,"NA",NA
util-linux,2.38.1-5+deb12u3,util-linux,amd64,util-linux__chmem,11500507dfd23221e2ba0c2bc63e1c1ce8b99690e85889096b28eaef5cff6753,67904,8475a085c7aec4101922767953a6da623d6711de,yes,c,34478,"NA",NA
util-linux,2.38.1-5+deb12u3,util-linux,amd64,util-linux__choom,07d2cbc5e1d13ff14f50ccc0194488db72fbb1d234c080f243e5a20eb32237fe,55616,d21c6bf631023eb70dd8894c7bb88eddfbf20746,yes,c,28286,"NA",NA
util-linux,2.38.1-5+deb12u3,util-linux,amd64,util-linux__chrt,d4ee6ba79feacf908a5899f4240f06867ee0951c835d517b470630aaec14ea70,67904,03726debcfa67f76ba3fba9310745bdbf49af0fc,yes,c,34766,"NA",NA
util-linux,2.38.1-5+deb12u3,util-linux,amd64,util-linux__ctrlaltdel,f2771c2b978003b889c2c254673e91c0dc0b77a68250de2309bd793c6a45487c,39224,08b4c6df4ffdbf213b2878ed8b172115435c4362,yes,c,19086,"NA",NA
util-linux,2.38.1-5+deb12u3,util-linux,amd64,util-linux__delpart,5a79ea69827f651be5268a02c6bda2cf214099204df82b71b169da5b95385500,31040,dd4c072b00e4599ca5ed3aad9fc331ada0ca6ff4,yes,c,9802,"NA",NA
util-linux,2.38.1-5+deb12u3,util-linux,amd64,util-linux__dmesg,53a4b55208b91edf1401c386a7fae9fbe3f12372958c07f4ead46e876477a50c,88656,fa22d6368e1d3c5f6c612840b3b75c4fba1f36c1,yes,c,35310,"NA",NA
util-linux,2.38.1-5+deb12u3,util-linux,amd64,util-linux__fallocate,35888f0737e3a10c4cca703d094acc71e636f324b26ddc140c9a05f4bc47bc65,35136,95a04694970ad13c1d421859b8bb0a0ef1e85de3,yes,c,12558,"NA",NA
util-linux,2.38.1-5+deb12u3,util-linux,amd64,util-linux__findfs,d45a33fd317fa26dbef727b35b8012e85e8b3b91d34f8026badb3a80d6092966,14648,0c833d9686222132568073edab9f00611b18bd39,yes,c,1198,"NA",NA
util-linux,2.38.1-5+deb12u3,util-linux,amd64,util-linux__findmnt,c20246863774b36e928b0447bd255fac51925d60c123ac187b7c1a5ccf8f3eb3,85600,f98dd7a0400fdfe7024afba0f4c4b0d5afe51e4c,yes,c,36542,"NA",NA
util-linux,2.38.1-5+deb12u3,util-linux,amd64,util-linux__flock,09f189297bce1f713e2ba9a8607a89f17902edadc54d3c3162d43f76e8d3b6f9,35216,a5fd7bb322f2f9daf9b6144353b71363992a81b6,yes,c,13198,"NA",NA
util-linux,2.38.1-5+deb12u3,util-linux,amd64,util-linux__fsck,835945ad0709dcb91f3dbae99b7b713bdd59c7fa4c99ba750d49df6ea1d81c56,55664,7005e32dbe494ef54f1acbbcf23e208ac4607832,yes,c,25390,"NA",NA
util-linux,2.38.1-5+deb12u3,util-linux,amd64,util-linux__fsck.cramfs,d1f11e4244fb56a600c11600b1aa0510d569fe865329fcd6b98dc1d0164254a9,43384,7a394830dd993c837cf9e27ce4bb81b5f0292fb8,yes,c,18718,"NA",NA
util-linux,2.38.1-5+deb12u3,util-linux,amd64,util-linux__fsck.minix,0d5b559ea70645531b61cf953a6a2b1cd50588c19d40aedca0b8e291e90d1c83,125272,e87199fadadc58aad3a062dc70df99e77b57768d,yes,c,79102,"NA",NA
util-linux,2.38.1-5+deb12u3,util-linux,amd64,util-linux__fsfreeze,67b175a10f92f0985bd9843b1d38cce81b32db2954a3662c0ccfa2e23654a5eb,14648,aabc4de4b18810aa56fdbb46af805a9a586dfdb5,yes,c,1966,"NA",NA
util-linux,2.38.1-5+deb12u3,util-linux,amd64,util-linux__fstrim,651ca7b2580ad5ff03249fabc8e4c0c39b134d22116fa5e4935b37fe693634f7,76096,c4f3f88284167d03617280a695dd035556c5b45a,yes,c,40046,"NA",NA
util-linux,2.38.1-5+deb12u3,util-linux,amd64,util-linux__getopt,438e0b2a3e708e693c2574c7e59c63906ed533e08222bbeebdb0b1bc9e71cf9b,35136,3801c595e1579b323ebc5e7dfca5fae7a2ca9452,yes,c,12718,"NA",NA
util-linux,2.38.1-5+deb12u3,util-linux,amd64,util-linux__hardlink,7029a48c90fe1ed63189d02ac5dc5da8bc6368f3897daad457639d62a549f7fd,51600,878d860d97b885f6281e4094dda084312879b039,yes,c,26574,"NA",NA
util-linux,2.38.1-5+deb12u3,util-linux,amd64,util-linux__ionice,02ccf10cc32df4c1a13bb1a7f4406a9752c3216c13e02527b58109c79b48f516,35136,380ff174f252c83b9cbb8731120e1b151d5dd925,yes,c,11630,"NA",NA
util-linux,2.38.1-5+deb12u3,util-linux,amd64,util-linux__ipcmk,8ba5ab02317e8a76ad32a2ae646c35a7f135021d5c3cbf26a522099c9d2c194d,35200,b6206bd766cecd5a7b41cc7d3f0d9a8c82484212,yes,c,11806,"NA",NA
util-linux,2.38.1-5+deb12u3,util-linux,amd64,util-linux__ipcrm,43fe3b7b9f8466f57f2b639a1dea1c8e381a86a2f720ab70507e120ece1a990b,35136,a0f912892ce33baff88f24c13eff8b0263c8a046,yes,c,12814,"NA",NA
util-linux,2.38.1-5+deb12u3,util-linux,amd64,util-linux__ipcs,d9a676fe02ac49fbb234f0d550c4e734e016463dc79c2911e756c960b865c0b7,76096,1a11400449a8a19acfe0b022f7cddbe4025819a6,yes,c,41070,"NA",NA
util-linux,2.38.1-5+deb12u3,util-linux,amd64,util-linux__isosize,d823e05563dbda41909d744b5a7a7418affe87e2f9792dc7c600638c438fe28a,31040,909c5699d2c02a28aacbf6fe47cc0fa0e341cc0c,yes,c,10846,"NA",NA
util-linux,2.38.1-5+deb12u3,util-linux,amd64,util-linux__last,6d73f0cc6fe2b708307842fcd499017a82c9136169c82456c3722f805815213f,51520,86c436eb2f2020a260b4b1437063037ef157b8da,yes,c,22686,"NA",NA
util-linux,2.38.1-5+deb12u3,util-linux,amd64,util-linux__ldattach,14eea581f2238d820a8c012991e6db7521e60f6d78a0c06e066627be58ac6838,35136,f9c4a10810004acb91e0663c750a78062f1c84b7,yes,c,12670,"NA",NA
util-linux,2.38.1-5+deb12u3,util-linux,amd64,util-linux__lsblk,37c411674a512a38473f625b93a43914a540834fa5671916b0baa0475d2df3d0,207168,f273ce2244014a4248186f11c1886f2b55cadf86,yes,c,104510,"NA",NA
util-linux,2.38.1-5+deb12u3,util-linux,amd64,util-linux__lscpu,a6f9f9b202bb70eb9507694e1fa9931346ee89711096a013aa0f7b58969323d7,129344,95e07a61faf249ce0664b128180f0d72a60b3960,yes,c,69758,"NA",NA
util-linux,2.38.1-5+deb12u3,util-linux,amd64,util-linux__lsipc,7a4dd5021f4dde003224339fc768857863f8684d664da537eaee2e6ef523da07,100672,5471803c3444bb69aa29b8fd14a3b10c33a00d9e,yes,c,51342,"NA",NA
util-linux,2.38.1-5+deb12u3,util-linux,amd64,util-linux__lslocks,e4e055e2335dfb2a26e69f254284dfefda31e89af5760edfdf235664a1fd7572,72400,a4bd64d0002055955b3abcb71ca23904446ed7b7,yes,c,36414,"NA",NA
util-linux,2.38.1-5+deb12u3,util-linux,amd64,util-linux__lslogins,8d2b598d0e2fef51daa59801be3b388164388196a0748c1e1376b6ae25b7f8c6,96576,dca813969bbd34dd5928d0497b54d05fefe2f74f,yes,c,50094,"NA",NA
util-linux,2.38.1-5+deb12u3,util-linux,amd64,util-linux__lsmem,e4960401262f9ae0a596c54e5fb1a953fe2727ec368126c8d6f6beeb244919cc,67904,db500052f43996c13fb104c7d03bc335226e451f,yes,c,34078,"NA",NA
util-linux,2.38.1-5+deb12u3,util-linux,amd64,util-linux__lsns,9ab1f81a26ae1fa855a27a59214905bd80584bb17bb30d3914f1302dcbcfe5b0,84288,1a396e146f44b68cc0a3a5f2262ce0c8a3347a28,yes,c,43870,"NA",NA
util-linux,2.38.1-5+deb12u3,util-linux,amd64,util-linux__mcookie,05ba95dea1e2eb4b12531e0c8b5a0c81edb585964fc5cec0365570fa54c0bb20,35200,c873d499eaf366917802247469419a53c90a132a,yes,c,15118,"NA",NA
util-linux,2.38.1-5+deb12u3,util-linux,amd64,util-linux__mesg,e17ebd3b06af9c69e52906622bdd6727fe6ffb30b115583efc730f80a66d154f,18744,4fad4f7911b1771bc39d01236885e4ad36e5f63e,yes,c,2606,"NA",NA
util-linux,2.38.1-5+deb12u3,util-linux,amd64,util-linux__mkfs,6bc6f8dad521975b177ca48594fa4f2da891956e6fa13dc7e0adb2d13b08f8d2,14648,c8d2cd529a34fc1a061693bffbb94e73aff50248,yes,c,2014,"NA",NA
util-linux,2.38.1-5+deb12u3,util-linux,amd64,util-linux__mkfs.bfs,c3c539bfe909f0ef40e7d9c07b58937e5f2805236e60d7d3134a320f876ce8d3,35136,38e4cc4e2fed43ea1448c0bf53af92608829f71b,yes,c,14190,"NA",NA
util-linux,2.38.1-5+deb12u3,util-linux,amd64,util-linux__mkfs.cramfs,cbe0c8032c0b96d08105382a85be8268c45dfea451d4c4be33e0c17ed49a7d7f,43256,061c3a5c89c5f6ed82e31816d39579b9750b273b,yes,c,20814,"NA",NA
util-linux,2.38.1-5+deb12u3,util-linux,amd64,util-linux__mkfs.minix,855e98bd9e34aca0820972eb947edbf0ec399d2c38aff90ae6cbe8464d5ebeda,112968,08f835df82ec5e7a06d7bd4dc4d2e43713755b39,yes,c,70526,"NA",NA
util-linux,2.38.1-5+deb12u3,util-linux,amd64,util-linux__mkswap,4a549960c0a99838f7b6095acc2df7d60e8084e435ae252b93b2910b22304c16,117056,85c6fb2e10809ecc1fe8b4ff6b66c98a42135008,yes,c,69422,"NA",NA
util-linux,2.38.1-5+deb12u3,util-linux,amd64,util-linux__more,e82de2d88db7887020be2b30be7c59f0c4ebac45e8beda73acaf1bf3cb5febfc,59712,565c852e43cdb9a7f94f94af79bab5fa70113be9,yes,c,28750,"NA",NA
util-linux,2.38.1-5+deb12u3,util-linux,amd64,util-linux__mountpoint,23f872a069bfc5626f3dd94d2f1f61b478c2c07f5b07335efe5bfd3c2ae215ae,18744,08ba44f6f6d13b5245bc42c0db8de52415fef384,yes,c,2190,"NA",NA
util-linux,2.38.1-5+deb12u3,util-linux,amd64,util-linux__namei,75879c646031e47d62bf95575b394b80231714d418ddc28641fd8184cd2098fc,35136,a635da56cc57ec8ead10680bfcea3d9c9cc4828c,yes,c,13710,"NA",NA
util-linux,2.38.1-5+deb12u3,util-linux,amd64,util-linux__nsenter,13a8e099cc1bb3d16336c044fc217f3b3fbd56279ebddcfbde8d12cff0c5aea0,35368,988be7516c890d1eda3a6c12bcb441e53b786cae,yes,c,13982,"NA",NA
util-linux,2.38.1-5+deb12u3,util-linux,amd64,util-linux__partx,c492c820371ab8bb9e1afc91e9df2866b78c0ee7ca86ec5801f212a632e144f2,121152,ec0fabb46feb5a629beebb5994fc464632f45dcf,yes,c,69326,"NA",NA
util-linux,2.38.1-5+deb12u3,util-linux,amd64,util-linux__pivot_root,15bbc6ce441b699921a6727d995d4bba49406fbe835a25250ac8d6da3e458d20,14648,742fac0332b1c848d5ab83920b9297f26fc088bc,yes,c,1214,"NA",NA
util-linux,2.38.1-5+deb12u3,util-linux,amd64,util-linux__prlimit,663634070079386b7401ccc9fb92522ec3ece10f07f84a83fe96ec3ecb0bc74b,39760,6ae5fedd0f4d1ab51de08d3434219efaf48c4664,yes,c,13838,"NA",NA
util-linux,2.38.1-5+deb12u3,util-linux,amd64,util-linux__readprofile,8d1618fcd396817899b73bca3ffc2811b4b515bdfe2bb1dcde335892081de8d1,35168,ba4f2b7d9c3b2ecfc5883e7b5ea4d4c81092c018,yes,c,13054,"NA",NA
util-linux,2.38.1-5+deb12u3,util-linux,amd64,util-linux__rename.ul,d7ae569a913f6bacb6c60fcc6b85948ca528ae7b15df5232f223d07c4cfc42a6,22840,827c4f76fe1048983e327e3377a9bc6188b496d4,yes,c,4590,"NA",NA
util-linux,2.38.1-5+deb12u3,util-linux,amd64,util-linux__resizepart,3ec8bf9b009db5df23e0605e0aad36fcd16607b20718bbaa76f8b24184809394,72000,1474ccf6029fccd39dd3fbe9574e1e048fb6324f,yes,c,36718,"NA",NA
util-linux,2.38.1-5+deb12u3,util-linux,amd64,util-linux__rev,b6c0570ab35e8a20e2fabc9ea4fff800879a1ddb35b4b29f41961006cbd4af29,14648,78db6d519a837763fe2ee4baa2257cc0e583b0c5,yes,c,1774,"NA",NA
util-linux,2.38.1-5+deb12u3,util-linux,amd64,util-linux__rtcwake,c42b271d2a0ba585702a6cb345c46ef6d75c054cd2a4014d497c0c39f14ae893,47424,b897c8091142cf4b3d81101e122a6d82e15526b3,yes,c,21934,"NA",NA
util-linux,2.38.1-5+deb12u3,util-linux,amd64,util-linux__runuser,ba649e8c19747c9fd9a1852fdedb79d02b9290d3e84c582d77f22e8277629238,72000,c42d31310639533ed17d4ac6e23c92fa0a290c66,yes,c,37950,"NA",NA
util-linux,2.38.1-5+deb12u3,util-linux,amd64,util-linux__setarch,310781cb5287725c168866adcc8f324fde09834147589b682de6fd3d6fc6215d,27216,b92a0388e35d18506b6bf3219316b81293be5f50,yes,c,3678,"NA",NA
util-linux,2.38.1-5+deb12u3,util-linux,amd64,util-linux__setpriv,d5839b20edb0d77222b1e11be7d155c7122d381dbfad40876b0def7dd710f5bd,80192,524171e41dad970da493e94ac2f161421ebbe22e,yes,c,41886,"NA",NA
util-linux,2.38.1-5+deb12u3,util-linux,amd64,util-linux__setsid,987014d86311daf58f2ec2326f6467ce5d01dfd863558aaf915fcf8ce36269f9,14648,89f23ea1421cfd814060adf4f9561a8a075e59dd,yes,c,1710,"NA",NA
util-linux,2.38.1-5+deb12u3,util-linux,amd64,util-linux__setterm,2d2287dc136bba29d527de1cb5abcbe60e3d7468656e443c48cdeb4f5bd4e93c,47424,c133aca9ec57af15e13e3b0b4d6d0ef237f9e2b4,yes,c,21182,"NA",NA
util-linux,2.38.1-5+deb12u3,util-linux,amd64,util-linux__su,4b8bb44ac13b8f8f8c08708faff91a9b63b3fa369b8cbfe1abb5ef09e8029993,72000,18b5c96e6da8895cf536797a39f20ba033c3af17,yes,c,37950,"NA",NA
util-linux,2.38.1-5+deb12u3,util-linux,amd64,util-linux__sulogin,53ce6d5414a1b60ee1eb8c668a9ea17e689fed0be7458991f0636ff6be4b7a73,55616,f40187369de1cfb43c19e351e97ca8c51b72b3ae,yes,c,24062,"NA",NA
util-linux,2.38.1-5+deb12u3,util-linux,amd64,util-linux__swaplabel,b4cbabed7ab256e94bc75e845cf95b9a36c64a770605dae39c2077da2de8bdfc,18744,c1ea6bed133f16870df24883b8484432f85206d4,yes,c,2766,"NA",NA
util-linux,2.38.1-5+deb12u3,util-linux,amd64,util-linux__switch_root,f7a2c3e88944e58b62b5a628b8424f3d564df0f3d6350305eef3cc6e0f21d853,18744,9f052a52754592181616044db855f43a6697b378,yes,c,2734,"NA",NA
util-linux,2.38.1-5+deb12u3,util-linux,amd64,util-linux__taskset,42e38b38d3926bb1ad156ed0ec0c485d33c8819cf1c3088cd6ec79ae13b8fbc6,63808,b997e1a78017a304e2862c8ef539c8fd86973e07,yes,c,32958,"NA",NA
util-linux,2.38.1-5+deb12u3,util-linux,amd64,util-linux__uclampset,de5e1d5df15d3eb6d909ed711fc12293d9e12290f7d0757dfaa1f7039b5d9b38,63808,10a424cc24f3e2c486a3bb52b51824e86868958a,yes,c,33982,"NA",NA
util-linux,2.38.1-5+deb12u3,util-linux,amd64,util-linux__unshare,9fb85770a4a0b5cb2bff8e64c2934dd1b0674eaaae18fd550dea2520c69a45d9,84520,3bd5aa8afc734276672100f2c88f91bdb6a436b5,yes,c,43118,"NA",NA
util-linux,2.38.1-5+deb12u3,util-linux,amd64,util-linux__utmpdump,4ad0076990b07efc56b2c566b0c70b433db5050abeaae032b10cb7b610c009df,31032,13725028d0df390c488c573121392c12e7312ef0,yes,c,7774,"NA",NA
util-linux,2.38.1-5+deb12u3,util-linux,amd64,util-linux__wdctl,1e95b3ebed7891aa8d5c562627d48bc70fce317ac64a6dd91d859c6b3fb2a3e8,72024,448b59e8b10dc11d7ecfd0718ee689b0818a2a8e,yes,c,36078,"NA",NA
util-linux,2.38.1-5+deb12u3,util-linux,amd64,util-linux__whereis,1eb6c7f584b5efe5b0bb1683e2ae5e1b6e20e6216d0127b7ef7a6603f2cdd46e,31504,7f50028dc8ed30a9ac28f35ccece8788da44b6c8,yes,c,9982,"NA",NA
util-linux,2.38.1-5+deb12u3,util-linux,amd64,util-linux__wipefs,132927bbbd4f3d2e0a94ca0c6aa2016b3a3d81378e126acf462d1fcb3b0e7d32,47424,15bcb6568073f35f49ed3530510b9655a8f244d1,yes,c,18862,"NA",NA
util-linux,2.38.1-5+deb12u3,util-linux,amd64,util-linux__zramctl,1c269b39457eeabad9c13850d35e7577c5db863183bee1bf723e546487e1dca3,117168,bcda369f7a6b2ece45f1c6f011a46fe161dd073a,yes,c,71550,"NA",NA
v2ray,4.34.0+ds-1,golang-v2ray-core,amd64,v2ray__v2ctl,34d94fca6578d1cb1ffc4ed9419cde2fbada69cf05b06c0aa9fb26ddcec74236,9912544,3a9f2815edf5419c91be028256308362d6cd3d9d,yes,go,4657539,"NA",NA
v2ray,4.34.0+ds-1,golang-v2ray-core,amd64,v2ray__v2ray,8516ffb1cd4ffaa963388b4504034ba87bd7c9dbf9e61425de63e1874fd0ef37,15543744,118d2876ce5936dad4648a2cb9636ebebf3e315c,yes,go,7358499,"NA",NA
varlink-go,0.4.0-2+b4,golang-github-varlink-go,amd64,varlink-go__varlink-go-certification,08fa3649f81ab3ad47456748e1d4748aa322e5d2a03db807dd4d0174d8ac0c24,2359072,d50ab668f0f1a877cc2cbbc2998ccf3f69aa5941,yes,go,1103875,"NA",NA
varlink-go,0.4.0-2+b4,golang-github-varlink-go,amd64,varlink-go__varlink-go-interface-generator,39201f55ab8f922e00627249a3f117146e14c47e0ac2561a4bb2d717fbd4064d,2177720,NA,yes,go,1069532,"NA",NA
varlink-go,0.4.0-2+b4,golang-github-varlink-go,amd64,varlink-go__varlink-go-type-generator,93f643d8a4f05a16efc351d05e7dab0f0f2f3195077cc09afc731d09c411f033,3764440,NA,yes,go,1912976,"NA",NA
vim-nox,2:9.0.1378-2+deb12u2,vim,amd64,vim-nox__vim.nox,32096f83feb7d6f3068cd34a0ad06b1b11d4003015480d8e409a66a26c3bc534,4167640,2427fccce0d640731265a4c6d2a86f2634910aed,yes,c,2753447,"NA",NA
vivid,0.8.0-1+b2,rust-vivid,amd64,vivid__vivid,0dc258ed236a008de82691fd47b546e54274f62b25c372ee672e8aef6efa1d7e,1165808,ec24c38e1360d2512e728567b273335309200527,yes,rust,792529,"NA",NA
vlc-bin,3.0.23-0+deb12u1,vlc,amd64,vlc-bin__vlc,5940258f0e7bd95fbce8f7f59501b74a7a979a6085a2a462101866c94711b66f,14568,82e3191b82a432407cda52570fbe02964058ede0,yes,c,2844,"NA",NA
vlc-bin,3.0.23-0+deb12u1,vlc,amd64,vlc-bin__vlc-wrapper,f9c7512d041e803ec5261be3d24bcf20b0abc603110f388be62c0c2cd3130d08,14568,2fa067fe5e8fec0bef7d402370382bf4c8a73c30,yes,c,1369,"NA",NA
vorbis-tools,1.4.2-1+b1,vorbis-tools,amd64,vorbis-tools__ogg123,a7869276f6073a40b7c732feedca2a18a78e8cd2e8160065c95361f780af7d30,93920,6ea839144bbdb108ed3dcead9567f4f4bbce062f,yes,c,46439,"NA",NA
vorbis-tools,1.4.2-1+b1,vorbis-tools,amd64,vorbis-tools__oggdec,94c032b35249fb1f40e6862469ee4134a67e0e14415a9219017eb0505a58a415,23144,e2e978aa7a0ee22847989bdbd2e423061fa08017,yes,c,5248,"NA",NA
vorbis-tools,1.4.2-1+b1,vorbis-tools,amd64,vorbis-tools__oggenc,d0807003e15af84d15e2d4ae232c00600bfd41824a6e452f7205be67dfc5b22b,77912,0cacd04ec4acacd15fe1b54229fd8c0d26ed55a4,yes,c,34727,"NA",NA
vorbis-tools,1.4.2-1+b1,vorbis-tools,amd64,vorbis-tools__ogginfo,1712f26cf17a8a051557811dd9e51ec103fbadccda74cf1f34faa7bed50c3227,51528,4c93c2d93b6bf066378c2fc7e6173a8ac752bfed,yes,c,22647,"NA",NA
vorbis-tools,1.4.2-1+b1,vorbis-tools,amd64,vorbis-tools__vcut,301e270b8f0872f68e2c239607af80a156f232a8dbe6c78208b371731884b5b2,22768,0b8df3a6a2b2019a2eb42bcc7460ff11e2e59890,yes,c,4946,"NA",NA
vorbis-tools,1.4.2-1+b1,vorbis-tools,amd64,vorbis-tools__vorbiscomment,fbcb2a0081137983f43b88bb4068bd60eb9fd689b67433bb1e255095d305f29f,35128,13472bc491ac7f9079278456c7ba2b1225484ba8,yes,c,13623,"NA",NA
webp,1.2.4-0.2+deb12u1,libwebp,amd64,webp__cwebp,2a9515fa0c09948e84237b460748f79a6de137b2c49e58f2ee2b19dee82838e6,64752,5b3f160a5291a69abed007d89cbb9c3a0952287e,yes,c,28482,"NA",NA
webp,1.2.4-0.2+deb12u1,libwebp,amd64,webp__dwebp,34fc1c9647979395cc577b92402465123e0081709eaf4ac35ebb6fcadb733411,35592,73c21beac94e8ac587430108b97b845c65517aa4,yes,c,12957,"NA",NA
webp,1.2.4-0.2+deb12u1,libwebp,amd64,webp__gif2webp,019ec5cb54f23f0fbf25842738fd61b999aa2885984e02508b5a5071a1203cd0,31576,afcb343594147d0e91ea9ebf3d8eed2f544092a2,yes,c,10317,"NA",NA
webp,1.2.4-0.2+deb12u1,libwebp,amd64,webp__img2webp,b69aff14dbf01e9fb99927221c33a107b1f3e7a169ba96dc5f575657ba56dfa2,48360,b5d8da8e200e4de5b9e7a287f31bb706e5a62611,yes,c,17442,"NA",NA
webp,1.2.4-0.2+deb12u1,libwebp,amd64,webp__vwebp,45824be0060326e9950f65086b88dcfe6640e5bf099220e276eea0983f7a353d,27512,d34b25f0640f21336fe6868a820d96edcf348349,yes,c,6925,"NA",NA
webp,1.2.4-0.2+deb12u1,libwebp,amd64,webp__webpinfo,e0ba2293c646734c55018e9d935d4dd047f2b1e03a6a319a2b4779fcd36d55b8,31272,faa116b4858442cdd2deb5104c3843d953007f59,yes,c,12877,"NA",NA
webp,1.2.4-0.2+deb12u1,libwebp,amd64,webp__webpmux,cc88ab2250abc3fadba52edb0367d157465d317f2e2485c2fa4aa65cbacbe3a1,39632,f832b8e0836aff6b9972b4e1c0c880451eaf298f,yes,c,11741,"NA",NA
wget,1.21.3-1+deb12u1,wget,amd64,wget__wget,460f3fd3732130336237466fd9d3bc7f0c1c49eb6cd09d76dc472e3082d416cc,470384,8090dabe6f15dda67076fed5cb799deca6a06620,yes,c,266375,"NA",NA
whois,5.5.17,whois,amd64,whois__mkpasswd,f7f85a19e354a6d96953210ebdba007620e3a6c1f72d19458508edca1250115d,26936,b557fc03188f529149f10f07a9590dc4f3202bf4,yes,c,3787,"NA",NA
whois,5.5.17,whois,amd64,whois__whois,36dbc43fbbb8f3dcb867d73c481bc4eb07f45cf89a55f30e4af8df49536f8af0,160104,f282f2a968e0af36963e12f336aff288305da2c3,yes,c,16417,"NA",NA
xfsprogs,6.1.0-1,xfsprogs,amd64,xfsprogs__mkfs.xfs,77ead86f3c0f431570766fdb61d5ded960a4d4697d50dc8b66072c39b2953f39,426864,d79f30978571df1fb0ca1b747ad53d44c53d71bb,yes,c,291975,"NA",NA
xfsprogs,6.1.0-1,xfsprogs,amd64,xfsprogs__xfs_copy,7e7351d597ced819a1e5a4078562c11d4a2da74350d2e3d42d4a0ed776a2a8de,89152,82e034994a1fc3602285c1361126dc9d6131196e,yes,c,48013,"NA",NA
xfsprogs,6.1.0-1,xfsprogs,amd64,xfsprogs__xfs_db,5b722e69f4696ccfa4e15204ec0892184ba498e245acaaaa1cca63be37c13873,669024,0817312581032f3476f3da13bac842f3345eb4fd,yes,c,403675,"NA",NA
xfsprogs,6.1.0-1,xfsprogs,amd64,xfsprogs__xfs_estimate,c4e5ef0c02a3c59e05d75b29a4bb379fd84a8380da3e7a04cf3a81583979e0bc,14608,1d2b1797eff8527d8071c6aeb2addd5a4d72a5e3,yes,c,2453,"NA",NA
xfsprogs,6.1.0-1,xfsprogs,amd64,xfsprogs__xfs_fsr,f7bf8e3c300996e49746a37d9b54a4de0adecfed7d337a15b68eb6ae419c1d19,43816,1978f4fd52461c9ad7520b94b094ca1a307c525c,yes,c,19442,"NA",NA
xfsprogs,6.1.0-1,xfsprogs,amd64,xfsprogs__xfs_growfs,81aac9db97adf7fbf5b45b62e82606c122457d153cc75f88e3c9ddfad85d8969,39632,6f65a8ea77e59424554a5864e2f059f0ca90398e,yes,c,15683,"NA",NA
xfsprogs,6.1.0-1,xfsprogs,amd64,xfsprogs__xfs_io,3c8d42cee6e4cba732bd0253ac2e7c720e1258d7e36c5b56c85e3497342921b1,197144,93ae0111cb4fa5cad9e178415a1b30b2cb147ae2,yes,c,93190,"NA",NA
xfsprogs,6.1.0-1,xfsprogs,amd64,xfsprogs__xfs_logprint,67cfe03a316cdcd5a83e96ea3d969979ca72723f3477862c2d9b7c271edf904a,80688,70b246167895679d5be2cdd64597d31b238a1d84,yes,c,44339,"NA",NA
xfsprogs,6.1.0-1,xfsprogs,amd64,xfsprogs__xfs_mdrestore,ee30c75302ed448e94642434395edba643f6fca9c856787f4b9b5520431bafda,27056,147741aa65b146e0c658ecc2d4db55cf0094e77b,yes,c,5225,"NA",NA
xfsprogs,6.1.0-1,xfsprogs,amd64,xfsprogs__xfs_quota,476eeeacf28f4363a5cdc006812bfad51e6641566b6a5bd6725edc1e6c599f6d,88840,5763c636a369a9034fca52348d1f3516672bdeaa,yes,c,47347,"NA",NA
xfsprogs,6.1.0-1,xfsprogs,amd64,xfsprogs__xfs_repair,548891d72de88ea029c945130be6f3b97c1f8729bd5d6687db5b56d8352bf5ca,635144,c59f0d2696f11eecc5e9eac81b2b776866207669,yes,c,464515,"NA",NA
xfsprogs,6.1.0-1,xfsprogs,amd64,xfsprogs__xfs_rtcp,78abd9106deba096852b6896c796b8b6970d880d0e5ccf0213ae320057404de6,14688,131e8e6f71ef5aafc1eb24b731b7ddd0002701b8,yes,c,3321,"NA",NA
xfsprogs,6.1.0-1,xfsprogs,amd64,xfsprogs__xfs_scrub,b0ffbe0b2435a4a8be5da1ca51755969b367f0474cfd848aefbbe8acd0e33851,105632,a3d8458463d4d10e5e864a32252f8845abfc1f16,yes,c,61996,"NA",NA
xfsprogs,6.1.0-1,xfsprogs,amd64,xfsprogs__xfs_spaceman,193d44d1fd65c4138d9f13be6cdff5918396757a2009d1d9a11060db9c506b49,43736,03e10672f43d3ce60d3b6a7ae5f7e4e263498341,yes,c,16810,"NA",NA
xml-rs,0.8.3-1+b5,rust-xml-rs,amd64,xml-rs__xml-analyze,1e38ce033c503a7332b3e1b623644e89a0f932f8b1ffa8b97239d4b9cab149f8,473584,ea0953a4555f0b7113625d2ec0a0727ba0464116,yes,rust,331457,"NA",NA
xz-utils,5.4.1-1+deb12u1,xz-utils,amd64,xz-utils__lzmainfo,c923c1913fd6541f415ffb2b567ef1861ac661916abab0a6a15f4b4e7ce17893,14648,2f7b8b7fa23151ece2a59951b5815f703cfceff0,yes,c,1779,"NA",NA
xz-utils,5.4.1-1+deb12u1,xz-utils,amd64,xz-utils__xz,57a4229aa1c6d96fc0450f4eb75791fb3f47e1abec4cee1efe0e1ab9ac8801aa,84680,ba530377732bcf4f80c76555f44a20b1d015e747,yes,c,40382,"NA",NA
yaegi,0.14.3-1+b2,golang-github-traefik-yaegi,amd64,yaegi__yaegi,0e58f8ebc4f62a518fa8af2013ca40c3c72b3f930805ce62885a3cb0b91e3e20,18436872,1e30d1674609974df6cc6a451b997d746792484d,yes,go,9605267,"NA",NA
yasm,1.3.0-4,yasm,amd64,yasm__yasm,56819f87a94c848923ad3182f9469cfad6ce96636dd1242dd713a74509897413,904328,d985d193a18f721b56d0c460f1ea768e04fda703,yes,c,375075,"NA",NA
yasm,1.3.0-4,yasm,amd64,yasm__ytasm,e062b97ad51f4ef746f7b540a7a5094e74f413859b197d5aa10096ad14924fdd,900040,49f8e42a6cc8067be2799979ebfc91da774db754,yes,c,370435,"NA",NA
ykls,1.3.4-2+b11,golang-pault-go-ykpiv,amd64,ykls__ykls,e05a7f3292e628176895fa95480556a9c5c60a20ba8413333945c29bfb81a3c3,2192032,eabe0f96fc9a3fc8b20d3b565adc0d49cfcfca73,yes,go,1033094,"NA",NA
z3,4.8.12-3.1,z3,amd64,z3__z3,5def71f04f8df16e633c084f611a7cd9fbe633cd87d5016e980ee18949e769b5,23307720,f4f2aae573a3ca34c2529966ec6fde032d011b0e,yes,cxx,19045068,"NA",NA
zip,3.0-13,zip,amd64,zip__zip,f718b59a4b1a647d2a9ce52fdec4011b626f581d5fd34ba598aae333611600ce,217360,9e6ebc46094a61a8a7fdbaf671ddc4fc841506a4,yes,c,114514,"NA",NA
zip,3.0-13,zip,amd64,zip__zipcloak,9e31b23fa40cb126cb88b1b7fae273c42b6c539996a35c86925b0d0bd23f75b1,94696,5f8e0ef0f4bb463b05559dc68d708bd88e345ff3,yes,c,50458,"NA",NA
zip,3.0-13,zip,amd64,zip__zipnote,dd5ff893dc79773c19108f9d66701c6eb792c023abd9799b8c4e60921d8f59e2,86176,a84dad8db578644dd4cd28a845f8a1939ce68e77,yes,c,48107,"NA",NA
zip,3.0-13,zip,amd64,zip__zipsplit,8cb878fe3c3459ca592b26147bd5ec5dd9300184a872bc67e81f9e9c69f403d2,90304,e81a97cd7224ae0a27036422864789e82463d654,yes,c,50091,"NA",NA
zoxide,0.4.3-5+b2,rust-zoxide,amd64,zoxide__zoxide,1f8152894714c72c1f498d2b55e49e018359c730db1ea487d196d9741e43e9dd,993808,9e45b07f11041dab4a82f10a76de708748801b95,yes,rust,702848,"NA",NA
zsh,5.9-4+b15,zsh,amd64,zsh__zsh,c474c2fda01aa9e4482f2d9baadc7b81cbf62f516b30c03078dbc74c514d820b,865768,ff291741c7ef5bfd27d5b61d166f16cfd8268796,yes,c,624855,"NA",NA
zstd,1.5.4+dfsg2-5,libzstd,amd64,zstd__pzstd,c1f67a7c41ba672877ab5bdfb0b295a46291d53ba2294866c3303bde835ae664,760200,dd0390b926b5e5e4f1a9583417c4c1804017f4e8,yes,cxx,657842,"NA",NA
zstd,1.5.4+dfsg2-5,libzstd,amd64,zstd__zstd,cee5aaa2d86c0bf168fc57b759439f5900f2a3b55a9250271c473a7b08e3d3e3,1276544,ecae2eca63b6861fdf62bf58486c6b87f190dd41,yes,c,1027392,"NA",NA
